istaigos_kodas;gydytojo_ID;laisvos_registracijos_data;iraso_sukurimo_data
124244035;8636;2026-10-12 08:15;2026-10-10 03:00
124244035;8636;2026-10-12 08:30;2026-10-10 03:00
124244035;8636;2026-10-12 08:45;2026-10-10 03:00
124244035;8636;2026-10-12 09:00;2026-10-10 03:00
124244035;8636;2026-10-12 09:15;2026-10-10 03:00
124244035;8636;2026-10-12 13:15;2026-10-10 03:00
124244035;8636;2026-10-13 14:30;2026-10-10 03:00
124244035;8636;2026-10-13 16:00;2026-10-10 03:00
124244035;8636;2026-10-13 16:15;2026-10-10 03:00
124244035;8636;2026-10-13 19:45;2026-10-10 03:00
124244035;8636;2026-10-14 09:30;2026-10-10 03:00
124244035;8636;2026-10-14 09:45;2026-10-10 03:00
124244035;8636;2026-10-14 10:00;2026-10-10 03:00
124244035;8636;2026-10-14 10:15;2026-10-10 03:00
124244035;8636;2026-10-14 13:15;2026-10-10 03:00
124244035;8636;2026-10-15 14:30;2026-10-10 03:00
124244035;8636;2026-10-15 16:00;2026-10-10 03:00
124244035;8636;2026-10-15 16:15;2026-10-10 03:00
124244035;8636;2026-10-15 19:45;2026-10-10 03:00
124244035;8636;2026-10-16 08:30;2026-10-10 03:00
124244035;8636;2026-10-16 09:30;2026-10-10 03:00
124244035;8636;2026-10-16 09:45;2026-10-10 03:00
124244035;8636;2026-10-16 13:15;2026-10-10 03:00
124244035;8636;2026-10-19 16:00;2026-10-10 03:00
124244035;8636;2026-10-19 16:15;2026-10-10 03:00
124244035;8636;2026-10-19 16:30;2026-10-10 03:00
124244035;8636;2026-10-19 16:45;2026-10-10 03:00
124244035;8636;2026-10-19 19:30;2026-10-10 03:00
124244035;8636;2026-10-19 19:45;2026-10-10 03:00
124244035;8636;2026-10-20 08:45;2026-10-10 03:00
124244035;8636;2026-10-20 09:15;2026-10-10 03:00
124244035;8636;2026-10-20 09:30;2026-10-10 03:00
124244035;8636;2026-10-20 10:00;2026-10-10 03:00
124244035;8636;2026-10-20 10:15;2026-10-10 03:00
124244035;8636;2026-10-20 13:15;2026-10-10 03:00
124244035;8636;2026-10-21 14:15;2026-10-10 03:00
124244035;8636;2026-10-21 14:30;2026-10-10 03:00
124244035;8636;2026-10-21 15:00;2026-10-10 03:00
124244035;8636;2026-10-21 16:00;2026-10-10 03:00
124244035;8636;2026-10-21 16:15;2026-10-10 03:00
124244035;8636;2026-10-21 19:45;2026-10-10 03:00
124244035;8636;2026-10-22 07:00;2026-10-10 03:00
124244035;8636;2026-10-22 07:15;2026-10-10 03:00
124244035;8636;2026-10-22 07:30;2026-10-10 03:00
124244035;8636;2026-10-22 08:30;2026-10-10 03:00
124244035;8636;2026-10-22 09:00;2026-10-10 03:00
124244035;8636;2026-10-22 09:15;2026-10-10 03:00
124244035;8636;2026-10-22 09:30;2026-10-10 03:00
124244035;8636;2026-10-22 09:45;2026-10-10 03:00
124244035;8636;2026-10-22 10:00;2026-10-10 03:00
124244035;8636;2026-10-22 10:15;2026-10-10 03:00
124244035;8636;2026-10-22 11:45;2026-10-10 03:00
124244035;8636;2026-10-22 12:00;2026-10-10 03:00
124244035;8636;2026-10-22 13:15;2026-10-10 03:00
124244035;8636;2026-10-23 14:00;2026-10-10 03:00
124244035;8636;2026-10-23 14:15;2026-10-10 03:00
124244035;8636;2026-10-23 14:30;2026-10-10 03:00
124244035;8636;2026-10-23 14:45;2026-10-10 03:00
124244035;8636;2026-10-23 17:15;2026-10-10 03:00
124244035;8636;2026-10-23 17:45;2026-10-10 03:00
124244035;8636;2026-10-23 18:00;2026-10-10 03:00
124244035;8636;2026-10-23 19:45;2026-10-10 03:00
124244035;8636;2026-10-26 07:00;2026-10-10 03:00
124244035;8636;2026-10-26 07:15;2026-10-10 03:00
124244035;8636;2026-10-26 07:30;2026-10-10 03:00
124244035;8636;2026-10-26 07:45;2026-10-10 03:00
124244035;8636;2026-10-26 08:00;2026-10-10 03:00
124244035;8636;2026-10-26 08:15;2026-10-10 03:00
124244035;8636;2026-10-26 08:30;2026-10-10 03:00
124244035;8636;2026-10-26 08:45;2026-10-10 03:00
124244035;8636;2026-10-26 09:00;2026-10-10 03:00
124244035;8636;2026-10-26 09:15;2026-10-10 03:00
124244035;8636;2026-10-26 13:00;2026-10-10 03:00
124244035;8636;2026-10-26 13:15;2026-10-10 03:00
124244035;8636;2026-10-27 13:30;2026-10-10 03:00
124244035;8636;2026-10-27 13:45;2026-10-10 03:00
124244035;8636;2026-10-27 14:00;2026-10-10 03:00
124244035;8636;2026-10-27 14:15;2026-10-10 03:00
124244035;8636;2026-10-27 14:30;2026-10-10 03:00
124244035;8636;2026-10-27 14:45;2026-10-10 03:00
124244035;8636;2026-10-27 15:15;2026-10-10 03:00
124244035;8636;2026-10-27 16:00;2026-10-10 03:00
124244035;8636;2026-10-27 16:15;2026-10-10 03:00
124244035;8636;2026-10-27 17:00;2026-10-10 03:00
124244035;8636;2026-10-27 17:15;2026-10-10 03:00
124244035;8636;2026-10-27 17:30;2026-10-10 03:00
124244035;8636;2026-10-27 17:45;2026-10-10 03:00
124244035;8636;2026-10-27 18:15;2026-10-10 03:00
124244035;8636;2026-10-27 18:30;2026-10-10 03:00
124244035;8636;2026-10-27 19:45;2026-10-10 03:00
124244035;8636;2026-10-28 07:00;2026-10-10 03:00
124244035;8636;2026-10-28 07:15;2026-10-10 03:00
124244035;8636;2026-10-28 07:30;2026-10-10 03:00
124244035;8636;2026-10-28 07:45;2026-10-10 03:00
124244035;8636;2026-10-28 08:15;2026-10-10 03:00
124244035;8636;2026-10-28 08:30;2026-10-10 03:00
124244035;8636;2026-10-28 08:45;2026-10-10 03:00
124244035;8636;2026-10-28 09:00;2026-10-10 03:00
124244035;8636;2026-10-28 09:15;2026-10-10 03:00
124244035;8636;2026-10-28 09:30;2026-10-10 03:00
124244035;8636;2026-10-28 09:45;2026-10-10 03:00
124244035;8636;2026-10-28 10:00;2026-10-10 03:00
124244035;8636;2026-10-28 10:15;2026-10-10 03:00
124244035;8636;2026-10-28 11:30;2026-10-10 03:00
124244035;8636;2026-10-28 11:45;2026-10-10 03:00
124244035;8636;2026-10-28 12:00;2026-10-10 03:00
124244035;8636;2026-10-28 13:15;2026-10-10 03:00
124244035;8636;2026-10-29 14:15;2026-10-10 03:00
124244035;8636;2026-10-29 14:30;2026-10-10 03:00
124244035;8636;2026-10-29 14:45;2026-10-10 03:00
124244035;8636;2026-10-29 15:15;2026-10-10 03:00
124244035;8636;2026-10-29 16:00;2026-10-10 03:00
124244035;8636;2026-10-29 16:15;2026-10-10 03:00
124244035;8636;2026-10-29 17:15;2026-10-10 03:00
124244035;8636;2026-10-29 17:30;2026-10-10 03:00
124244035;8636;2026-10-29 17:45;2026-10-10 03:00
124244035;8636;2026-10-29 18:15;2026-10-10 03:00
124244035;8636;2026-10-29 18:30;2026-10-10 03:00
124244035;8636;2026-10-29 19:45;2026-10-10 03:00
124244035;8636;2026-10-30 07:00;2026-10-10 03:00
124244035;8636;2026-10-30 07:15;2026-10-10 03:00
124244035;8636;2026-10-30 07:45;2026-10-10 03:00
124244035;8636;2026-10-30 08:00;2026-10-10 03:00
124244035;8636;2026-10-30 08:15;2026-10-10 03:00
124244035;8636;2026-10-30 08:30;2026-10-10 03:00
124244035;8636;2026-10-30 09:30;2026-10-10 03:00
124244035;8636;2026-10-30 09:45;2026-10-10 03:00
124244035;8636;2026-10-30 13:15;2026-10-10 03:00
124244035;8636;2026-11-03 13:45;2026-10-10 03:00
124244035;8636;2026-11-03 14:15;2026-10-10 03:00
124244035;8636;2026-11-03 14:30;2026-10-10 03:00
124244035;8636;2026-11-03 14:45;2026-10-10 03:00
124244035;8636;2026-11-03 15:00;2026-10-10 03:00
124244035;8636;2026-11-03 15:15;2026-10-10 03:00
124244035;8636;2026-11-03 16:00;2026-10-10 03:00
124244035;8636;2026-11-03 16:15;2026-10-10 03:00
124244035;8636;2026-11-03 17:00;2026-10-10 03:00
124244035;8636;2026-11-03 17:15;2026-10-10 03:00
124244035;8636;2026-11-03 17:30;2026-10-10 03:00
124244035;8636;2026-11-03 17:45;2026-10-10 03:00
124244035;8636;2026-11-03 18:00;2026-10-10 03:00
124244035;8636;2026-11-03 18:15;2026-10-10 03:00
124244035;8636;2026-11-03 18:30;2026-10-10 03:00
124244035;8636;2026-11-03 19:45;2026-10-10 03:00
124244035;8636;2026-11-04 07:00;2026-10-10 03:00
124244035;8636;2026-11-04 07:30;2026-10-10 03:00
124244035;8636;2026-11-04 07:45;2026-10-10 03:00
124244035;8636;2026-11-04 08:00;2026-10-10 03:00
124244035;8636;2026-11-04 08:15;2026-10-10 03:00
124244035;8636;2026-11-04 08:30;2026-10-10 03:00
124244035;8636;2026-11-04 08:45;2026-10-10 03:00
124244035;8636;2026-11-04 09:00;2026-10-10 03:00
124244035;8636;2026-11-04 09:30;2026-10-10 03:00
124244035;8636;2026-11-04 09:45;2026-10-10 03:00
124244035;8636;2026-11-04 10:00;2026-10-10 03:00
124244035;8636;2026-11-04 10:15;2026-10-10 03:00
124244035;8636;2026-11-04 11:30;2026-10-10 03:00
124244035;8636;2026-11-04 11:45;2026-10-10 03:00
124244035;8636;2026-11-04 13:15;2026-10-10 03:00
124244035;8636;2026-11-05 13:30;2026-10-10 03:00
124244035;8636;2026-11-05 14:00;2026-10-10 03:00
124244035;8636;2026-11-05 14:15;2026-10-10 03:00
124244035;8636;2026-11-05 14:30;2026-10-10 03:00
124244035;8636;2026-11-05 15:15;2026-10-10 03:00
124244035;8636;2026-11-05 16:00;2026-10-10 03:00
124244035;8636;2026-11-05 16:15;2026-10-10 03:00
124244035;8636;2026-11-05 17:15;2026-10-10 03:00
124244035;8636;2026-11-05 17:45;2026-10-10 03:00
124244035;8636;2026-11-05 18:00;2026-10-10 03:00
124244035;8636;2026-11-05 18:15;2026-10-10 03:00
124244035;8636;2026-11-05 18:30;2026-10-10 03:00
124244035;8636;2026-11-05 19:45;2026-10-10 03:00
124244035;8636;2026-11-06 07:00;2026-10-10 03:00
124244035;8636;2026-11-06 07:15;2026-10-10 03:00
124244035;8636;2026-11-06 07:30;2026-10-10 03:00
124244035;8636;2026-11-06 07:45;2026-10-10 03:00
124244035;8636;2026-11-06 08:00;2026-10-10 03:00
124244035;8636;2026-11-06 08:15;2026-10-10 03:00
124244035;8636;2026-11-06 08:45;2026-10-10 03:00
124244035;8636;2026-11-06 09:00;2026-10-10 03:00
124244035;8636;2026-11-06 09:15;2026-10-10 03:00
124244035;8636;2026-11-06 09:30;2026-10-10 03:00
124244035;8636;2026-11-06 09:45;2026-10-10 03:00
124244035;8636;2026-11-06 11:45;2026-10-10 03:00
124244035;8636;2026-11-06 13:15;2026-10-10 03:00
124244035;8636;2026-11-09 13:30;2026-10-10 03:00
124244035;8636;2026-11-09 13:45;2026-10-10 03:00
124244035;8636;2026-11-09 14:15;2026-10-10 03:00
124244035;8636;2026-11-09 16:00;2026-10-10 03:00
124244035;8636;2026-11-09 16:15;2026-10-10 03:00
124244035;8636;2026-11-09 16:30;2026-10-10 03:00
124244035;8636;2026-11-09 16:45;2026-10-10 03:00
124244035;8636;2026-11-09 19:30;2026-10-10 03:00
124244035;8636;2026-11-09 19:45;2026-10-10 03:00
124244035;8636;2026-11-10 07:00;2026-10-10 03:00
124244035;8636;2026-11-10 07:15;2026-10-10 03:00
124244035;8636;2026-11-10 07:30;2026-10-10 03:00
124244035;8636;2026-11-10 07:45;2026-10-10 03:00
124244035;8636;2026-11-10 08:00;2026-10-10 03:00
124244035;8636;2026-11-10 08:15;2026-10-10 03:00
124244035;8636;2026-11-10 08:30;2026-10-10 03:00
124244035;8636;2026-11-10 08:45;2026-10-10 03:00
124244035;8636;2026-11-10 09:30;2026-10-10 03:00
124244035;8636;2026-11-10 09:45;2026-10-10 03:00
124244035;8636;2026-11-10 10:00;2026-10-10 03:00
124244035;8636;2026-11-10 10:15;2026-10-10 03:00
124244035;8636;2026-11-10 11:30;2026-10-10 03:00
124244035;8636;2026-11-10 13:15;2026-10-10 03:00
124244035;8466;2026-10-12 16:00;2026-10-10 03:00
124244035;8466;2026-10-12 16:15;2026-10-10 03:00
124244035;8466;2026-10-12 16:30;2026-10-10 03:00
124244035;8466;2026-10-12 16:45;2026-10-10 03:00
124244035;8466;2026-10-13 09:30;2026-10-10 03:00
124244035;8466;2026-10-13 10:00;2026-10-10 03:00
124244035;8466;2026-10-13 10:15;2026-10-10 03:00
124244035;8466;2026-10-14 13:30;2026-10-10 03:00
124244035;8466;2026-10-14 16:00;2026-10-10 03:00
124244035;8466;2026-10-14 16:15;2026-10-10 03:00
124244035;8466;2026-10-15 10:00;2026-10-10 03:00
124244035;8466;2026-10-15 10:15;2026-10-10 03:00
124244035;8466;2026-10-19 08:30;2026-10-10 03:00
124244035;8466;2026-10-19 08:45;2026-10-10 03:00
124244035;8466;2026-10-19 09:15;2026-10-10 03:00
124244035;8466;2026-10-19 13:15;2026-10-10 03:00
124244035;8466;2026-10-20 13:30;2026-10-10 03:00
124244035;8466;2026-10-20 14:30;2026-10-10 03:00
124244035;8466;2026-10-20 15:00;2026-10-10 03:00
124244035;8466;2026-10-20 15:15;2026-10-10 03:00
124244035;8466;2026-10-20 16:00;2026-10-10 03:00
124244035;8466;2026-10-20 16:15;2026-10-10 03:00
124244035;8466;2026-10-20 18:15;2026-10-10 03:00
124244035;8466;2026-10-20 19:45;2026-10-10 03:00
124244035;8466;2026-10-21 07:15;2026-10-10 03:00
124244035;8466;2026-10-21 07:30;2026-10-10 03:00
124244035;8466;2026-10-21 07:45;2026-10-10 03:00
124244035;8466;2026-10-21 08:30;2026-10-10 03:00
124244035;8466;2026-10-21 08:45;2026-10-10 03:00
124244035;8466;2026-10-21 09:00;2026-10-10 03:00
124244035;8466;2026-10-21 09:15;2026-10-10 03:00
124244035;8466;2026-10-21 09:30;2026-10-10 03:00
124244035;8466;2026-10-21 09:45;2026-10-10 03:00
124244035;8466;2026-10-21 10:00;2026-10-10 03:00
124244035;8466;2026-10-21 10:15;2026-10-10 03:00
124244035;8466;2026-10-21 13:15;2026-10-10 03:00
124244035;8466;2026-10-22 13:30;2026-10-10 03:00
124244035;8466;2026-10-22 14:00;2026-10-10 03:00
124244035;8466;2026-10-22 14:15;2026-10-10 03:00
124244035;8466;2026-10-22 14:30;2026-10-10 03:00
124244035;8466;2026-10-22 15:15;2026-10-10 03:00
124244035;8466;2026-10-22 16:00;2026-10-10 03:00
124244035;8466;2026-10-22 16:15;2026-10-10 03:00
124244035;8466;2026-10-22 18:00;2026-10-10 03:00
124244035;8466;2026-10-22 18:15;2026-10-10 03:00
124244035;8466;2026-10-22 18:30;2026-10-10 03:00
124244035;8466;2026-10-22 19:45;2026-10-10 03:00
124244035;8466;2026-10-23 07:00;2026-10-10 03:00
124244035;8466;2026-10-23 07:15;2026-10-10 03:00
124244035;8466;2026-10-23 07:30;2026-10-10 03:00
124244035;8466;2026-10-23 07:45;2026-10-10 03:00
124244035;8466;2026-10-23 08:00;2026-10-10 03:00
124244035;8466;2026-10-23 08:15;2026-10-10 03:00
124244035;8466;2026-10-23 08:30;2026-10-10 03:00
124244035;8466;2026-10-23 08:45;2026-10-10 03:00
124244035;8466;2026-10-23 09:45;2026-10-10 03:00
124244035;8466;2026-10-23 12:00;2026-10-10 03:00
124244035;8466;2026-10-23 13:15;2026-10-10 03:00
124244035;8466;2026-10-26 13:45;2026-10-10 03:00
124244035;8466;2026-10-26 14:00;2026-10-10 03:00
124244035;8466;2026-10-26 14:15;2026-10-10 03:00
124244035;8466;2026-10-26 16:00;2026-10-10 03:00
124244035;8466;2026-10-26 16:15;2026-10-10 03:00
124244035;8466;2026-10-26 16:30;2026-10-10 03:00
124244035;8466;2026-10-26 16:45;2026-10-10 03:00
124244035;8466;2026-10-26 19:30;2026-10-10 03:00
124244035;8466;2026-10-26 19:45;2026-10-10 03:00
124244035;8466;2026-10-27 07:00;2026-10-10 03:00
124244035;8466;2026-10-27 07:15;2026-10-10 03:00
124244035;8466;2026-10-27 07:30;2026-10-10 03:00
124244035;8466;2026-10-27 08:00;2026-10-10 03:00
124244035;8466;2026-10-27 08:15;2026-10-10 03:00
124244035;8466;2026-10-27 08:30;2026-10-10 03:00
124244035;8466;2026-10-27 08:45;2026-10-10 03:00
124244035;8466;2026-10-27 09:00;2026-10-10 03:00
124244035;8466;2026-10-27 09:15;2026-10-10 03:00
124244035;8466;2026-10-27 09:30;2026-10-10 03:00
124244035;8466;2026-10-27 10:00;2026-10-10 03:00
124244035;8466;2026-10-27 10:15;2026-10-10 03:00
124244035;8466;2026-10-27 11:45;2026-10-10 03:00
124244035;8466;2026-10-27 12:00;2026-10-10 03:00
124244035;8466;2026-10-27 13:15;2026-10-10 03:00
124244035;8466;2026-10-28 13:30;2026-10-10 03:00
124244035;8466;2026-10-28 14:30;2026-10-10 03:00
124244035;8466;2026-10-28 14:45;2026-10-10 03:00
124244035;8466;2026-10-28 16:00;2026-10-10 03:00
124244035;8466;2026-10-28 16:15;2026-10-10 03:00
124244035;8466;2026-10-28 17:30;2026-10-10 03:00
124244035;8466;2026-10-28 17:45;2026-10-10 03:00
124244035;8466;2026-10-28 18:00;2026-10-10 03:00
124244035;8466;2026-10-28 18:15;2026-10-10 03:00
124244035;8466;2026-10-28 18:30;2026-10-10 03:00
124244035;8466;2026-10-28 19:45;2026-10-10 03:00
124244035;8466;2026-10-29 07:00;2026-10-10 03:00
124244035;8466;2026-10-29 07:15;2026-10-10 03:00
124244035;8466;2026-10-29 07:30;2026-10-10 03:00
124244035;8466;2026-10-29 07:45;2026-10-10 03:00
124244035;8466;2026-10-29 08:00;2026-10-10 03:00
124244035;8466;2026-10-29 08:15;2026-10-10 03:00
124244035;8466;2026-10-29 08:30;2026-10-10 03:00
124244035;8466;2026-10-29 08:45;2026-10-10 03:00
124244035;8466;2026-10-29 09:00;2026-10-10 03:00
124244035;8466;2026-10-29 09:15;2026-10-10 03:00
124244035;8466;2026-10-29 09:30;2026-10-10 03:00
124244035;8466;2026-10-29 09:45;2026-10-10 03:00
124244035;8466;2026-10-29 10:00;2026-10-10 03:00
124244035;8466;2026-10-29 10:15;2026-10-10 03:00
124244035;8466;2026-10-29 11:45;2026-10-10 03:00
124244035;8466;2026-10-29 12:00;2026-10-10 03:00
124244035;8466;2026-10-29 13:15;2026-10-10 03:00
124244035;8466;2026-10-30 13:30;2026-10-10 03:00
124244035;8466;2026-10-30 13:45;2026-10-10 03:00
124244035;8466;2026-10-30 14:00;2026-10-10 03:00
124244035;8466;2026-10-30 14:15;2026-10-10 03:00
124244035;8466;2026-10-30 14:30;2026-10-10 03:00
124244035;8466;2026-10-30 15:00;2026-10-10 03:00
124244035;8466;2026-10-30 17:15;2026-10-10 03:00
124244035;8466;2026-10-30 17:30;2026-10-10 03:00
124244035;8466;2026-10-30 17:45;2026-10-10 03:00
124244035;8466;2026-10-30 18:00;2026-10-10 03:00
124244035;8466;2026-10-30 18:15;2026-10-10 03:00
124244035;8466;2026-10-30 18:30;2026-10-10 03:00
124244035;8466;2026-10-30 19:45;2026-10-10 03:00
124244035;8466;2026-11-03 07:00;2026-10-10 03:00
124244035;8466;2026-11-03 07:15;2026-10-10 03:00
124244035;8466;2026-11-03 07:30;2026-10-10 03:00
124244035;8466;2026-11-03 07:45;2026-10-10 03:00
124244035;8466;2026-11-03 08:00;2026-10-10 03:00
124244035;8466;2026-11-03 08:15;2026-10-10 03:00
124244035;8466;2026-11-03 08:30;2026-10-10 03:00
124244035;8466;2026-11-03 08:45;2026-10-10 03:00
124244035;8466;2026-11-03 09:00;2026-10-10 03:00
124244035;8466;2026-11-03 09:30;2026-10-10 03:00
124244035;8466;2026-11-03 09:45;2026-10-10 03:00
124244035;8466;2026-11-03 10:00;2026-10-10 03:00
124244035;8466;2026-11-03 10:15;2026-10-10 03:00
124244035;8466;2026-11-03 11:30;2026-10-10 03:00
124244035;8466;2026-11-03 11:45;2026-10-10 03:00
124244035;8466;2026-11-03 12:00;2026-10-10 03:00
124244035;8466;2026-11-03 13:15;2026-10-10 03:00
124244035;8466;2026-11-04 13:30;2026-10-10 03:00
124244035;8466;2026-11-04 14:00;2026-10-10 03:00
124244035;8466;2026-11-04 14:15;2026-10-10 03:00
124244035;8466;2026-11-04 14:30;2026-10-10 03:00
124244035;8466;2026-11-04 14:45;2026-10-10 03:00
124244035;8466;2026-11-04 15:00;2026-10-10 03:00
124244035;8466;2026-11-04 15:15;2026-10-10 03:00
124244035;8466;2026-11-04 16:00;2026-10-10 03:00
124244035;8466;2026-11-04 16:15;2026-10-10 03:00
124244035;8466;2026-11-04 17:00;2026-10-10 03:00
124244035;8466;2026-11-04 17:15;2026-10-10 03:00
124244035;8466;2026-11-04 17:30;2026-10-10 03:00
124244035;8466;2026-11-04 17:45;2026-10-10 03:00
124244035;8466;2026-11-04 18:00;2026-10-10 03:00
124244035;8466;2026-11-04 18:15;2026-10-10 03:00
124244035;8466;2026-11-04 18:30;2026-10-10 03:00
124244035;8466;2026-11-04 19:45;2026-10-10 03:00
124244035;8466;2026-11-05 07:00;2026-10-10 03:00
124244035;8466;2026-11-05 07:15;2026-10-10 03:00
124244035;8466;2026-11-05 07:30;2026-10-10 03:00
124244035;8466;2026-11-05 07:45;2026-10-10 03:00
124244035;8466;2026-11-05 08:00;2026-10-10 03:00
124244035;8466;2026-11-05 08:15;2026-10-10 03:00
124244035;8466;2026-11-05 08:30;2026-10-10 03:00
124244035;8466;2026-11-05 08:45;2026-10-10 03:00
124244035;8466;2026-11-05 09:00;2026-10-10 03:00
124244035;8466;2026-11-05 09:30;2026-10-10 03:00
124244035;8466;2026-11-05 09:45;2026-10-10 03:00
124244035;8466;2026-11-05 10:00;2026-10-10 03:00
124244035;8466;2026-11-05 10:15;2026-10-10 03:00
124244035;8466;2026-11-05 11:30;2026-10-10 03:00
124244035;8466;2026-11-05 11:45;2026-10-10 03:00
124244035;8466;2026-11-05 12:00;2026-10-10 03:00
124244035;8466;2026-11-05 13:15;2026-10-10 03:00
124244035;8466;2026-11-06 13:30;2026-10-10 03:00
124244035;8466;2026-11-06 14:30;2026-10-10 03:00
124244035;8466;2026-11-06 15:00;2026-10-10 03:00
124244035;8466;2026-11-06 17:00;2026-10-10 03:00
124244035;8466;2026-11-06 17:15;2026-10-10 03:00
124244035;8466;2026-11-06 17:30;2026-10-10 03:00
124244035;8466;2026-11-06 18:00;2026-10-10 03:00
124244035;8466;2026-11-06 18:15;2026-10-10 03:00
124244035;8466;2026-11-06 18:30;2026-10-10 03:00
124244035;8466;2026-11-06 19:45;2026-10-10 03:00
124244035;8466;2026-11-09 07:00;2026-10-10 03:00
124244035;8466;2026-11-09 07:15;2026-10-10 03:00
124244035;8466;2026-11-09 07:30;2026-10-10 03:00
124244035;8466;2026-11-09 07:45;2026-10-10 03:00
124244035;8466;2026-11-09 08:00;2026-10-10 03:00
124244035;8466;2026-11-09 08:15;2026-10-10 03:00
124244035;8466;2026-11-09 08:30;2026-10-10 03:00
124244035;8466;2026-11-09 08:45;2026-10-10 03:00
124244035;8466;2026-11-09 09:00;2026-10-10 03:00
124244035;8466;2026-11-09 09:15;2026-10-10 03:00
124244035;8466;2026-11-09 13:00;2026-10-10 03:00
124244035;8466;2026-11-09 13:15;2026-10-10 03:00
124244035;8466;2026-11-10 13:30;2026-10-10 03:00
124244035;8466;2026-11-10 14:30;2026-10-10 03:00
124244035;8466;2026-11-10 14:45;2026-10-10 03:00
124244035;8466;2026-11-10 15:00;2026-10-10 03:00
124244035;8466;2026-11-10 15:15;2026-10-10 03:00
124244035;8466;2026-11-10 16:15;2026-10-10 03:00
124244035;8466;2026-11-10 17:00;2026-10-10 03:00
124244035;8466;2026-11-10 17:15;2026-10-10 03:00
124244035;8466;2026-11-10 17:30;2026-10-10 03:00
124244035;8466;2026-11-10 17:45;2026-10-10 03:00
124244035;8466;2026-11-10 18:00;2026-10-10 03:00
124244035;8466;2026-11-10 18:15;2026-10-10 03:00
124244035;8466;2026-11-10 19:45;2026-10-10 03:00
124244035;5579;2026-10-12 09:00;2026-10-10 03:00
124244035;5579;2026-10-12 09:15;2026-10-10 03:00
124244035;5579;2026-10-13 16:00;2026-10-10 03:00
124244035;5579;2026-10-13 16:15;2026-10-10 03:00
124244035;5579;2026-10-14 08:45;2026-10-10 03:00
124244035;5579;2026-10-14 09:30;2026-10-10 03:00
124244035;5579;2026-10-14 10:00;2026-10-10 03:00
124244035;5579;2026-10-14 10:15;2026-10-10 03:00
124244035;5579;2026-10-15 14:15;2026-10-10 03:00
124244035;5579;2026-10-15 16:00;2026-10-10 03:00
124244035;5579;2026-10-15 16:15;2026-10-10 03:00
124244035;5579;2026-10-29 16:00;2026-10-10 03:00
124244035;5579;2026-10-29 16:15;2026-10-10 03:00
124244035;5579;2026-10-30 09:30;2026-10-10 03:00
124244035;5579;2026-11-03 14:15;2026-10-10 03:00
124244035;5579;2026-11-03 16:00;2026-10-10 03:00
124244035;5579;2026-11-03 16:15;2026-10-10 03:00
124244035;5579;2026-11-04 08:45;2026-10-10 03:00
124244035;5579;2026-11-04 09:30;2026-10-10 03:00
124244035;5579;2026-11-04 10:00;2026-10-10 03:00
124244035;5579;2026-11-04 10:15;2026-10-10 03:00
124244035;5579;2026-11-04 13:15;2026-10-10 03:00
124244035;5579;2026-11-05 13:30;2026-10-10 03:00
124244035;5579;2026-11-05 13:45;2026-10-10 03:00
124244035;5579;2026-11-05 14:15;2026-10-10 03:00
124244035;5579;2026-11-05 14:30;2026-10-10 03:00
124244035;5579;2026-11-05 16:00;2026-10-10 03:00
124244035;5579;2026-11-05 16:15;2026-10-10 03:00
124244035;5579;2026-11-05 19:45;2026-10-10 03:00
124244035;5579;2026-11-06 08:30;2026-10-10 03:00
124244035;5579;2026-11-06 08:45;2026-10-10 03:00
124244035;5579;2026-11-06 09:15;2026-10-10 03:00
124244035;5579;2026-11-06 09:30;2026-10-10 03:00
124244035;5579;2026-11-06 09:45;2026-10-10 03:00
124244035;5579;2026-11-06 13:15;2026-10-10 03:00
124244035;5579;2026-11-09 16:00;2026-10-10 03:00
124244035;5579;2026-11-09 16:15;2026-10-10 03:00
124244035;5579;2026-11-09 16:30;2026-10-10 03:00
124244035;5579;2026-11-09 16:45;2026-10-10 03:00
124244035;5579;2026-11-09 19:30;2026-10-10 03:00
124244035;5579;2026-11-09 19:45;2026-10-10 03:00
124244035;4356;2026-10-13 09:00;2026-10-10 03:00
124244035;4356;2026-10-13 10:45;2026-10-10 03:00
124244035;4356;2026-10-13 11:30;2026-10-10 03:00
124244035;4356;2026-10-14 17:30;2026-10-10 03:00
124244035;4356;2026-10-15 09:00;2026-10-10 03:00
124244035;4356;2026-10-15 10:45;2026-10-10 03:00
124244035;4356;2026-10-15 11:30;2026-10-10 03:00
124244035;4356;2026-10-16 14:15;2026-10-10 03:00
124244035;4356;2026-10-16 15:00;2026-10-10 03:00
124244035;4356;2026-10-16 17:30;2026-10-10 03:00
124244035;4356;2026-10-19 08:45;2026-10-10 03:00
124244035;4356;2026-10-19 09:00;2026-10-10 03:00
124244035;4356;2026-10-19 10:30;2026-10-10 03:00
124244035;4356;2026-10-19 10:45;2026-10-10 03:00
124244035;4356;2026-10-19 11:30;2026-10-10 03:00
124244035;4356;2026-10-20 14:15;2026-10-10 03:00
124244035;4356;2026-10-20 15:00;2026-10-10 03:00
124244035;4356;2026-10-20 17:30;2026-10-10 03:00
124244035;4356;2026-10-21 09:00;2026-10-10 03:00
124244035;4356;2026-10-21 09:30;2026-10-10 03:00
124244035;4356;2026-10-21 09:45;2026-10-10 03:00
124244035;4356;2026-10-21 10:45;2026-10-10 03:00
124244035;4356;2026-10-21 11:30;2026-10-10 03:00
124244035;4356;2026-10-22 14:15;2026-10-10 03:00
124244035;4356;2026-10-22 15:00;2026-10-10 03:00
124244035;4356;2026-10-22 15:30;2026-10-10 03:00
124244035;4356;2026-10-22 15:45;2026-10-10 03:00
124244035;4356;2026-10-22 16:30;2026-10-10 03:00
124244035;4356;2026-10-22 16:45;2026-10-10 03:00
124244035;4356;2026-10-22 17:00;2026-10-10 03:00
124244035;4356;2026-10-22 17:15;2026-10-10 03:00
124244035;4356;2026-10-22 17:30;2026-10-10 03:00
124244035;4356;2026-10-22 18:00;2026-10-10 03:00
124244035;4356;2026-10-22 18:30;2026-10-10 03:00
124244035;4356;2026-10-23 07:45;2026-10-10 03:00
124244035;4356;2026-10-23 08:00;2026-10-10 03:00
124244035;4356;2026-10-23 08:15;2026-10-10 03:00
124244035;4356;2026-10-23 08:30;2026-10-10 03:00
124244035;4356;2026-10-23 08:45;2026-10-10 03:00
124244035;4356;2026-10-23 09:00;2026-10-10 03:00
124244035;4356;2026-10-23 09:15;2026-10-10 03:00
124244035;4356;2026-10-23 09:45;2026-10-10 03:00
124244035;4356;2026-10-23 10:30;2026-10-10 03:00
124244035;4356;2026-10-23 10:45;2026-10-10 03:00
124244035;4356;2026-10-23 11:30;2026-10-10 03:00
124244035;4356;2026-10-26 14:00;2026-10-10 03:00
124244035;4356;2026-10-26 14:15;2026-10-10 03:00
124244035;4356;2026-10-26 14:30;2026-10-10 03:00
124244035;4356;2026-10-26 14:45;2026-10-10 03:00
124244035;4356;2026-10-26 15:00;2026-10-10 03:00
124244035;4356;2026-10-26 15:15;2026-10-10 03:00
124244035;4356;2026-10-26 15:30;2026-10-10 03:00
124244035;4356;2026-10-26 16:30;2026-10-10 03:00
124244035;4356;2026-10-26 16:45;2026-10-10 03:00
124244035;4356;2026-10-26 17:00;2026-10-10 03:00
124244035;4356;2026-10-26 17:15;2026-10-10 03:00
124244035;4356;2026-10-26 17:30;2026-10-10 03:00
124244035;4356;2026-10-26 18:00;2026-10-10 03:00
124244035;4356;2026-10-26 18:30;2026-10-10 03:00
124244035;4356;2026-10-27 07:15;2026-10-10 03:00
124244035;4356;2026-10-27 07:45;2026-10-10 03:00
124244035;4356;2026-10-27 08:00;2026-10-10 03:00
124244035;4356;2026-10-27 08:15;2026-10-10 03:00
124244035;4356;2026-10-27 08:30;2026-10-10 03:00
124244035;4356;2026-10-27 08:45;2026-10-10 03:00
124244035;4356;2026-10-27 09:00;2026-10-10 03:00
124244035;4356;2026-10-27 09:15;2026-10-10 03:00
124244035;4356;2026-10-27 10:30;2026-10-10 03:00
124244035;4356;2026-10-27 10:45;2026-10-10 03:00
124244035;4356;2026-10-27 11:00;2026-10-10 03:00
124244035;4356;2026-10-27 11:15;2026-10-10 03:00
124244035;4356;2026-10-27 11:30;2026-10-10 03:00
124244035;4356;2026-10-27 11:45;2026-10-10 03:00
124244035;4356;2026-10-27 12:00;2026-10-10 03:00
124244035;4356;2026-10-28 13:30;2026-10-10 03:00
124244035;4356;2026-10-28 13:45;2026-10-10 03:00
124244035;4356;2026-10-28 14:00;2026-10-10 03:00
124244035;4356;2026-10-28 14:15;2026-10-10 03:00
124244035;4356;2026-10-28 14:30;2026-10-10 03:00
124244035;4356;2026-10-28 14:45;2026-10-10 03:00
124244035;4356;2026-10-28 15:00;2026-10-10 03:00
124244035;4356;2026-10-28 15:15;2026-10-10 03:00
124244035;4356;2026-10-28 15:30;2026-10-10 03:00
124244035;4356;2026-10-28 16:30;2026-10-10 03:00
124244035;4356;2026-10-28 16:45;2026-10-10 03:00
124244035;4356;2026-10-28 17:00;2026-10-10 03:00
124244035;4356;2026-10-28 17:15;2026-10-10 03:00
124244035;4356;2026-10-28 17:30;2026-10-10 03:00
124244035;4356;2026-10-28 17:45;2026-10-10 03:00
124244035;4356;2026-10-29 07:15;2026-10-10 03:00
124244035;4356;2026-10-29 07:45;2026-10-10 03:00
124244035;4356;2026-10-29 08:00;2026-10-10 03:00
124244035;4356;2026-10-29 08:15;2026-10-10 03:00
124244035;4356;2026-10-29 08:30;2026-10-10 03:00
124244035;4356;2026-10-29 08:45;2026-10-10 03:00
124244035;4356;2026-10-29 09:00;2026-10-10 03:00
124244035;4356;2026-10-29 09:15;2026-10-10 03:00
124244035;4356;2026-10-29 09:30;2026-10-10 03:00
124244035;4356;2026-10-29 09:45;2026-10-10 03:00
124244035;4356;2026-10-29 10:30;2026-10-10 03:00
124244035;4356;2026-10-29 10:45;2026-10-10 03:00
124244035;4356;2026-10-29 11:00;2026-10-10 03:00
124244035;4356;2026-10-29 11:15;2026-10-10 03:00
124244035;4356;2026-10-29 11:30;2026-10-10 03:00
124244035;4356;2026-10-29 11:45;2026-10-10 03:00
124244035;4356;2026-10-29 12:00;2026-10-10 03:00
124244035;4356;2026-10-30 13:30;2026-10-10 03:00
124244035;4356;2026-10-30 13:45;2026-10-10 03:00
124244035;4356;2026-10-30 14:00;2026-10-10 03:00
124244035;4356;2026-10-30 14:15;2026-10-10 03:00
124244035;4356;2026-10-30 14:30;2026-10-10 03:00
124244035;4356;2026-10-30 14:45;2026-10-10 03:00
124244035;4356;2026-10-30 15:00;2026-10-10 03:00
124244035;4356;2026-10-30 15:45;2026-10-10 03:00
124244035;4356;2026-10-30 16:30;2026-10-10 03:00
124244035;4356;2026-10-30 16:45;2026-10-10 03:00
124244035;4356;2026-10-30 17:00;2026-10-10 03:00
124244035;4356;2026-10-30 17:15;2026-10-10 03:00
124244035;4356;2026-10-30 17:30;2026-10-10 03:00
124244035;4356;2026-10-30 17:45;2026-10-10 03:00
124244035;4356;2026-10-30 18:00;2026-10-10 03:00
124244035;4356;2026-10-30 18:30;2026-10-10 03:00
124244035;4356;2026-11-03 07:15;2026-10-10 03:00
124244035;4356;2026-11-03 08:15;2026-10-10 03:00
124244035;4356;2026-11-03 08:30;2026-10-10 03:00
124244035;4356;2026-11-03 08:45;2026-10-10 03:00
124244035;4356;2026-11-03 09:00;2026-10-10 03:00
124244035;4356;2026-11-03 09:30;2026-10-10 03:00
124244035;4356;2026-11-03 09:45;2026-10-10 03:00
124244035;4356;2026-11-03 10:30;2026-10-10 03:00
124244035;4356;2026-11-03 10:45;2026-10-10 03:00
124244035;4356;2026-11-03 11:30;2026-10-10 03:00
124244035;4356;2026-11-03 11:45;2026-10-10 03:00
124244035;4356;2026-11-03 12:00;2026-10-10 03:00
124244035;4356;2026-11-04 13:30;2026-10-10 03:00
124244035;4356;2026-11-04 13:45;2026-10-10 03:00
124244035;4356;2026-11-04 14:15;2026-10-10 03:00
124244035;4356;2026-11-04 14:30;2026-10-10 03:00
124244035;4356;2026-11-04 14:45;2026-10-10 03:00
124244035;4356;2026-11-04 15:00;2026-10-10 03:00
124244035;4356;2026-11-04 15:30;2026-10-10 03:00
124244035;4356;2026-11-04 15:45;2026-10-10 03:00
124244035;4356;2026-11-04 16:30;2026-10-10 03:00
124244035;4356;2026-11-04 16:45;2026-10-10 03:00
124244035;4356;2026-11-04 17:00;2026-10-10 03:00
124244035;4356;2026-11-04 17:15;2026-10-10 03:00
124244035;4356;2026-11-04 17:30;2026-10-10 03:00
124244035;4356;2026-11-04 18:00;2026-10-10 03:00
124244035;4356;2026-11-04 18:30;2026-10-10 03:00
124244035;4356;2026-11-05 07:00;2026-10-10 03:00
124244035;4356;2026-11-05 07:15;2026-10-10 03:00
124244035;4356;2026-11-05 07:45;2026-10-10 03:00
124244035;4356;2026-11-05 08:00;2026-10-10 03:00
124244035;4356;2026-11-05 08:15;2026-10-10 03:00
124244035;4356;2026-11-05 08:30;2026-10-10 03:00
124244035;4356;2026-11-05 09:00;2026-10-10 03:00
124244035;4356;2026-11-05 09:15;2026-10-10 03:00
124244035;4356;2026-11-05 09:45;2026-10-10 03:00
124244035;4356;2026-11-05 10:30;2026-10-10 03:00
124244035;4356;2026-11-05 10:45;2026-10-10 03:00
124244035;4356;2026-11-05 11:30;2026-10-10 03:00
124244035;4356;2026-11-06 13:30;2026-10-10 03:00
124244035;4356;2026-11-06 13:45;2026-10-10 03:00
124244035;4356;2026-11-06 14:15;2026-10-10 03:00
124244035;4356;2026-11-06 14:30;2026-10-10 03:00
124244035;4356;2026-11-06 15:00;2026-10-10 03:00
124244035;4356;2026-11-06 15:45;2026-10-10 03:00
124244035;4356;2026-11-06 16:30;2026-10-10 03:00
124244035;4356;2026-11-06 16:45;2026-10-10 03:00
124244035;4356;2026-11-06 17:00;2026-10-10 03:00
124244035;4356;2026-11-06 17:15;2026-10-10 03:00
124244035;4356;2026-11-06 17:30;2026-10-10 03:00
124244035;4356;2026-11-06 18:00;2026-10-10 03:00
124244035;4356;2026-11-09 07:00;2026-10-10 03:00
124244035;4356;2026-11-09 07:15;2026-10-10 03:00
124244035;4356;2026-11-09 07:45;2026-10-10 03:00
124244035;4356;2026-11-09 08:00;2026-10-10 03:00
124244035;4356;2026-11-09 08:15;2026-10-10 03:00
124244035;4356;2026-11-09 08:45;2026-10-10 03:00
124244035;4356;2026-11-09 09:00;2026-10-10 03:00
124244035;4356;2026-11-09 09:30;2026-10-10 03:00
124244035;4356;2026-11-09 09:45;2026-10-10 03:00
124244035;4356;2026-11-09 10:30;2026-10-10 03:00
124244035;4356;2026-11-09 10:45;2026-10-10 03:00
124244035;4356;2026-11-09 11:15;2026-10-10 03:00
124244035;4356;2026-11-09 11:30;2026-10-10 03:00
124244035;4356;2026-11-09 12:00;2026-10-10 03:00
124244035;4356;2026-11-10 13:30;2026-10-10 03:00
124244035;4356;2026-11-10 13:45;2026-10-10 03:00
124244035;4356;2026-11-10 14:15;2026-10-10 03:00
124244035;4356;2026-11-10 14:30;2026-10-10 03:00
124244035;4356;2026-11-10 15:00;2026-10-10 03:00
124244035;4356;2026-11-10 15:15;2026-10-10 03:00
124244035;4356;2026-11-10 15:30;2026-10-10 03:00
124244035;4356;2026-11-10 15:45;2026-10-10 03:00
124244035;4356;2026-11-10 16:30;2026-10-10 03:00
124244035;4356;2026-11-10 16:45;2026-10-10 03:00
124244035;4356;2026-11-10 17:00;2026-10-10 03:00
124244035;4356;2026-11-10 17:15;2026-10-10 03:00
124244035;4356;2026-11-10 17:30;2026-10-10 03:00
124244035;4356;2026-11-10 18:00;2026-10-10 03:00
124244035;4356;2026-11-10 18:30;2026-10-10 03:00
124244035;4189;2026-10-12 14:15;2026-10-10 03:00
124244035;4189;2026-10-12 15:45;2026-10-10 03:00
124244035;4189;2026-10-12 16:45;2026-10-10 03:00
124244035;4189;2026-10-13 07:00;2026-10-10 03:00
124244035;4189;2026-10-13 07:30;2026-10-10 03:00
124244035;4189;2026-10-13 07:45;2026-10-10 03:00
124244035;4189;2026-10-13 08:15;2026-10-10 03:00
124244035;4189;2026-10-13 09:15;2026-10-10 03:00
124244035;4189;2026-10-13 09:30;2026-10-10 03:00
124244035;4189;2026-10-13 10:00;2026-10-10 03:00
124244035;4189;2026-10-13 11:00;2026-10-10 03:00
124244035;4189;2026-10-13 11:15;2026-10-10 03:00
124244035;4189;2026-10-13 13:25;2026-10-10 03:00
124244035;4189;2026-10-13 13:40;2026-10-10 03:00
124244035;4189;2026-10-14 07:00;2026-10-10 03:00
124244035;4189;2026-10-14 07:15;2026-10-10 03:00
124244035;4189;2026-10-14 07:30;2026-10-10 03:00
124244035;4189;2026-10-14 08:00;2026-10-10 03:00
124244035;4189;2026-10-14 08:15;2026-10-10 03:00
124244035;4189;2026-10-14 08:45;2026-10-10 03:00
124244035;4189;2026-10-14 09:00;2026-10-10 03:00
124244035;4189;2026-10-14 09:15;2026-10-10 03:00
124244035;4189;2026-10-14 09:30;2026-10-10 03:00
124244035;4189;2026-10-14 09:45;2026-10-10 03:00
124244035;4189;2026-10-14 10:00;2026-10-10 03:00
124244035;4189;2026-10-14 10:15;2026-10-10 03:00
124244035;4189;2026-10-14 11:00;2026-10-10 03:00
124244035;4189;2026-10-14 11:15;2026-10-10 03:00
124244035;4189;2026-10-14 11:45;2026-10-10 03:00
124244035;4189;2026-10-14 12:00;2026-10-10 03:00
124244035;4189;2026-10-14 13:25;2026-10-10 03:00
124244035;4189;2026-10-14 13:40;2026-10-10 03:00
124244035;4189;2026-10-15 13:00;2026-10-10 03:00
124244035;4189;2026-10-15 13:15;2026-10-10 03:00
124244035;4189;2026-10-15 13:45;2026-10-10 03:00
124244035;4189;2026-10-15 14:00;2026-10-10 03:00
124244035;4189;2026-10-15 14:30;2026-10-10 03:00
124244035;4189;2026-10-15 14:45;2026-10-10 03:00
124244035;4189;2026-10-15 15:00;2026-10-10 03:00
124244035;4189;2026-10-15 15:15;2026-10-10 03:00
124244035;4189;2026-10-15 15:30;2026-10-10 03:00
124244035;4189;2026-10-15 15:45;2026-10-10 03:00
124244035;4189;2026-10-15 16:00;2026-10-10 03:00
124244035;4189;2026-10-15 16:15;2026-10-10 03:00
124244035;4189;2026-10-15 17:00;2026-10-10 03:00
124244035;4189;2026-10-15 17:15;2026-10-10 03:00
124244035;4189;2026-10-15 17:45;2026-10-10 03:00
124244035;4189;2026-10-15 18:00;2026-10-10 03:00
124244035;4189;2026-10-15 18:15;2026-10-10 03:00
124244035;4189;2026-10-16 07:15;2026-10-10 03:00
124244035;4189;2026-10-16 07:45;2026-10-10 03:00
124244035;4189;2026-10-16 08:15;2026-10-10 03:00
124244035;4189;2026-10-16 08:45;2026-10-10 03:00
124244035;4189;2026-10-16 09:00;2026-10-10 03:00
124244035;4189;2026-10-16 09:15;2026-10-10 03:00
124244035;4189;2026-10-16 09:45;2026-10-10 03:00
124244035;4189;2026-10-16 10:00;2026-10-10 03:00
124244035;4189;2026-10-16 11:00;2026-10-10 03:00
124244035;4189;2026-10-16 11:15;2026-10-10 03:00
124244035;4189;2026-10-16 11:45;2026-10-10 03:00
124244035;4189;2026-10-16 12:00;2026-10-10 03:00
124244035;4189;2026-10-16 13:25;2026-10-10 03:00
124244035;4189;2026-10-16 13:40;2026-10-10 03:00
124244035;4189;2026-10-19 13:00;2026-10-10 03:00
124244035;4189;2026-10-19 13:15;2026-10-10 03:00
124244035;4189;2026-10-19 13:45;2026-10-10 03:00
124244035;4189;2026-10-19 14:15;2026-10-10 03:00
124244035;4189;2026-10-19 14:30;2026-10-10 03:00
124244035;4189;2026-10-19 14:45;2026-10-10 03:00
124244035;4189;2026-10-19 15:00;2026-10-10 03:00
124244035;4189;2026-10-19 15:15;2026-10-10 03:00
124244035;4189;2026-10-19 15:30;2026-10-10 03:00
124244035;4189;2026-10-19 15:45;2026-10-10 03:00
124244035;4189;2026-10-19 16:00;2026-10-10 03:00
124244035;4189;2026-10-19 16:15;2026-10-10 03:00
124244035;4189;2026-10-19 17:00;2026-10-10 03:00
124244035;4189;2026-10-19 17:15;2026-10-10 03:00
124244035;4189;2026-10-19 17:45;2026-10-10 03:00
124244035;4189;2026-10-19 18:00;2026-10-10 03:00
124244035;4189;2026-10-19 18:15;2026-10-10 03:00
124244035;4189;2026-10-19 18:30;2026-10-10 03:00
124244035;4189;2026-10-20 07:30;2026-10-10 03:00
124244035;4189;2026-10-20 07:45;2026-10-10 03:00
124244035;4189;2026-10-20 08:00;2026-10-10 03:00
124244035;4189;2026-10-20 08:15;2026-10-10 03:00
124244035;4189;2026-10-20 08:30;2026-10-10 03:00
124244035;4189;2026-10-20 09:00;2026-10-10 03:00
124244035;4189;2026-10-20 09:15;2026-10-10 03:00
124244035;4189;2026-10-20 10:00;2026-10-10 03:00
124244035;4189;2026-10-20 11:00;2026-10-10 03:00
124244035;4189;2026-10-20 11:15;2026-10-10 03:00
124244035;4189;2026-10-20 11:45;2026-10-10 03:00
124244035;4189;2026-10-20 12:00;2026-10-10 03:00
124244035;4189;2026-10-20 13:25;2026-10-10 03:00
124244035;4189;2026-10-20 13:40;2026-10-10 03:00
124244035;4189;2026-10-21 07:15;2026-10-10 03:00
124244035;4189;2026-10-21 07:30;2026-10-10 03:00
124244035;4189;2026-10-21 07:45;2026-10-10 03:00
124244035;4189;2026-10-21 08:00;2026-10-10 03:00
124244035;4189;2026-10-21 08:15;2026-10-10 03:00
124244035;4189;2026-10-21 08:30;2026-10-10 03:00
124244035;4189;2026-10-21 09:00;2026-10-10 03:00
124244035;4189;2026-10-21 09:15;2026-10-10 03:00
124244035;4189;2026-10-21 09:30;2026-10-10 03:00
124244035;4189;2026-10-21 09:45;2026-10-10 03:00
124244035;4189;2026-10-21 10:00;2026-10-10 03:00
124244035;4189;2026-10-21 10:15;2026-10-10 03:00
124244035;4189;2026-10-21 11:00;2026-10-10 03:00
124244035;4189;2026-10-21 11:15;2026-10-10 03:00
124244035;4189;2026-10-21 11:30;2026-10-10 03:00
124244035;4189;2026-10-21 11:45;2026-10-10 03:00
124244035;4189;2026-10-21 13:25;2026-10-10 03:00
124244035;4189;2026-10-21 13:40;2026-10-10 03:00
124244035;4189;2026-10-22 12:00;2026-10-10 03:00
124244035;4189;2026-10-22 12:15;2026-10-10 03:00
124244035;4189;2026-10-22 12:30;2026-10-10 03:00
124244035;4189;2026-10-22 12:45;2026-10-10 03:00
124244035;4189;2026-10-22 13:00;2026-10-10 03:00
124244035;4189;2026-10-22 13:15;2026-10-10 03:00
124244035;4189;2026-10-22 13:30;2026-10-10 03:00
124244035;4189;2026-10-22 13:45;2026-10-10 03:00
124244035;4189;2026-10-22 14:00;2026-10-10 03:00
124244035;4189;2026-10-22 14:15;2026-10-10 03:00
124244035;4189;2026-10-22 14:30;2026-10-10 03:00
124244035;4189;2026-10-22 14:45;2026-10-10 03:00
124244035;4189;2026-10-22 15:00;2026-10-10 03:00
124244035;4189;2026-10-22 15:15;2026-10-10 03:00
124244035;4189;2026-10-22 15:30;2026-10-10 03:00
124244035;4189;2026-10-22 15:45;2026-10-10 03:00
124244035;4189;2026-10-22 16:30;2026-10-10 03:00
124244035;4189;2026-10-22 16:45;2026-10-10 03:00
124244035;4189;2026-10-22 18:20;2026-10-10 03:00
124244035;4189;2026-10-22 18:35;2026-10-10 03:00
124244035;4189;2026-10-23 07:00;2026-10-10 03:00
124244035;4189;2026-10-23 07:15;2026-10-10 03:00
124244035;4189;2026-10-23 07:30;2026-10-10 03:00
124244035;4189;2026-10-23 07:45;2026-10-10 03:00
124244035;4189;2026-10-23 08:00;2026-10-10 03:00
124244035;4189;2026-10-23 08:15;2026-10-10 03:00
124244035;4189;2026-10-23 08:45;2026-10-10 03:00
124244035;4189;2026-10-23 09:00;2026-10-10 03:00
124244035;4189;2026-10-23 09:15;2026-10-10 03:00
124244035;4189;2026-10-23 09:30;2026-10-10 03:00
124244035;4189;2026-10-23 09:45;2026-10-10 03:00
124244035;4189;2026-10-23 10:00;2026-10-10 03:00
124244035;4189;2026-10-23 11:00;2026-10-10 03:00
124244035;4189;2026-10-23 11:15;2026-10-10 03:00
124244035;4189;2026-10-23 11:30;2026-10-10 03:00
124244035;4189;2026-10-23 11:45;2026-10-10 03:00
124244035;4189;2026-10-23 12:00;2026-10-10 03:00
124244035;4189;2026-10-23 13:25;2026-10-10 03:00
124244035;4189;2026-10-23 13:40;2026-10-10 03:00
124244035;4189;2026-10-26 13:15;2026-10-10 03:00
124244035;4189;2026-10-26 13:30;2026-10-10 03:00
124244035;4189;2026-10-26 13:45;2026-10-10 03:00
124244035;4189;2026-10-26 14:00;2026-10-10 03:00
124244035;4189;2026-10-26 14:15;2026-10-10 03:00
124244035;4189;2026-10-26 14:30;2026-10-10 03:00
124244035;4189;2026-10-26 14:45;2026-10-10 03:00
124244035;4189;2026-10-26 15:00;2026-10-10 03:00
124244035;4189;2026-10-26 15:15;2026-10-10 03:00
124244035;4189;2026-10-26 15:30;2026-10-10 03:00
124244035;4189;2026-10-26 15:45;2026-10-10 03:00
124244035;4189;2026-10-26 16:00;2026-10-10 03:00
124244035;4189;2026-10-26 16:15;2026-10-10 03:00
124244035;4189;2026-10-26 17:00;2026-10-10 03:00
124244035;4189;2026-10-26 17:15;2026-10-10 03:00
124244035;4189;2026-10-26 17:30;2026-10-10 03:00
124244035;4189;2026-10-26 17:45;2026-10-10 03:00
124244035;4189;2026-10-26 18:00;2026-10-10 03:00
124244035;4189;2026-10-26 18:15;2026-10-10 03:00
124244035;4189;2026-10-26 18:30;2026-10-10 03:00
124244035;4189;2026-10-27 07:00;2026-10-10 03:00
124244035;4189;2026-10-27 07:15;2026-10-10 03:00
124244035;4189;2026-10-27 07:30;2026-10-10 03:00
124244035;4189;2026-10-27 07:45;2026-10-10 03:00
124244035;4189;2026-10-27 08:00;2026-10-10 03:00
124244035;4189;2026-10-27 08:15;2026-10-10 03:00
124244035;4189;2026-10-27 08:30;2026-10-10 03:00
124244035;4189;2026-10-27 08:45;2026-10-10 03:00
124244035;4189;2026-10-27 09:00;2026-10-10 03:00
124244035;4189;2026-10-27 09:15;2026-10-10 03:00
124244035;4189;2026-10-27 09:30;2026-10-10 03:00
124244035;4189;2026-10-27 09:45;2026-10-10 03:00
124244035;4189;2026-10-27 10:00;2026-10-10 03:00
124244035;4189;2026-10-27 10:15;2026-10-10 03:00
124244035;4189;2026-10-27 11:00;2026-10-10 03:00
124244035;4189;2026-10-27 11:15;2026-10-10 03:00
124244035;4189;2026-10-27 11:45;2026-10-10 03:00
124244035;4189;2026-10-27 12:00;2026-10-10 03:00
124244035;4189;2026-10-27 13:25;2026-10-10 03:00
124244035;4189;2026-10-27 13:40;2026-10-10 03:00
124244035;4189;2026-10-28 07:00;2026-10-10 03:00
124244035;4189;2026-10-28 07:15;2026-10-10 03:00
124244035;4189;2026-10-28 07:30;2026-10-10 03:00
124244035;4189;2026-10-28 07:45;2026-10-10 03:00
124244035;4189;2026-10-28 08:00;2026-10-10 03:00
124244035;4189;2026-10-28 08:15;2026-10-10 03:00
124244035;4189;2026-10-28 08:30;2026-10-10 03:00
124244035;4189;2026-10-28 08:45;2026-10-10 03:00
124244035;4189;2026-10-28 09:00;2026-10-10 03:00
124244035;4189;2026-10-28 09:15;2026-10-10 03:00
124244035;4189;2026-10-28 09:30;2026-10-10 03:00
124244035;4189;2026-10-28 09:45;2026-10-10 03:00
124244035;4189;2026-10-28 10:00;2026-10-10 03:00
124244035;4189;2026-10-28 10:15;2026-10-10 03:00
124244035;4189;2026-10-28 11:00;2026-10-10 03:00
124244035;4189;2026-10-28 11:15;2026-10-10 03:00
124244035;4189;2026-10-28 11:30;2026-10-10 03:00
124244035;4189;2026-10-28 11:45;2026-10-10 03:00
124244035;4189;2026-10-28 12:00;2026-10-10 03:00
124244035;4189;2026-10-28 13:25;2026-10-10 03:00
124244035;4189;2026-10-28 13:40;2026-10-10 03:00
124244035;4189;2026-10-29 12:00;2026-10-10 03:00
124244035;4189;2026-10-29 12:15;2026-10-10 03:00
124244035;4189;2026-10-29 12:30;2026-10-10 03:00
124244035;4189;2026-10-29 12:45;2026-10-10 03:00
124244035;4189;2026-10-29 13:00;2026-10-10 03:00
124244035;4189;2026-10-29 13:15;2026-10-10 03:00
124244035;4189;2026-10-29 13:30;2026-10-10 03:00
124244035;4189;2026-10-29 13:45;2026-10-10 03:00
124244035;4189;2026-10-29 14:00;2026-10-10 03:00
124244035;4189;2026-10-29 14:15;2026-10-10 03:00
124244035;4189;2026-10-29 14:30;2026-10-10 03:00
124244035;4189;2026-10-29 14:45;2026-10-10 03:00
124244035;4189;2026-10-29 15:00;2026-10-10 03:00
124244035;4189;2026-10-29 15:15;2026-10-10 03:00
124244035;4189;2026-10-29 15:45;2026-10-10 03:00
124244035;4189;2026-10-29 16:30;2026-10-10 03:00
124244035;4189;2026-10-29 16:45;2026-10-10 03:00
124244035;4189;2026-10-29 18:20;2026-10-10 03:00
124244035;4189;2026-10-29 18:35;2026-10-10 03:00
124244035;4189;2026-10-30 07:00;2026-10-10 03:00
124244035;4189;2026-10-30 07:15;2026-10-10 03:00
124244035;4189;2026-10-30 07:30;2026-10-10 03:00
124244035;4189;2026-10-30 07:45;2026-10-10 03:00
124244035;4189;2026-10-30 08:00;2026-10-10 03:00
124244035;4189;2026-10-30 08:15;2026-10-10 03:00
124244035;4189;2026-10-30 08:30;2026-10-10 03:00
124244035;4189;2026-10-30 08:45;2026-10-10 03:00
124244035;4189;2026-10-30 09:00;2026-10-10 03:00
124244035;4189;2026-10-30 09:15;2026-10-10 03:00
124244035;4189;2026-10-30 09:30;2026-10-10 03:00
124244035;4189;2026-10-30 09:45;2026-10-10 03:00
124244035;4189;2026-10-30 10:00;2026-10-10 03:00
124244035;4189;2026-10-30 10:15;2026-10-10 03:00
124244035;4189;2026-10-30 11:00;2026-10-10 03:00
124244035;4189;2026-10-30 11:15;2026-10-10 03:00
124244035;4189;2026-10-30 11:30;2026-10-10 03:00
124244035;4189;2026-10-30 11:45;2026-10-10 03:00
124244035;4189;2026-10-30 12:00;2026-10-10 03:00
124244035;4189;2026-10-30 13:25;2026-10-10 03:00
124244035;4189;2026-10-30 13:40;2026-10-10 03:00
124244035;4136;2026-10-13 09:00;2026-10-10 03:00
124244035;4136;2026-10-13 10:45;2026-10-10 03:00
124244035;4136;2026-10-13 11:30;2026-10-10 03:00
124244035;4136;2026-10-14 14:15;2026-10-10 03:00
124244035;4136;2026-10-14 15:00;2026-10-10 03:00
124244035;4136;2026-10-14 17:30;2026-10-10 03:00
124244035;4136;2026-10-15 09:00;2026-10-10 03:00
124244035;4136;2026-10-15 10:45;2026-10-10 03:00
124244035;4136;2026-10-15 11:30;2026-10-10 03:00
124244035;4136;2026-10-16 14:15;2026-10-10 03:00
124244035;4136;2026-10-16 17:30;2026-10-10 03:00
124244035;4136;2026-10-19 08:45;2026-10-10 03:00
124244035;4136;2026-10-19 09:00;2026-10-10 03:00
124244035;4136;2026-10-19 10:45;2026-10-10 03:00
124244035;4136;2026-10-19 11:30;2026-10-10 03:00
124244035;4136;2026-10-20 14:15;2026-10-10 03:00
124244035;4136;2026-10-20 15:00;2026-10-10 03:00
124244035;4136;2026-10-20 15:45;2026-10-10 03:00
124244035;4136;2026-10-20 16:30;2026-10-10 03:00
124244035;4136;2026-10-20 17:30;2026-10-10 03:00
124244035;4136;2026-10-21 09:00;2026-10-10 03:00
124244035;4136;2026-10-21 09:30;2026-10-10 03:00
124244035;4136;2026-10-21 09:45;2026-10-10 03:00
124244035;4136;2026-10-21 10:30;2026-10-10 03:00
124244035;4136;2026-10-21 10:45;2026-10-10 03:00
124244035;4136;2026-10-21 11:30;2026-10-10 03:00
124244035;4136;2026-10-22 14:00;2026-10-10 03:00
124244035;4136;2026-10-22 14:15;2026-10-10 03:00
124244035;4136;2026-10-22 15:00;2026-10-10 03:00
124244035;4136;2026-10-22 15:15;2026-10-10 03:00
124244035;4136;2026-10-22 15:45;2026-10-10 03:00
124244035;4136;2026-10-22 16:30;2026-10-10 03:00
124244035;4136;2026-10-22 17:00;2026-10-10 03:00
124244035;4136;2026-10-22 17:15;2026-10-10 03:00
124244035;4136;2026-10-22 17:30;2026-10-10 03:00
124244035;4136;2026-10-22 17:45;2026-10-10 03:00
124244035;4136;2026-10-22 18:00;2026-10-10 03:00
124244035;4136;2026-10-23 07:00;2026-10-10 03:00
124244035;4136;2026-10-23 07:15;2026-10-10 03:00
124244035;4136;2026-10-23 07:45;2026-10-10 03:00
124244035;4136;2026-10-23 08:00;2026-10-10 03:00
124244035;4136;2026-10-23 08:15;2026-10-10 03:00
124244035;4136;2026-10-23 08:30;2026-10-10 03:00
124244035;4136;2026-10-23 09:00;2026-10-10 03:00
124244035;4136;2026-10-23 09:30;2026-10-10 03:00
124244035;4136;2026-10-23 09:45;2026-10-10 03:00
124244035;4136;2026-10-23 10:30;2026-10-10 03:00
124244035;4136;2026-10-23 10:45;2026-10-10 03:00
124244035;4136;2026-10-23 11:30;2026-10-10 03:00
124244035;4136;2026-10-26 14:00;2026-10-10 03:00
124244035;4136;2026-10-26 14:15;2026-10-10 03:00
124244035;4136;2026-10-26 14:30;2026-10-10 03:00
124244035;4136;2026-10-26 14:45;2026-10-10 03:00
124244035;4136;2026-10-26 15:00;2026-10-10 03:00
124244035;4136;2026-10-26 15:15;2026-10-10 03:00
124244035;4136;2026-10-26 15:45;2026-10-10 03:00
124244035;4136;2026-10-26 16:30;2026-10-10 03:00
124244035;4136;2026-10-26 16:45;2026-10-10 03:00
124244035;4136;2026-10-26 17:15;2026-10-10 03:00
124244035;4136;2026-10-26 17:30;2026-10-10 03:00
124244035;4136;2026-10-26 17:45;2026-10-10 03:00
124244035;4136;2026-10-26 18:00;2026-10-10 03:00
124244035;4136;2026-10-26 18:30;2026-10-10 03:00
124244035;4136;2026-10-27 07:00;2026-10-10 03:00
124244035;4136;2026-10-27 07:15;2026-10-10 03:00
124244035;4136;2026-10-27 07:45;2026-10-10 03:00
124244035;4136;2026-10-27 08:00;2026-10-10 03:00
124244035;4136;2026-10-27 08:15;2026-10-10 03:00
124244035;4136;2026-10-27 08:30;2026-10-10 03:00
124244035;4136;2026-10-27 08:45;2026-10-10 03:00
124244035;4136;2026-10-27 09:00;2026-10-10 03:00
124244035;4136;2026-10-27 09:30;2026-10-10 03:00
124244035;4136;2026-10-27 09:45;2026-10-10 03:00
124244035;4136;2026-10-27 10:30;2026-10-10 03:00
124244035;4136;2026-10-27 10:45;2026-10-10 03:00
124244035;4136;2026-10-27 11:15;2026-10-10 03:00
124244035;4136;2026-10-27 11:30;2026-10-10 03:00
124244035;4136;2026-10-27 11:45;2026-10-10 03:00
124244035;4136;2026-10-28 13:45;2026-10-10 03:00
124244035;4136;2026-10-28 14:00;2026-10-10 03:00
124244035;4136;2026-10-28 14:15;2026-10-10 03:00
124244035;4136;2026-10-28 14:30;2026-10-10 03:00
124244035;4136;2026-10-28 14:45;2026-10-10 03:00
124244035;4136;2026-10-28 15:00;2026-10-10 03:00
124244035;4136;2026-10-28 15:15;2026-10-10 03:00
124244035;4136;2026-10-28 15:45;2026-10-10 03:00
124244035;4136;2026-10-28 16:30;2026-10-10 03:00
124244035;4136;2026-10-28 17:00;2026-10-10 03:00
124244035;4136;2026-10-28 17:15;2026-10-10 03:00
124244035;4136;2026-10-28 17:30;2026-10-10 03:00
124244035;4136;2026-10-28 17:45;2026-10-10 03:00
124244035;4136;2026-10-28 18:00;2026-10-10 03:00
124244035;4136;2026-10-28 18:30;2026-10-10 03:00
124244035;4136;2026-10-29 07:00;2026-10-10 03:00
124244035;4136;2026-10-29 07:15;2026-10-10 03:00
124244035;4136;2026-10-29 07:45;2026-10-10 03:00
124244035;4136;2026-10-29 08:15;2026-10-10 03:00
124244035;4136;2026-10-29 08:30;2026-10-10 03:00
124244035;4136;2026-10-29 08:45;2026-10-10 03:00
124244035;4136;2026-10-29 09:00;2026-10-10 03:00
124244035;4136;2026-10-29 09:30;2026-10-10 03:00
124244035;4136;2026-10-29 09:45;2026-10-10 03:00
124244035;4136;2026-10-29 10:30;2026-10-10 03:00
124244035;4136;2026-10-29 10:45;2026-10-10 03:00
124244035;4136;2026-10-29 11:15;2026-10-10 03:00
124244035;4136;2026-10-29 11:30;2026-10-10 03:00
124244035;4136;2026-10-29 11:45;2026-10-10 03:00
124244035;4136;2026-11-03 07:00;2026-10-10 03:00
124244035;4136;2026-11-03 07:45;2026-10-10 03:00
124244035;4136;2026-11-03 08:00;2026-10-10 03:00
124244035;4136;2026-11-03 08:15;2026-10-10 03:00
124244035;4136;2026-11-03 08:30;2026-10-10 03:00
124244035;4136;2026-11-03 08:45;2026-10-10 03:00
124244035;4136;2026-11-03 09:00;2026-10-10 03:00
124244035;4136;2026-11-03 09:15;2026-10-10 03:00
124244035;4136;2026-11-03 09:45;2026-10-10 03:00
124244035;4136;2026-11-03 10:30;2026-10-10 03:00
124244035;4136;2026-11-03 10:45;2026-10-10 03:00
124244035;4136;2026-11-03 11:00;2026-10-10 03:00
124244035;4136;2026-11-03 11:15;2026-10-10 03:00
124244035;4136;2026-11-03 11:30;2026-10-10 03:00
124244035;4136;2026-11-03 11:45;2026-10-10 03:00
124244035;4136;2026-11-03 12:00;2026-10-10 03:00
124244035;4136;2026-11-04 14:00;2026-10-10 03:00
124244035;4136;2026-11-04 14:15;2026-10-10 03:00
124244035;4136;2026-11-04 14:30;2026-10-10 03:00
124244035;4136;2026-11-04 14:45;2026-10-10 03:00
124244035;4136;2026-11-04 15:00;2026-10-10 03:00
124244035;4136;2026-11-04 15:15;2026-10-10 03:00
124244035;4136;2026-11-04 15:30;2026-10-10 03:00
124244035;4136;2026-11-04 15:45;2026-10-10 03:00
124244035;4136;2026-11-04 16:30;2026-10-10 03:00
124244035;4136;2026-11-04 16:45;2026-10-10 03:00
124244035;4136;2026-11-04 17:00;2026-10-10 03:00
124244035;4136;2026-11-04 17:15;2026-10-10 03:00
124244035;4136;2026-11-04 17:30;2026-10-10 03:00
124244035;4136;2026-11-04 17:45;2026-10-10 03:00
124244035;4136;2026-11-04 18:00;2026-10-10 03:00
124244035;4136;2026-11-04 18:30;2026-10-10 03:00
124244035;4136;2026-11-05 07:00;2026-10-10 03:00
124244035;4136;2026-11-05 07:15;2026-10-10 03:00
124244035;4136;2026-11-05 07:45;2026-10-10 03:00
124244035;4136;2026-11-05 08:00;2026-10-10 03:00
124244035;4136;2026-11-05 08:15;2026-10-10 03:00
124244035;4136;2026-11-05 08:30;2026-10-10 03:00
124244035;4136;2026-11-05 08:45;2026-10-10 03:00
124244035;4136;2026-11-05 09:00;2026-10-10 03:00
124244035;4136;2026-11-05 09:15;2026-10-10 03:00
124244035;4136;2026-11-05 09:30;2026-10-10 03:00
124244035;4136;2026-11-05 09:45;2026-10-10 03:00
124244035;4136;2026-11-05 10:30;2026-10-10 03:00
124244035;4136;2026-11-05 10:45;2026-10-10 03:00
124244035;4136;2026-11-05 11:00;2026-10-10 03:00
124244035;4136;2026-11-05 11:15;2026-10-10 03:00
124244035;4136;2026-11-05 11:30;2026-10-10 03:00
124244035;4136;2026-11-05 11:45;2026-10-10 03:00
124244035;4136;2026-11-05 12:00;2026-10-10 03:00
124244035;4136;2026-11-06 13:30;2026-10-10 03:00
124244035;4136;2026-11-06 13:45;2026-10-10 03:00
124244035;4136;2026-11-06 14:00;2026-10-10 03:00
124244035;4136;2026-11-06 14:15;2026-10-10 03:00
124244035;4136;2026-11-06 14:30;2026-10-10 03:00
124244035;4136;2026-11-06 14:45;2026-10-10 03:00
124244035;4136;2026-11-06 15:00;2026-10-10 03:00
124244035;4136;2026-11-06 16:45;2026-10-10 03:00
124244035;4136;2026-11-06 17:00;2026-10-10 03:00
124244035;4136;2026-11-06 17:15;2026-10-10 03:00
124244035;4136;2026-11-06 17:30;2026-10-10 03:00
124244035;4136;2026-11-06 17:45;2026-10-10 03:00
124244035;4136;2026-11-06 18:00;2026-10-10 03:00
124244035;4136;2026-11-06 18:30;2026-10-10 03:00
124244035;4136;2026-11-09 07:00;2026-10-10 03:00
124244035;4136;2026-11-09 07:15;2026-10-10 03:00
124244035;4136;2026-11-09 07:45;2026-10-10 03:00
124244035;4136;2026-11-09 08:00;2026-10-10 03:00
124244035;4136;2026-11-09 08:15;2026-10-10 03:00
124244035;4136;2026-11-09 08:30;2026-10-10 03:00
124244035;4136;2026-11-09 08:45;2026-10-10 03:00
124244035;4136;2026-11-09 09:00;2026-10-10 03:00
124244035;4136;2026-11-09 09:15;2026-10-10 03:00
124244035;4136;2026-11-09 09:30;2026-10-10 03:00
124244035;4136;2026-11-09 09:45;2026-10-10 03:00
124244035;4136;2026-11-09 10:30;2026-10-10 03:00
124244035;4136;2026-11-09 10:45;2026-10-10 03:00
124244035;4136;2026-11-09 11:00;2026-10-10 03:00
124244035;4136;2026-11-09 11:15;2026-10-10 03:00
124244035;4136;2026-11-09 11:30;2026-10-10 03:00
124244035;4136;2026-11-09 11:45;2026-10-10 03:00
124244035;4136;2026-11-09 12:00;2026-10-10 03:00
124244035;4136;2026-11-10 13:30;2026-10-10 03:00
124244035;4136;2026-11-10 13:45;2026-10-10 03:00
124244035;4136;2026-11-10 14:00;2026-10-10 03:00
124244035;4136;2026-11-10 14:15;2026-10-10 03:00
124244035;4136;2026-11-10 14:30;2026-10-10 03:00
124244035;4136;2026-11-10 14:45;2026-10-10 03:00
124244035;4136;2026-11-10 15:00;2026-10-10 03:00
124244035;4136;2026-11-10 15:15;2026-10-10 03:00
124244035;4136;2026-11-10 15:30;2026-10-10 03:00
124244035;4136;2026-11-10 15:45;2026-10-10 03:00
124244035;4136;2026-11-10 16:30;2026-10-10 03:00
124244035;4136;2026-11-10 16:45;2026-10-10 03:00
124244035;4136;2026-11-10 17:00;2026-10-10 03:00
124244035;4136;2026-11-10 17:15;2026-10-10 03:00
124244035;4136;2026-11-10 17:30;2026-10-10 03:00
124244035;4136;2026-11-10 17:45;2026-10-10 03:00
124244035;4136;2026-11-10 18:00;2026-10-10 03:00
124244035;4136;2026-11-10 18:30;2026-10-10 03:00
124244035;36926;2026-10-12 14:15;2026-10-10 03:00
124244035;36926;2026-10-12 15:00;2026-10-10 03:00
124244035;36926;2026-10-12 17:30;2026-10-10 03:00
124244035;36926;2026-10-13 09:00;2026-10-10 03:00
124244035;36926;2026-10-13 10:30;2026-10-10 03:00
124244035;36926;2026-10-13 11:30;2026-10-10 03:00
124244035;36926;2026-10-14 14:15;2026-10-10 03:00
124244035;36926;2026-10-14 15:00;2026-10-10 03:00
124244035;36926;2026-10-14 17:30;2026-10-10 03:00
124244035;36926;2026-10-15 10:30;2026-10-10 03:00
124244035;36926;2026-10-15 11:30;2026-10-10 03:00
124244035;36926;2026-10-16 14:15;2026-10-10 03:00
124244035;36926;2026-10-16 15:00;2026-10-10 03:00
124244035;36926;2026-10-16 17:30;2026-10-10 03:00
124244035;36926;2026-10-16 18:15;2026-10-10 03:00
124244035;36926;2026-10-16 18:30;2026-10-10 03:00
124244035;36926;2026-10-19 07:45;2026-10-10 03:00
124244035;36926;2026-10-19 08:15;2026-10-10 03:00
124244035;36926;2026-10-19 08:30;2026-10-10 03:00
124244035;36926;2026-10-19 08:45;2026-10-10 03:00
124244035;36926;2026-10-19 09:00;2026-10-10 03:00
124244035;36926;2026-10-19 09:45;2026-10-10 03:00
124244035;36926;2026-10-19 10:30;2026-10-10 03:00
124244035;36926;2026-10-19 10:45;2026-10-10 03:00
124244035;36926;2026-10-19 11:30;2026-10-10 03:00
124244035;36926;2026-10-19 11:45;2026-10-10 03:00
124244035;36926;2026-10-20 14:00;2026-10-10 03:00
124244035;36926;2026-10-20 14:15;2026-10-10 03:00
124244035;36926;2026-10-20 14:30;2026-10-10 03:00
124244035;36926;2026-10-20 15:00;2026-10-10 03:00
124244035;36926;2026-10-20 15:30;2026-10-10 03:00
124244035;36926;2026-10-20 15:45;2026-10-10 03:00
124244035;36926;2026-10-20 16:00;2026-10-10 03:00
124244035;36926;2026-10-20 16:15;2026-10-10 03:00
124244035;36926;2026-10-20 17:00;2026-10-10 03:00
124244035;36926;2026-10-20 17:15;2026-10-10 03:00
124244035;36926;2026-10-20 17:30;2026-10-10 03:00
124244035;36926;2026-10-20 17:45;2026-10-10 03:00
124244035;36926;2026-10-20 18:00;2026-10-10 03:00
124244035;36926;2026-10-20 18:15;2026-10-10 03:00
124244035;36926;2026-10-20 18:30;2026-10-10 03:00
124244035;36926;2026-10-21 07:15;2026-10-10 03:00
124244035;36926;2026-10-21 07:30;2026-10-10 03:00
124244035;36926;2026-10-21 07:45;2026-10-10 03:00
124244035;36926;2026-10-21 08:00;2026-10-10 03:00
124244035;36926;2026-10-21 08:30;2026-10-10 03:00
124244035;36926;2026-10-21 09:00;2026-10-10 03:00
124244035;36926;2026-10-21 09:15;2026-10-10 03:00
124244035;36926;2026-10-21 09:30;2026-10-10 03:00
124244035;36926;2026-10-21 10:00;2026-10-10 03:00
124244035;36926;2026-10-21 10:30;2026-10-10 03:00
124244035;36926;2026-10-21 10:45;2026-10-10 03:00
124244035;36926;2026-10-21 11:30;2026-10-10 03:00
124244035;36926;2026-10-21 11:45;2026-10-10 03:00
124244035;36926;2026-10-22 13:45;2026-10-10 03:00
124244035;36926;2026-10-22 14:15;2026-10-10 03:00
124244035;36926;2026-10-22 14:30;2026-10-10 03:00
124244035;36926;2026-10-22 14:45;2026-10-10 03:00
124244035;36926;2026-10-22 15:00;2026-10-10 03:00
124244035;36926;2026-10-22 15:15;2026-10-10 03:00
124244035;36926;2026-10-22 15:45;2026-10-10 03:00
124244035;36926;2026-10-22 16:00;2026-10-10 03:00
124244035;36926;2026-10-22 16:15;2026-10-10 03:00
124244035;36926;2026-10-22 17:00;2026-10-10 03:00
124244035;36926;2026-10-22 17:15;2026-10-10 03:00
124244035;36926;2026-10-22 17:30;2026-10-10 03:00
124244035;36926;2026-10-22 17:45;2026-10-10 03:00
124244035;36926;2026-10-22 18:00;2026-10-10 03:00
124244035;36926;2026-10-22 18:15;2026-10-10 03:00
124244035;36926;2026-10-23 07:00;2026-10-10 03:00
124244035;36926;2026-10-23 07:15;2026-10-10 03:00
124244035;36926;2026-10-23 07:30;2026-10-10 03:00
124244035;36926;2026-10-23 07:45;2026-10-10 03:00
124244035;36926;2026-10-23 09:00;2026-10-10 03:00
124244035;36926;2026-10-23 10:00;2026-10-10 03:00
124244035;36926;2026-10-23 10:30;2026-10-10 03:00
124244035;36926;2026-10-23 11:30;2026-10-10 03:00
124244035;36926;2026-10-23 11:45;2026-10-10 03:00
124244035;36926;2026-10-23 12:00;2026-10-10 03:00
124244035;36926;2026-10-26 13:45;2026-10-10 03:00
124244035;36926;2026-10-26 14:00;2026-10-10 03:00
124244035;36926;2026-10-26 14:15;2026-10-10 03:00
124244035;36926;2026-10-26 14:30;2026-10-10 03:00
124244035;36926;2026-10-26 14:45;2026-10-10 03:00
124244035;36926;2026-10-26 15:00;2026-10-10 03:00
124244035;36926;2026-10-26 15:15;2026-10-10 03:00
124244035;36926;2026-10-26 15:30;2026-10-10 03:00
124244035;36926;2026-10-26 15:45;2026-10-10 03:00
124244035;36926;2026-10-26 16:00;2026-10-10 03:00
124244035;36926;2026-10-26 16:15;2026-10-10 03:00
124244035;36926;2026-10-26 17:00;2026-10-10 03:00
124244035;36926;2026-10-26 17:15;2026-10-10 03:00
124244035;36926;2026-10-26 17:30;2026-10-10 03:00
124244035;36926;2026-10-26 18:00;2026-10-10 03:00
124244035;36926;2026-10-26 18:15;2026-10-10 03:00
124244035;36926;2026-10-26 18:30;2026-10-10 03:00
124244035;36926;2026-10-27 07:15;2026-10-10 03:00
124244035;36926;2026-10-27 07:30;2026-10-10 03:00
124244035;36926;2026-10-27 07:45;2026-10-10 03:00
124244035;36926;2026-10-27 08:00;2026-10-10 03:00
124244035;36926;2026-10-27 08:15;2026-10-10 03:00
124244035;36926;2026-10-27 08:45;2026-10-10 03:00
124244035;36926;2026-10-27 09:00;2026-10-10 03:00
124244035;36926;2026-10-27 09:15;2026-10-10 03:00
124244035;36926;2026-10-27 09:30;2026-10-10 03:00
124244035;36926;2026-10-27 09:45;2026-10-10 03:00
124244035;36926;2026-10-27 10:00;2026-10-10 03:00
124244035;36926;2026-10-27 10:30;2026-10-10 03:00
124244035;36926;2026-10-27 10:45;2026-10-10 03:00
124244035;36926;2026-10-27 11:30;2026-10-10 03:00
124244035;36926;2026-10-27 11:45;2026-10-10 03:00
124244035;36926;2026-10-27 12:00;2026-10-10 03:00
124244035;36926;2026-10-28 13:30;2026-10-10 03:00
124244035;36926;2026-10-28 13:45;2026-10-10 03:00
124244035;36926;2026-10-28 14:00;2026-10-10 03:00
124244035;36926;2026-10-28 14:15;2026-10-10 03:00
124244035;36926;2026-10-28 14:30;2026-10-10 03:00
124244035;36926;2026-10-28 14:45;2026-10-10 03:00
124244035;36926;2026-10-28 15:00;2026-10-10 03:00
124244035;36926;2026-10-28 15:15;2026-10-10 03:00
124244035;36926;2026-10-28 15:30;2026-10-10 03:00
124244035;36926;2026-10-28 15:45;2026-10-10 03:00
124244035;36926;2026-10-28 16:00;2026-10-10 03:00
124244035;36926;2026-10-28 16:15;2026-10-10 03:00
124244035;36926;2026-10-28 17:00;2026-10-10 03:00
124244035;36926;2026-10-28 17:15;2026-10-10 03:00
124244035;36926;2026-10-28 17:30;2026-10-10 03:00
124244035;36926;2026-10-28 17:45;2026-10-10 03:00
124244035;36926;2026-10-28 18:00;2026-10-10 03:00
124244035;36926;2026-10-28 18:15;2026-10-10 03:00
124244035;36926;2026-10-28 18:30;2026-10-10 03:00
124244035;36926;2026-10-29 07:00;2026-10-10 03:00
124244035;36926;2026-10-29 07:15;2026-10-10 03:00
124244035;36926;2026-10-29 07:30;2026-10-10 03:00
124244035;36926;2026-10-29 07:45;2026-10-10 03:00
124244035;36926;2026-10-29 08:00;2026-10-10 03:00
124244035;36926;2026-10-29 08:15;2026-10-10 03:00
124244035;36926;2026-10-29 08:30;2026-10-10 03:00
124244035;36926;2026-10-29 08:45;2026-10-10 03:00
124244035;36926;2026-10-29 09:00;2026-10-10 03:00
124244035;36926;2026-10-29 09:45;2026-10-10 03:00
124244035;36926;2026-10-29 10:00;2026-10-10 03:00
124244035;36926;2026-10-29 10:15;2026-10-10 03:00
124244035;36926;2026-10-29 10:30;2026-10-10 03:00
124244035;36926;2026-10-29 10:45;2026-10-10 03:00
124244035;36926;2026-10-29 11:30;2026-10-10 03:00
124244035;36926;2026-10-29 11:45;2026-10-10 03:00
124244035;36926;2026-10-29 12:00;2026-10-10 03:00
124244035;36926;2026-10-30 13:30;2026-10-10 03:00
124244035;36926;2026-10-30 14:15;2026-10-10 03:00
124244035;36926;2026-10-30 14:30;2026-10-10 03:00
124244035;36926;2026-10-30 15:00;2026-10-10 03:00
124244035;36926;2026-10-30 15:15;2026-10-10 03:00
124244035;36926;2026-10-30 15:45;2026-10-10 03:00
124244035;36926;2026-10-30 16:00;2026-10-10 03:00
124244035;36926;2026-10-30 16:15;2026-10-10 03:00
124244035;36926;2026-10-30 17:00;2026-10-10 03:00
124244035;36926;2026-10-30 17:15;2026-10-10 03:00
124244035;36926;2026-10-30 17:30;2026-10-10 03:00
124244035;36926;2026-10-30 17:45;2026-10-10 03:00
124244035;36926;2026-10-30 18:00;2026-10-10 03:00
124244035;36926;2026-10-30 18:15;2026-10-10 03:00
124244035;36926;2026-10-30 18:30;2026-10-10 03:00
124244035;36926;2026-11-03 07:00;2026-10-10 03:00
124244035;36926;2026-11-03 07:15;2026-10-10 03:00
124244035;36926;2026-11-03 07:30;2026-10-10 03:00
124244035;36926;2026-11-03 07:45;2026-10-10 03:00
124244035;36926;2026-11-03 08:00;2026-10-10 03:00
124244035;36926;2026-11-03 08:15;2026-10-10 03:00
124244035;36926;2026-11-03 08:30;2026-10-10 03:00
124244035;36926;2026-11-03 08:45;2026-10-10 03:00
124244035;36926;2026-11-03 09:00;2026-10-10 03:00
124244035;36926;2026-11-03 09:15;2026-10-10 03:00
124244035;36926;2026-11-03 09:45;2026-10-10 03:00
124244035;36926;2026-11-03 10:30;2026-10-10 03:00
124244035;36926;2026-11-03 10:45;2026-10-10 03:00
124244035;36926;2026-11-03 11:30;2026-10-10 03:00
124244035;36926;2026-11-03 12:00;2026-10-10 03:00
124244035;36926;2026-11-04 13:45;2026-10-10 03:00
124244035;36926;2026-11-04 14:15;2026-10-10 03:00
124244035;36926;2026-11-04 14:45;2026-10-10 03:00
124244035;36926;2026-11-04 15:00;2026-10-10 03:00
124244035;36926;2026-11-04 15:30;2026-10-10 03:00
124244035;36926;2026-11-04 15:45;2026-10-10 03:00
124244035;36926;2026-11-04 16:00;2026-10-10 03:00
124244035;36926;2026-11-04 16:15;2026-10-10 03:00
124244035;36926;2026-11-04 17:00;2026-10-10 03:00
124244035;36926;2026-11-04 17:15;2026-10-10 03:00
124244035;36926;2026-11-04 17:30;2026-10-10 03:00
124244035;36926;2026-11-04 17:45;2026-10-10 03:00
124244035;36926;2026-11-04 18:00;2026-10-10 03:00
124244035;36926;2026-11-04 18:15;2026-10-10 03:00
124244035;36926;2026-11-04 18:30;2026-10-10 03:00
124244035;36828;2026-10-13 08:30;2026-10-10 03:00
124244035;36828;2026-10-14 14:15;2026-10-10 03:00
124244035;36828;2026-10-14 15:00;2026-10-10 03:00
124244035;36828;2026-10-14 17:30;2026-10-10 03:00
124244035;36828;2026-10-15 08:30;2026-10-10 03:00
124244035;36828;2026-10-15 10:45;2026-10-10 03:00
124244035;36828;2026-10-15 11:30;2026-10-10 03:00
124244035;36828;2026-10-16 14:15;2026-10-10 03:00
124244035;36828;2026-10-16 15:00;2026-10-10 03:00
124244035;36828;2026-10-16 17:30;2026-10-10 03:00
124244035;36828;2026-10-19 08:30;2026-10-10 03:00
124244035;36828;2026-10-19 08:45;2026-10-10 03:00
124244035;36828;2026-10-19 10:45;2026-10-10 03:00
124244035;36828;2026-10-20 14:15;2026-10-10 03:00
124244035;36828;2026-10-20 15:00;2026-10-10 03:00
124244035;36828;2026-10-20 17:30;2026-10-10 03:00
124244035;36828;2026-10-21 08:15;2026-10-10 03:00
124244035;36828;2026-10-21 08:30;2026-10-10 03:00
124244035;36828;2026-10-21 10:45;2026-10-10 03:00
124244035;36828;2026-10-21 11:30;2026-10-10 03:00
124244035;36828;2026-10-22 13:45;2026-10-10 03:00
124244035;36828;2026-10-22 14:00;2026-10-10 03:00
124244035;36828;2026-10-22 14:15;2026-10-10 03:00
124244035;36828;2026-10-22 14:30;2026-10-10 03:00
124244035;36828;2026-10-22 14:45;2026-10-10 03:00
124244035;36828;2026-10-22 15:00;2026-10-10 03:00
124244035;36828;2026-10-22 15:15;2026-10-10 03:00
124244035;36828;2026-10-22 16:45;2026-10-10 03:00
124244035;36828;2026-10-22 17:00;2026-10-10 03:00
124244035;36828;2026-10-22 17:30;2026-10-10 03:00
124244035;36828;2026-10-22 17:45;2026-10-10 03:00
124244035;36828;2026-10-22 18:00;2026-10-10 03:00
124244035;36828;2026-10-22 18:30;2026-10-10 03:00
124244035;36828;2026-10-23 07:15;2026-10-10 03:00
124244035;36828;2026-10-23 07:45;2026-10-10 03:00
124244035;36828;2026-10-23 08:00;2026-10-10 03:00
124244035;36828;2026-10-23 08:15;2026-10-10 03:00
124244035;36828;2026-10-23 08:30;2026-10-10 03:00
124244035;36828;2026-10-23 08:45;2026-10-10 03:00
124244035;36828;2026-10-23 09:00;2026-10-10 03:00
124244035;36828;2026-10-23 10:45;2026-10-10 03:00
124244035;36828;2026-10-23 11:15;2026-10-10 03:00
124244035;36828;2026-10-23 11:30;2026-10-10 03:00
124244035;36828;2026-10-26 13:45;2026-10-10 03:00
124244035;36828;2026-10-26 14:00;2026-10-10 03:00
124244035;36828;2026-10-26 14:15;2026-10-10 03:00
124244035;36828;2026-10-26 14:30;2026-10-10 03:00
124244035;36828;2026-10-26 14:45;2026-10-10 03:00
124244035;36828;2026-10-26 15:00;2026-10-10 03:00
124244035;36828;2026-10-26 15:30;2026-10-10 03:00
124244035;36828;2026-10-26 15:45;2026-10-10 03:00
124244035;36828;2026-10-26 16:30;2026-10-10 03:00
124244035;36828;2026-10-26 16:45;2026-10-10 03:00
124244035;36828;2026-10-26 17:00;2026-10-10 03:00
124244035;36828;2026-10-26 17:15;2026-10-10 03:00
124244035;36828;2026-10-26 17:30;2026-10-10 03:00
124244035;36828;2026-10-26 17:45;2026-10-10 03:00
124244035;36828;2026-10-26 18:00;2026-10-10 03:00
124244035;36828;2026-10-26 18:30;2026-10-10 03:00
124244035;36828;2026-10-27 07:00;2026-10-10 03:00
124244035;36828;2026-10-27 07:15;2026-10-10 03:00
124244035;36828;2026-10-27 07:45;2026-10-10 03:00
124244035;36828;2026-10-27 08:00;2026-10-10 03:00
124244035;36828;2026-10-27 08:15;2026-10-10 03:00
124244035;36828;2026-10-27 08:30;2026-10-10 03:00
124244035;36828;2026-10-27 08:45;2026-10-10 03:00
124244035;36828;2026-10-27 09:00;2026-10-10 03:00
124244035;36828;2026-10-27 09:15;2026-10-10 03:00
124244035;36828;2026-10-27 09:30;2026-10-10 03:00
124244035;36828;2026-10-27 09:45;2026-10-10 03:00
124244035;36828;2026-10-27 10:30;2026-10-10 03:00
124244035;36828;2026-10-27 10:45;2026-10-10 03:00
124244035;36828;2026-10-27 11:00;2026-10-10 03:00
124244035;36828;2026-10-27 11:15;2026-10-10 03:00
124244035;36828;2026-10-27 11:30;2026-10-10 03:00
124244035;36828;2026-10-27 11:45;2026-10-10 03:00
124244035;36828;2026-10-27 12:00;2026-10-10 03:00
124244035;36828;2026-10-28 13:30;2026-10-10 03:00
124244035;36828;2026-10-28 13:45;2026-10-10 03:00
124244035;36828;2026-10-28 14:00;2026-10-10 03:00
124244035;36828;2026-10-28 14:15;2026-10-10 03:00
124244035;36828;2026-10-28 14:30;2026-10-10 03:00
124244035;36828;2026-10-28 14:45;2026-10-10 03:00
124244035;36828;2026-10-28 15:00;2026-10-10 03:00
124244035;36828;2026-10-28 15:15;2026-10-10 03:00
124244035;36828;2026-10-28 15:30;2026-10-10 03:00
124244035;36828;2026-10-28 16:45;2026-10-10 03:00
124244035;36828;2026-10-28 17:00;2026-10-10 03:00
124244035;36828;2026-10-28 17:15;2026-10-10 03:00
124244035;36828;2026-10-28 17:30;2026-10-10 03:00
124244035;36828;2026-10-28 17:45;2026-10-10 03:00
124244035;36828;2026-10-28 18:00;2026-10-10 03:00
124244035;36828;2026-10-28 18:30;2026-10-10 03:00
124244035;36828;2026-10-29 07:00;2026-10-10 03:00
124244035;36828;2026-10-29 07:15;2026-10-10 03:00
124244035;36828;2026-10-29 07:45;2026-10-10 03:00
124244035;36828;2026-10-29 08:00;2026-10-10 03:00
124244035;36828;2026-10-29 08:15;2026-10-10 03:00
124244035;36828;2026-10-29 08:30;2026-10-10 03:00
124244035;36828;2026-10-29 08:45;2026-10-10 03:00
124244035;36828;2026-10-29 09:00;2026-10-10 03:00
124244035;36828;2026-10-29 09:30;2026-10-10 03:00
124244035;36828;2026-10-29 09:45;2026-10-10 03:00
124244035;36828;2026-10-29 10:30;2026-10-10 03:00
124244035;36828;2026-10-29 10:45;2026-10-10 03:00
124244035;36828;2026-10-29 11:30;2026-10-10 03:00
124244035;36828;2026-10-29 11:45;2026-10-10 03:00
124244035;36828;2026-10-29 12:00;2026-10-10 03:00
124244035;36828;2026-10-30 13:30;2026-10-10 03:00
124244035;36828;2026-10-30 13:45;2026-10-10 03:00
124244035;36828;2026-10-30 14:00;2026-10-10 03:00
124244035;36828;2026-10-30 14:15;2026-10-10 03:00
124244035;36828;2026-10-30 14:30;2026-10-10 03:00
124244035;36828;2026-10-30 14:45;2026-10-10 03:00
124244035;36828;2026-10-30 15:00;2026-10-10 03:00
124244035;36828;2026-10-30 15:45;2026-10-10 03:00
124244035;36828;2026-10-30 16:30;2026-10-10 03:00
124244035;36828;2026-10-30 16:45;2026-10-10 03:00
124244035;36828;2026-10-30 17:00;2026-10-10 03:00
124244035;36828;2026-10-30 17:15;2026-10-10 03:00
124244035;36828;2026-10-30 17:30;2026-10-10 03:00
124244035;36828;2026-10-30 17:45;2026-10-10 03:00
124244035;36828;2026-10-30 18:00;2026-10-10 03:00
124244035;36828;2026-10-30 18:30;2026-10-10 03:00
124244035;36828;2026-11-03 07:15;2026-10-10 03:00
124244035;36828;2026-11-03 07:45;2026-10-10 03:00
124244035;36828;2026-11-03 08:00;2026-10-10 03:00
124244035;36828;2026-11-03 08:30;2026-10-10 03:00
124244035;36828;2026-11-03 08:45;2026-10-10 03:00
124244035;36828;2026-11-03 09:30;2026-10-10 03:00
124244035;36828;2026-11-03 09:45;2026-10-10 03:00
124244035;36828;2026-11-03 10:45;2026-10-10 03:00
124244035;36828;2026-11-03 11:15;2026-10-10 03:00
124244035;36828;2026-11-03 11:30;2026-10-10 03:00
124244035;36828;2026-11-03 11:45;2026-10-10 03:00
124244035;36828;2026-11-03 12:00;2026-10-10 03:00
124244035;36828;2026-11-04 13:45;2026-10-10 03:00
124244035;36828;2026-11-04 14:00;2026-10-10 03:00
124244035;36828;2026-11-04 14:15;2026-10-10 03:00
124244035;36828;2026-11-04 14:45;2026-10-10 03:00
124244035;36828;2026-11-04 15:00;2026-10-10 03:00
124244035;36828;2026-11-04 15:15;2026-10-10 03:00
124244035;36828;2026-11-04 15:30;2026-10-10 03:00
124244035;36828;2026-11-04 15:45;2026-10-10 03:00
124244035;36828;2026-11-04 16:30;2026-10-10 03:00
124244035;36828;2026-11-04 16:45;2026-10-10 03:00
124244035;36828;2026-11-04 17:00;2026-10-10 03:00
124244035;36828;2026-11-04 17:15;2026-10-10 03:00
124244035;36828;2026-11-04 17:30;2026-10-10 03:00
124244035;36828;2026-11-04 17:45;2026-10-10 03:00
124244035;36828;2026-11-04 18:30;2026-10-10 03:00
124244035;36828;2026-11-05 07:00;2026-10-10 03:00
124244035;36828;2026-11-05 07:15;2026-10-10 03:00
124244035;36828;2026-11-05 07:45;2026-10-10 03:00
124244035;36828;2026-11-05 08:00;2026-10-10 03:00
124244035;36828;2026-11-05 08:15;2026-10-10 03:00
124244035;36828;2026-11-05 08:30;2026-10-10 03:00
124244035;36828;2026-11-05 09:00;2026-10-10 03:00
124244035;36828;2026-11-05 09:30;2026-10-10 03:00
124244035;36828;2026-11-05 09:45;2026-10-10 03:00
124244035;36828;2026-11-05 10:30;2026-10-10 03:00
124244035;36828;2026-11-05 10:45;2026-10-10 03:00
124244035;36828;2026-11-05 11:00;2026-10-10 03:00
124244035;36828;2026-11-05 11:15;2026-10-10 03:00
124244035;36828;2026-11-05 11:30;2026-10-10 03:00
124244035;36828;2026-11-05 12:00;2026-10-10 03:00
124244035;36828;2026-11-06 13:45;2026-10-10 03:00
124244035;36828;2026-11-06 14:00;2026-10-10 03:00
124244035;36828;2026-11-06 14:15;2026-10-10 03:00
124244035;36828;2026-11-06 14:45;2026-10-10 03:00
124244035;36828;2026-11-06 15:00;2026-10-10 03:00
124244035;36828;2026-11-06 15:45;2026-10-10 03:00
124244035;36828;2026-11-06 16:30;2026-10-10 03:00
124244035;36828;2026-11-06 17:00;2026-10-10 03:00
124244035;36828;2026-11-06 17:15;2026-10-10 03:00
124244035;36828;2026-11-06 17:30;2026-10-10 03:00
124244035;36828;2026-11-06 17:45;2026-10-10 03:00
124244035;36828;2026-11-06 18:30;2026-10-10 03:00
124244035;36828;2026-11-09 07:00;2026-10-10 03:00
124244035;36828;2026-11-09 07:15;2026-10-10 03:00
124244035;36828;2026-11-09 07:45;2026-10-10 03:00
124244035;36828;2026-11-09 08:00;2026-10-10 03:00
124244035;36828;2026-11-09 08:30;2026-10-10 03:00
124244035;36828;2026-11-09 08:45;2026-10-10 03:00
124244035;36828;2026-11-09 09:00;2026-10-10 03:00
124244035;36828;2026-11-09 09:45;2026-10-10 03:00
124244035;36828;2026-11-09 10:30;2026-10-10 03:00
124244035;36828;2026-11-09 10:45;2026-10-10 03:00
124244035;36828;2026-11-09 11:00;2026-10-10 03:00
124244035;36828;2026-11-09 11:30;2026-10-10 03:00
124244035;36828;2026-11-09 12:00;2026-10-10 03:00
124244035;36828;2026-11-10 13:30;2026-10-10 03:00
124244035;36828;2026-11-10 13:45;2026-10-10 03:00
124244035;36828;2026-11-10 14:15;2026-10-10 03:00
124244035;36828;2026-11-10 14:30;2026-10-10 03:00
124244035;36828;2026-11-10 14:45;2026-10-10 03:00
124244035;36828;2026-11-10 15:00;2026-10-10 03:00
124244035;36828;2026-11-10 15:15;2026-10-10 03:00
124244035;36828;2026-11-10 15:45;2026-10-10 03:00
124244035;36828;2026-11-10 16:30;2026-10-10 03:00
124244035;36828;2026-11-10 16:45;2026-10-10 03:00
124244035;36828;2026-11-10 17:00;2026-10-10 03:00
124244035;36828;2026-11-10 17:15;2026-10-10 03:00
124244035;36828;2026-11-10 17:30;2026-10-10 03:00
124244035;36828;2026-11-10 17:45;2026-10-10 03:00
124244035;36828;2026-11-10 18:30;2026-10-10 03:00
124244035;36802;2026-10-12 16:15;2026-10-10 03:00
124244035;36802;2026-10-12 16:30;2026-10-10 03:00
124244035;36802;2026-10-12 16:45;2026-10-10 03:00
124244035;36802;2026-10-13 09:30;2026-10-10 03:00
124244035;36802;2026-10-14 16:00;2026-10-10 03:00
124244035;36802;2026-10-14 16:15;2026-10-10 03:00
124244035;36802;2026-10-15 09:30;2026-10-10 03:00
124244035;36802;2026-11-09 08:30;2026-10-10 03:00
124244035;36802;2026-11-09 08:45;2026-10-10 03:00
124244035;36802;2026-11-09 09:00;2026-10-10 03:00
124244035;36802;2026-11-09 09:15;2026-10-10 03:00
124244035;36802;2026-11-10 14:30;2026-10-10 03:00
124244035;36802;2026-11-10 16:00;2026-10-10 03:00
124244035;36802;2026-11-10 16:15;2026-10-10 03:00
124244035;36275;2026-10-19 10:00;2026-10-10 03:00
124244035;36275;2026-10-20 08:15;2026-10-10 03:00
124244035;36275;2026-10-20 10:00;2026-10-10 03:00
124244035;36275;2026-10-21 08:15;2026-10-10 03:00
124244035;36275;2026-10-21 10:00;2026-10-10 03:00
124244035;36275;2026-10-22 08:15;2026-10-10 03:00
124244035;36275;2026-10-23 08:15;2026-10-10 03:00
124244035;36275;2026-10-23 10:00;2026-10-10 03:00
124244035;36275;2026-10-26 08:15;2026-10-10 03:00
124244035;36275;2026-10-26 10:00;2026-10-10 03:00
124244035;36275;2026-10-27 08:15;2026-10-10 03:00
124244035;36275;2026-10-27 10:00;2026-10-10 03:00
124244035;36275;2026-10-28 08:15;2026-10-10 03:00
124244035;36275;2026-10-28 10:00;2026-10-10 03:00
124244035;36275;2026-10-29 08:15;2026-10-10 03:00
124244035;36275;2026-10-29 08:30;2026-10-10 03:00
124244035;36275;2026-10-29 10:00;2026-10-10 03:00
124244035;36275;2026-10-29 11:15;2026-10-10 03:00
124244035;36275;2026-10-29 11:25;2026-10-10 03:00
124244035;36275;2026-10-29 11:35;2026-10-10 03:00
124244035;36275;2026-10-30 08:15;2026-10-10 03:00
124244035;36275;2026-10-30 08:30;2026-10-10 03:00
124244035;36275;2026-10-30 10:00;2026-10-10 03:00
124244035;36275;2026-10-30 11:05;2026-10-10 03:00
124244035;36275;2026-10-30 11:15;2026-10-10 03:00
124244035;36275;2026-10-30 11:25;2026-10-10 03:00
124244035;36275;2026-10-30 11:35;2026-10-10 03:00
124244035;36275;2026-11-03 07:00;2026-10-10 03:00
124244035;36275;2026-11-03 07:15;2026-10-10 03:00
124244035;36275;2026-11-03 07:30;2026-10-10 03:00
124244035;36275;2026-11-03 07:45;2026-10-10 03:00
124244035;36275;2026-11-03 08:00;2026-10-10 03:00
124244035;36275;2026-11-03 08:15;2026-10-10 03:00
124244035;36275;2026-11-03 08:45;2026-10-10 03:00
124244035;36275;2026-11-03 09:00;2026-10-10 03:00
124244035;36275;2026-11-03 09:15;2026-10-10 03:00
124244035;36275;2026-11-03 09:30;2026-10-10 03:00
124244035;36275;2026-11-03 09:45;2026-10-10 03:00
124244035;36275;2026-11-03 10:00;2026-10-10 03:00
124244035;36275;2026-11-03 11:15;2026-10-10 03:00
124244035;36275;2026-11-03 11:35;2026-10-10 03:00
124244035;36275;2026-11-04 07:00;2026-10-10 03:00
124244035;36275;2026-11-04 07:15;2026-10-10 03:00
124244035;36275;2026-11-04 07:30;2026-10-10 03:00
124244035;36275;2026-11-04 07:45;2026-10-10 03:00
124244035;36275;2026-11-04 08:00;2026-10-10 03:00
124244035;36275;2026-11-04 08:15;2026-10-10 03:00
124244035;36275;2026-11-04 08:30;2026-10-10 03:00
124244035;36275;2026-11-04 09:00;2026-10-10 03:00
124244035;36275;2026-11-04 09:15;2026-10-10 03:00
124244035;36275;2026-11-04 09:30;2026-10-10 03:00
124244035;36275;2026-11-04 09:45;2026-10-10 03:00
124244035;36275;2026-11-04 10:00;2026-10-10 03:00
124244035;36275;2026-11-04 11:05;2026-10-10 03:00
124244035;36275;2026-11-04 11:15;2026-10-10 03:00
124244035;36275;2026-11-04 11:25;2026-10-10 03:00
124244035;36275;2026-11-04 11:35;2026-10-10 03:00
124244035;36275;2026-11-05 07:00;2026-10-10 03:00
124244035;36275;2026-11-05 07:15;2026-10-10 03:00
124244035;36275;2026-11-05 07:30;2026-10-10 03:00
124244035;36275;2026-11-05 07:45;2026-10-10 03:00
124244035;36275;2026-11-05 08:00;2026-10-10 03:00
124244035;36275;2026-11-05 08:15;2026-10-10 03:00
124244035;36275;2026-11-05 08:30;2026-10-10 03:00
124244035;36275;2026-11-05 08:45;2026-10-10 03:00
124244035;36275;2026-11-05 09:15;2026-10-10 03:00
124244035;36275;2026-11-05 09:30;2026-10-10 03:00
124244035;36275;2026-11-05 09:45;2026-10-10 03:00
124244035;36275;2026-11-05 10:00;2026-10-10 03:00
124244035;36275;2026-11-05 11:05;2026-10-10 03:00
124244035;36275;2026-11-05 11:15;2026-10-10 03:00
124244035;36275;2026-11-05 11:25;2026-10-10 03:00
124244035;36275;2026-11-05 11:35;2026-10-10 03:00
124244035;36275;2026-11-06 07:00;2026-10-10 03:00
124244035;36275;2026-11-06 07:15;2026-10-10 03:00
124244035;36275;2026-11-06 07:30;2026-10-10 03:00
124244035;36275;2026-11-06 07:45;2026-10-10 03:00
124244035;36275;2026-11-06 08:00;2026-10-10 03:00
124244035;36275;2026-11-06 08:15;2026-10-10 03:00
124244035;36275;2026-11-06 08:30;2026-10-10 03:00
124244035;36275;2026-11-06 08:45;2026-10-10 03:00
124244035;36275;2026-11-06 09:15;2026-10-10 03:00
124244035;36275;2026-11-06 09:30;2026-10-10 03:00
124244035;36275;2026-11-06 10:00;2026-10-10 03:00
124244035;36275;2026-11-06 11:05;2026-10-10 03:00
124244035;36275;2026-11-06 11:15;2026-10-10 03:00
124244035;36275;2026-11-06 11:25;2026-10-10 03:00
124244035;36275;2026-11-06 11:35;2026-10-10 03:00
124244035;36275;2026-11-09 07:15;2026-10-10 03:00
124244035;36275;2026-11-09 07:30;2026-10-10 03:00
124244035;36275;2026-11-09 07:45;2026-10-10 03:00
124244035;36275;2026-11-09 08:00;2026-10-10 03:00
124244035;36275;2026-11-09 08:15;2026-10-10 03:00
124244035;36275;2026-11-09 08:30;2026-10-10 03:00
124244035;36275;2026-11-09 08:45;2026-10-10 03:00
124244035;36275;2026-11-09 09:00;2026-10-10 03:00
124244035;36275;2026-11-09 09:15;2026-10-10 03:00
124244035;36275;2026-11-09 09:30;2026-10-10 03:00
124244035;36275;2026-11-09 09:45;2026-10-10 03:00
124244035;36275;2026-11-09 10:00;2026-10-10 03:00
124244035;36275;2026-11-09 11:05;2026-10-10 03:00
124244035;36275;2026-11-09 11:15;2026-10-10 03:00
124244035;36275;2026-11-09 11:25;2026-10-10 03:00
124244035;36275;2026-11-09 11:35;2026-10-10 03:00
124244035;36275;2026-11-10 07:00;2026-10-10 03:00
124244035;36275;2026-11-10 07:15;2026-10-10 03:00
124244035;36275;2026-11-10 07:30;2026-10-10 03:00
124244035;36275;2026-11-10 07:45;2026-10-10 03:00
124244035;36275;2026-11-10 08:00;2026-10-10 03:00
124244035;36275;2026-11-10 08:15;2026-10-10 03:00
124244035;36275;2026-11-10 08:30;2026-10-10 03:00
124244035;36275;2026-11-10 08:45;2026-10-10 03:00
124244035;36275;2026-11-10 09:00;2026-10-10 03:00
124244035;36275;2026-11-10 09:15;2026-10-10 03:00
124244035;36275;2026-11-10 09:30;2026-10-10 03:00
124244035;36275;2026-11-10 09:45;2026-10-10 03:00
124244035;36275;2026-11-10 10:00;2026-10-10 03:00
124244035;36275;2026-11-10 11:05;2026-10-10 03:00
124244035;36275;2026-11-10 11:25;2026-10-10 03:00
124244035;36275;2026-11-10 11:35;2026-10-10 03:00
124244035;36267;2026-10-12 16:45;2026-10-10 03:00
124244035;36267;2026-10-13 09:00;2026-10-10 03:00
124244035;36267;2026-10-13 10:45;2026-10-10 03:00
124244035;36267;2026-10-13 11:30;2026-10-10 03:00
124244035;36267;2026-10-14 15:00;2026-10-10 03:00
124244035;36267;2026-10-14 17:30;2026-10-10 03:00
124244035;36267;2026-10-15 09:00;2026-10-10 03:00
124244035;36267;2026-10-15 10:45;2026-10-10 03:00
124244035;36267;2026-10-15 11:30;2026-10-10 03:00
124244035;36267;2026-10-16 14:15;2026-10-10 03:00
124244035;36267;2026-10-16 15:00;2026-10-10 03:00
124244035;36267;2026-10-16 17:30;2026-10-10 03:00
124244035;36267;2026-10-19 08:45;2026-10-10 03:00
124244035;36267;2026-10-19 09:00;2026-10-10 03:00
124244035;36267;2026-10-19 10:45;2026-10-10 03:00
124244035;36267;2026-10-19 11:30;2026-10-10 03:00
124244035;36267;2026-10-20 14:15;2026-10-10 03:00
124244035;36267;2026-10-20 15:00;2026-10-10 03:00
124244035;36267;2026-10-20 17:30;2026-10-10 03:00
124244035;36267;2026-10-21 08:15;2026-10-10 03:00
124244035;36267;2026-10-21 09:00;2026-10-10 03:00
124244035;36267;2026-10-21 10:45;2026-10-10 03:00
124244035;36267;2026-10-21 11:30;2026-10-10 03:00
124244035;36267;2026-10-22 14:00;2026-10-10 03:00
124244035;36267;2026-10-22 14:15;2026-10-10 03:00
124244035;36267;2026-10-22 14:30;2026-10-10 03:00
124244035;36267;2026-10-22 14:45;2026-10-10 03:00
124244035;36267;2026-10-22 15:00;2026-10-10 03:00
124244035;36267;2026-10-22 15:15;2026-10-10 03:00
124244035;36267;2026-10-22 15:30;2026-10-10 03:00
124244035;36267;2026-10-22 15:45;2026-10-10 03:00
124244035;36267;2026-10-22 16:30;2026-10-10 03:00
124244035;36267;2026-10-22 16:45;2026-10-10 03:00
124244035;36267;2026-10-22 17:00;2026-10-10 03:00
124244035;36267;2026-10-22 17:15;2026-10-10 03:00
124244035;36267;2026-10-22 17:30;2026-10-10 03:00
124244035;36267;2026-10-22 17:45;2026-10-10 03:00
124244035;36267;2026-10-22 18:00;2026-10-10 03:00
124244035;36267;2026-10-22 18:30;2026-10-10 03:00
124244035;36267;2026-10-23 07:00;2026-10-10 03:00
124244035;36267;2026-10-23 07:15;2026-10-10 03:00
124244035;36267;2026-10-23 08:00;2026-10-10 03:00
124244035;36267;2026-10-23 08:15;2026-10-10 03:00
124244035;36267;2026-10-23 08:30;2026-10-10 03:00
124244035;36267;2026-10-23 08:45;2026-10-10 03:00
124244035;36267;2026-10-23 09:00;2026-10-10 03:00
124244035;36267;2026-10-23 09:30;2026-10-10 03:00
124244035;36267;2026-10-23 09:45;2026-10-10 03:00
124244035;36267;2026-10-23 10:30;2026-10-10 03:00
124244035;36267;2026-10-23 10:45;2026-10-10 03:00
124244035;36267;2026-10-23 11:30;2026-10-10 03:00
124244035;36267;2026-10-26 13:45;2026-10-10 03:00
124244035;36267;2026-10-26 14:00;2026-10-10 03:00
124244035;36267;2026-10-26 14:15;2026-10-10 03:00
124244035;36267;2026-10-26 15:00;2026-10-10 03:00
124244035;36267;2026-10-26 15:30;2026-10-10 03:00
124244035;36267;2026-10-26 15:45;2026-10-10 03:00
124244035;36267;2026-10-26 16:30;2026-10-10 03:00
124244035;36267;2026-10-26 16:45;2026-10-10 03:00
124244035;36267;2026-10-26 17:00;2026-10-10 03:00
124244035;36267;2026-10-26 17:15;2026-10-10 03:00
124244035;36267;2026-10-26 17:30;2026-10-10 03:00
124244035;36267;2026-10-26 17:45;2026-10-10 03:00
124244035;36267;2026-10-26 18:30;2026-10-10 03:00
124244035;36267;2026-10-27 07:00;2026-10-10 03:00
124244035;36267;2026-10-27 07:15;2026-10-10 03:00
124244035;36267;2026-10-27 07:45;2026-10-10 03:00
124244035;36267;2026-10-27 08:00;2026-10-10 03:00
124244035;36267;2026-10-27 08:15;2026-10-10 03:00
124244035;36267;2026-10-27 08:30;2026-10-10 03:00
124244035;36267;2026-10-27 08:45;2026-10-10 03:00
124244035;36267;2026-10-27 09:00;2026-10-10 03:00
124244035;36267;2026-10-27 09:30;2026-10-10 03:00
124244035;36267;2026-10-27 09:45;2026-10-10 03:00
124244035;36267;2026-10-27 10:30;2026-10-10 03:00
124244035;36267;2026-10-27 10:45;2026-10-10 03:00
124244035;36267;2026-10-27 11:15;2026-10-10 03:00
124244035;36267;2026-10-27 11:30;2026-10-10 03:00
124244035;36267;2026-10-27 11:45;2026-10-10 03:00
124244035;36267;2026-10-27 12:00;2026-10-10 03:00
124244035;36267;2026-10-28 14:15;2026-10-10 03:00
124244035;36267;2026-10-28 14:30;2026-10-10 03:00
124244035;36267;2026-10-28 14:45;2026-10-10 03:00
124244035;36267;2026-10-28 15:00;2026-10-10 03:00
124244035;36267;2026-10-28 15:15;2026-10-10 03:00
124244035;36267;2026-10-28 15:30;2026-10-10 03:00
124244035;36267;2026-10-28 16:30;2026-10-10 03:00
124244035;36267;2026-10-28 16:45;2026-10-10 03:00
124244035;36267;2026-10-28 17:00;2026-10-10 03:00
124244035;36267;2026-10-28 17:15;2026-10-10 03:00
124244035;36267;2026-10-28 17:30;2026-10-10 03:00
124244035;36267;2026-10-28 17:45;2026-10-10 03:00
124244035;36267;2026-10-28 18:00;2026-10-10 03:00
124244035;36267;2026-10-28 18:30;2026-10-10 03:00
124244035;36267;2026-10-29 07:00;2026-10-10 03:00
124244035;36267;2026-10-29 07:15;2026-10-10 03:00
124244035;36267;2026-10-29 07:45;2026-10-10 03:00
124244035;36267;2026-10-29 08:00;2026-10-10 03:00
124244035;36267;2026-10-29 08:15;2026-10-10 03:00
124244035;36267;2026-10-29 08:30;2026-10-10 03:00
124244035;36267;2026-10-29 08:45;2026-10-10 03:00
124244035;36267;2026-10-29 09:00;2026-10-10 03:00
124244035;36267;2026-10-29 09:15;2026-10-10 03:00
124244035;36267;2026-10-29 09:30;2026-10-10 03:00
124244035;36267;2026-10-29 09:45;2026-10-10 03:00
124244035;36267;2026-10-29 10:30;2026-10-10 03:00
124244035;36267;2026-10-29 10:45;2026-10-10 03:00
124244035;36267;2026-10-29 11:00;2026-10-10 03:00
124244035;36267;2026-10-29 11:15;2026-10-10 03:00
124244035;36267;2026-10-29 11:30;2026-10-10 03:00
124244035;36267;2026-10-29 11:45;2026-10-10 03:00
124244035;36267;2026-10-29 12:00;2026-10-10 03:00
124244035;36267;2026-10-30 13:30;2026-10-10 03:00
124244035;36267;2026-10-30 13:45;2026-10-10 03:00
124244035;36267;2026-10-30 14:00;2026-10-10 03:00
124244035;36267;2026-10-30 14:15;2026-10-10 03:00
124244035;36267;2026-10-30 14:30;2026-10-10 03:00
124244035;36267;2026-10-30 15:00;2026-10-10 03:00
124244035;36267;2026-10-30 15:45;2026-10-10 03:00
124244035;36267;2026-10-30 16:45;2026-10-10 03:00
124244035;36267;2026-10-30 17:00;2026-10-10 03:00
124244035;36267;2026-10-30 17:15;2026-10-10 03:00
124244035;36267;2026-10-30 17:30;2026-10-10 03:00
124244035;36267;2026-10-30 17:45;2026-10-10 03:00
124244035;36267;2026-10-30 18:00;2026-10-10 03:00
124244035;36267;2026-10-30 18:30;2026-10-10 03:00
124244035;36267;2026-11-03 07:00;2026-10-10 03:00
124244035;36267;2026-11-03 07:15;2026-10-10 03:00
124244035;36267;2026-11-03 07:45;2026-10-10 03:00
124244035;36267;2026-11-03 08:00;2026-10-10 03:00
124244035;36267;2026-11-03 08:15;2026-10-10 03:00
124244035;36267;2026-11-03 08:30;2026-10-10 03:00
124244035;36267;2026-11-03 09:00;2026-10-10 03:00
124244035;36267;2026-11-03 09:30;2026-10-10 03:00
124244035;36267;2026-11-03 09:45;2026-10-10 03:00
124244035;36267;2026-11-03 10:45;2026-10-10 03:00
124244035;36267;2026-11-03 11:15;2026-10-10 03:00
124244035;36267;2026-11-03 11:30;2026-10-10 03:00
124244035;36267;2026-11-03 11:45;2026-10-10 03:00
124244035;36267;2026-11-03 12:00;2026-10-10 03:00
124244035;36267;2026-11-04 13:30;2026-10-10 03:00
124244035;36267;2026-11-04 13:45;2026-10-10 03:00
124244035;36267;2026-11-04 14:00;2026-10-10 03:00
124244035;36267;2026-11-04 14:15;2026-10-10 03:00
124244035;36267;2026-11-04 15:00;2026-10-10 03:00
124244035;36267;2026-11-04 15:45;2026-10-10 03:00
124244035;36267;2026-11-04 16:30;2026-10-10 03:00
124244035;36267;2026-11-04 16:45;2026-10-10 03:00
124244035;36267;2026-11-04 17:15;2026-10-10 03:00
124244035;36267;2026-11-04 17:30;2026-10-10 03:00
124244035;36267;2026-11-04 17:45;2026-10-10 03:00
124244035;36267;2026-11-04 18:00;2026-10-10 03:00
124244035;36267;2026-11-04 18:30;2026-10-10 03:00
124244035;36267;2026-11-05 07:00;2026-10-10 03:00
124244035;36267;2026-11-05 07:15;2026-10-10 03:00
124244035;36267;2026-11-05 07:45;2026-10-10 03:00
124244035;36267;2026-11-05 08:00;2026-10-10 03:00
124244035;36267;2026-11-05 08:15;2026-10-10 03:00
124244035;36267;2026-11-05 08:30;2026-10-10 03:00
124244035;36267;2026-11-05 09:00;2026-10-10 03:00
124244035;36267;2026-11-05 09:30;2026-10-10 03:00
124244035;36267;2026-11-05 09:45;2026-10-10 03:00
124244035;36267;2026-11-05 10:45;2026-10-10 03:00
124244035;36267;2026-11-05 11:30;2026-10-10 03:00
124244035;36267;2026-11-05 11:45;2026-10-10 03:00
124244035;36267;2026-11-05 12:00;2026-10-10 03:00
124244035;36267;2026-11-06 13:45;2026-10-10 03:00
124244035;36267;2026-11-06 14:00;2026-10-10 03:00
124244035;36267;2026-11-06 14:15;2026-10-10 03:00
124244035;36267;2026-11-06 15:00;2026-10-10 03:00
124244035;36267;2026-11-06 15:45;2026-10-10 03:00
124244035;36267;2026-11-06 16:30;2026-10-10 03:00
124244035;36267;2026-11-06 17:00;2026-10-10 03:00
124244035;36267;2026-11-06 17:15;2026-10-10 03:00
124244035;36267;2026-11-06 17:30;2026-10-10 03:00
124244035;36267;2026-11-06 18:00;2026-10-10 03:00
124244035;36267;2026-11-06 18:30;2026-10-10 03:00
124244035;36267;2026-11-09 07:00;2026-10-10 03:00
124244035;36267;2026-11-09 07:15;2026-10-10 03:00
124244035;36267;2026-11-09 07:45;2026-10-10 03:00
124244035;36267;2026-11-09 08:00;2026-10-10 03:00
124244035;36267;2026-11-09 08:15;2026-10-10 03:00
124244035;36267;2026-11-09 08:45;2026-10-10 03:00
124244035;36267;2026-11-09 09:00;2026-10-10 03:00
124244035;36267;2026-11-09 09:30;2026-10-10 03:00
124244035;36267;2026-11-09 09:45;2026-10-10 03:00
124244035;36267;2026-11-09 10:30;2026-10-10 03:00
124244035;36267;2026-11-09 10:45;2026-10-10 03:00
124244035;36267;2026-11-09 11:30;2026-10-10 03:00
124244035;36267;2026-11-09 11:45;2026-10-10 03:00
124244035;36267;2026-11-09 12:00;2026-10-10 03:00
124244035;36267;2026-11-10 13:30;2026-10-10 03:00
124244035;36267;2026-11-10 13:45;2026-10-10 03:00
124244035;36267;2026-11-10 14:00;2026-10-10 03:00
124244035;36267;2026-11-10 14:15;2026-10-10 03:00
124244035;36267;2026-11-10 15:00;2026-10-10 03:00
124244035;36267;2026-11-10 15:30;2026-10-10 03:00
124244035;36267;2026-11-10 15:45;2026-10-10 03:00
124244035;36267;2026-11-10 16:30;2026-10-10 03:00
124244035;36267;2026-11-10 16:45;2026-10-10 03:00
124244035;36267;2026-11-10 17:15;2026-10-10 03:00
124244035;36267;2026-11-10 17:30;2026-10-10 03:00
124244035;36267;2026-11-10 17:45;2026-10-10 03:00
124244035;36267;2026-11-10 18:00;2026-10-10 03:00
124244035;36267;2026-11-10 18:30;2026-10-10 03:00
124244035;36254;2026-10-12 09:30;2026-10-10 03:00
124244035;36254;2026-10-12 11:00;2026-10-10 03:00
124244035;36254;2026-10-12 12:30;2026-10-10 03:00
124244035;36254;2026-10-12 14:30;2026-10-10 03:00
124244035;36254;2026-10-13 09:30;2026-10-10 03:00
124244035;36254;2026-10-13 11:00;2026-10-10 03:00
124244035;36254;2026-10-13 12:30;2026-10-10 03:00
124244035;36254;2026-10-13 14:30;2026-10-10 03:00
124244035;36254;2026-10-14 09:30;2026-10-10 03:00
124244035;36254;2026-10-14 11:00;2026-10-10 03:00
124244035;36254;2026-10-14 12:30;2026-10-10 03:00
124244035;36254;2026-10-14 14:30;2026-10-10 03:00
124244035;36254;2026-10-15 09:30;2026-10-10 03:00
124244035;36254;2026-10-15 11:00;2026-10-10 03:00
124244035;36254;2026-10-15 12:30;2026-10-10 03:00
124244035;36254;2026-10-15 14:30;2026-10-10 03:00
124244035;36254;2026-10-19 09:30;2026-10-10 03:00
124244035;36254;2026-10-19 11:00;2026-10-10 03:00
124244035;36254;2026-10-19 12:30;2026-10-10 03:00
124244035;36254;2026-10-19 12:45;2026-10-10 03:00
124244035;36254;2026-10-19 13:15;2026-10-10 03:00
124244035;36254;2026-10-19 13:45;2026-10-10 03:00
124244035;36254;2026-10-19 14:00;2026-10-10 03:00
124244035;36254;2026-10-19 14:15;2026-10-10 03:00
124244035;36254;2026-10-19 14:30;2026-10-10 03:00
124244035;36254;2026-10-19 14:45;2026-10-10 03:00
124244035;36254;2026-10-20 08:30;2026-10-10 03:00
124244035;36254;2026-10-20 08:45;2026-10-10 03:00
124244035;36254;2026-10-20 09:00;2026-10-10 03:00
124244035;36254;2026-10-20 09:15;2026-10-10 03:00
124244035;36254;2026-10-20 09:30;2026-10-10 03:00
124244035;36254;2026-10-20 11:00;2026-10-10 03:00
124244035;36254;2026-10-20 11:45;2026-10-10 03:00
124244035;36254;2026-10-20 12:00;2026-10-10 03:00
124244035;36254;2026-10-20 12:15;2026-10-10 03:00
124244035;36254;2026-10-20 12:30;2026-10-10 03:00
124244035;36254;2026-10-20 12:45;2026-10-10 03:00
124244035;36254;2026-10-20 13:00;2026-10-10 03:00
124244035;36254;2026-10-20 13:15;2026-10-10 03:00
124244035;36254;2026-10-20 13:30;2026-10-10 03:00
124244035;36254;2026-10-20 13:45;2026-10-10 03:00
124244035;36254;2026-10-20 14:00;2026-10-10 03:00
124244035;36254;2026-10-20 14:15;2026-10-10 03:00
124244035;36254;2026-10-20 14:30;2026-10-10 03:00
124244035;36254;2026-10-20 14:45;2026-10-10 03:00
124244035;36254;2026-10-21 07:30;2026-10-10 03:00
124244035;36254;2026-10-21 08:15;2026-10-10 03:00
124244035;36254;2026-10-21 08:30;2026-10-10 03:00
124244035;36254;2026-10-21 09:00;2026-10-10 03:00
124244035;36254;2026-10-21 09:15;2026-10-10 03:00
124244035;36254;2026-10-21 09:30;2026-10-10 03:00
124244035;36254;2026-10-21 09:45;2026-10-10 03:00
124244035;36254;2026-10-21 11:00;2026-10-10 03:00
124244035;36254;2026-10-21 11:15;2026-10-10 03:00
124244035;36254;2026-10-21 11:45;2026-10-10 03:00
124244035;36254;2026-10-21 12:00;2026-10-10 03:00
124244035;36254;2026-10-21 12:15;2026-10-10 03:00
124244035;36254;2026-10-21 12:30;2026-10-10 03:00
124244035;36254;2026-10-21 12:45;2026-10-10 03:00
124244035;36254;2026-10-21 13:00;2026-10-10 03:00
124244035;36254;2026-10-21 13:15;2026-10-10 03:00
124244035;36254;2026-10-21 13:30;2026-10-10 03:00
124244035;36254;2026-10-21 13:45;2026-10-10 03:00
124244035;36254;2026-10-21 14:00;2026-10-10 03:00
124244035;36254;2026-10-21 14:15;2026-10-10 03:00
124244035;36254;2026-10-21 14:30;2026-10-10 03:00
124244035;36254;2026-10-22 07:15;2026-10-10 03:00
124244035;36254;2026-10-22 08:45;2026-10-10 03:00
124244035;36254;2026-10-22 09:30;2026-10-10 03:00
124244035;36254;2026-10-22 11:00;2026-10-10 03:00
124244035;36254;2026-10-22 11:15;2026-10-10 03:00
124244035;36254;2026-10-22 11:45;2026-10-10 03:00
124244035;36254;2026-10-22 12:00;2026-10-10 03:00
124244035;36254;2026-10-22 12:30;2026-10-10 03:00
124244035;36254;2026-10-22 13:30;2026-10-10 03:00
124244035;36254;2026-10-22 13:45;2026-10-10 03:00
124244035;36254;2026-10-22 14:00;2026-10-10 03:00
124244035;36254;2026-10-22 14:15;2026-10-10 03:00
124244035;36254;2026-10-22 14:30;2026-10-10 03:00
124244035;36254;2026-10-22 14:45;2026-10-10 03:00
124244035;36254;2026-10-22 15:00;2026-10-10 03:00
124244035;36254;2026-10-23 07:00;2026-10-10 03:00
124244035;36254;2026-10-23 07:30;2026-10-10 03:00
124244035;36254;2026-10-23 08:15;2026-10-10 03:00
124244035;36254;2026-10-23 08:30;2026-10-10 03:00
124244035;36254;2026-10-23 08:45;2026-10-10 03:00
124244035;36254;2026-10-23 09:00;2026-10-10 03:00
124244035;36254;2026-10-23 09:30;2026-10-10 03:00
124244035;36254;2026-10-23 09:45;2026-10-10 03:00
124244035;36254;2026-10-23 11:00;2026-10-10 03:00
124244035;36254;2026-10-23 11:15;2026-10-10 03:00
124244035;36254;2026-10-23 11:45;2026-10-10 03:00
124244035;36254;2026-10-23 12:00;2026-10-10 03:00
124244035;36254;2026-10-23 12:45;2026-10-10 03:00
124244035;36254;2026-10-23 13:00;2026-10-10 03:00
124244035;36254;2026-10-23 13:45;2026-10-10 03:00
124244035;36254;2026-10-23 14:00;2026-10-10 03:00
124244035;36254;2026-10-23 14:15;2026-10-10 03:00
124244035;36254;2026-10-23 14:30;2026-10-10 03:00
124244035;36254;2026-10-23 14:45;2026-10-10 03:00
124244035;36254;2026-10-26 07:15;2026-10-10 03:00
124244035;36254;2026-10-26 08:15;2026-10-10 03:00
124244035;36254;2026-10-26 08:30;2026-10-10 03:00
124244035;36254;2026-10-26 08:45;2026-10-10 03:00
124244035;36254;2026-10-26 09:00;2026-10-10 03:00
124244035;36254;2026-10-26 09:15;2026-10-10 03:00
124244035;36254;2026-10-26 09:30;2026-10-10 03:00
124244035;36254;2026-10-26 11:00;2026-10-10 03:00
124244035;36254;2026-10-26 11:15;2026-10-10 03:00
124244035;36254;2026-10-26 11:45;2026-10-10 03:00
124244035;36254;2026-10-26 12:00;2026-10-10 03:00
124244035;36254;2026-10-26 12:30;2026-10-10 03:00
124244035;36254;2026-10-26 12:45;2026-10-10 03:00
124244035;36254;2026-10-26 13:00;2026-10-10 03:00
124244035;36254;2026-10-26 13:15;2026-10-10 03:00
124244035;36254;2026-10-26 13:30;2026-10-10 03:00
124244035;36254;2026-10-26 13:45;2026-10-10 03:00
124244035;36254;2026-10-26 14:00;2026-10-10 03:00
124244035;36254;2026-10-26 14:15;2026-10-10 03:00
124244035;36254;2026-10-26 14:30;2026-10-10 03:00
124244035;36254;2026-10-26 14:45;2026-10-10 03:00
124244035;36254;2026-10-27 07:00;2026-10-10 03:00
124244035;36254;2026-10-27 07:15;2026-10-10 03:00
124244035;36254;2026-10-27 07:30;2026-10-10 03:00
124244035;36254;2026-10-27 07:45;2026-10-10 03:00
124244035;36254;2026-10-27 08:15;2026-10-10 03:00
124244035;36254;2026-10-27 08:30;2026-10-10 03:00
124244035;36254;2026-10-27 08:45;2026-10-10 03:00
124244035;36254;2026-10-27 09:00;2026-10-10 03:00
124244035;36254;2026-10-27 09:15;2026-10-10 03:00
124244035;36254;2026-10-27 09:30;2026-10-10 03:00
124244035;36254;2026-10-27 11:00;2026-10-10 03:00
124244035;36254;2026-10-27 11:15;2026-10-10 03:00
124244035;36254;2026-10-27 11:45;2026-10-10 03:00
124244035;36254;2026-10-27 12:00;2026-10-10 03:00
124244035;36254;2026-10-27 12:15;2026-10-10 03:00
124244035;36254;2026-10-27 12:30;2026-10-10 03:00
124244035;36254;2026-10-27 12:45;2026-10-10 03:00
124244035;36254;2026-10-27 13:00;2026-10-10 03:00
124244035;36254;2026-10-27 13:15;2026-10-10 03:00
124244035;36254;2026-10-27 13:30;2026-10-10 03:00
124244035;36254;2026-10-27 13:45;2026-10-10 03:00
124244035;36254;2026-10-27 14:00;2026-10-10 03:00
124244035;36254;2026-10-27 14:30;2026-10-10 03:00
124244035;36254;2026-10-27 15:00;2026-10-10 03:00
124244035;36254;2026-10-28 07:30;2026-10-10 03:00
124244035;36254;2026-10-28 07:45;2026-10-10 03:00
124244035;36254;2026-10-28 08:15;2026-10-10 03:00
124244035;36254;2026-10-28 08:30;2026-10-10 03:00
124244035;36254;2026-10-28 08:45;2026-10-10 03:00
124244035;36254;2026-10-28 09:00;2026-10-10 03:00
124244035;36254;2026-10-28 09:15;2026-10-10 03:00
124244035;36254;2026-10-28 09:30;2026-10-10 03:00
124244035;36254;2026-10-28 09:45;2026-10-10 03:00
124244035;36254;2026-10-28 11:00;2026-10-10 03:00
124244035;36254;2026-10-28 11:15;2026-10-10 03:00
124244035;36254;2026-10-28 11:45;2026-10-10 03:00
124244035;36254;2026-10-28 12:00;2026-10-10 03:00
124244035;36254;2026-10-28 12:15;2026-10-10 03:00
124244035;36254;2026-10-28 12:30;2026-10-10 03:00
124244035;36254;2026-10-28 12:45;2026-10-10 03:00
124244035;36254;2026-10-28 14:15;2026-10-10 03:00
124244035;36254;2026-10-28 14:30;2026-10-10 03:00
124244035;36254;2026-10-28 14:45;2026-10-10 03:00
124244035;36254;2026-10-28 15:00;2026-10-10 03:00
124244035;36254;2026-10-29 07:15;2026-10-10 03:00
124244035;36254;2026-10-29 07:30;2026-10-10 03:00
124244035;36254;2026-10-29 07:45;2026-10-10 03:00
124244035;36254;2026-10-29 08:15;2026-10-10 03:00
124244035;36254;2026-10-29 08:30;2026-10-10 03:00
124244035;36254;2026-10-29 08:45;2026-10-10 03:00
124244035;36254;2026-10-29 09:00;2026-10-10 03:00
124244035;36254;2026-10-29 09:30;2026-10-10 03:00
124244035;36254;2026-10-29 11:00;2026-10-10 03:00
124244035;36254;2026-10-29 11:15;2026-10-10 03:00
124244035;36254;2026-10-29 11:45;2026-10-10 03:00
124244035;36254;2026-10-29 12:00;2026-10-10 03:00
124244035;36254;2026-10-29 12:15;2026-10-10 03:00
124244035;36254;2026-10-29 12:30;2026-10-10 03:00
124244035;36254;2026-10-29 13:30;2026-10-10 03:00
124244035;36254;2026-10-29 13:45;2026-10-10 03:00
124244035;36254;2026-10-29 14:00;2026-10-10 03:00
124244035;36254;2026-10-29 14:15;2026-10-10 03:00
124244035;36254;2026-10-29 14:30;2026-10-10 03:00
124244035;36254;2026-10-29 14:45;2026-10-10 03:00
124244035;36254;2026-10-29 15:00;2026-10-10 03:00
124244035;36254;2026-10-30 07:00;2026-10-10 03:00
124244035;36254;2026-10-30 07:15;2026-10-10 03:00
124244035;36254;2026-10-30 07:30;2026-10-10 03:00
124244035;36254;2026-10-30 07:45;2026-10-10 03:00
124244035;36254;2026-10-30 08:30;2026-10-10 03:00
124244035;36254;2026-10-30 08:45;2026-10-10 03:00
124244035;36254;2026-10-30 09:00;2026-10-10 03:00
124244035;36254;2026-10-30 09:15;2026-10-10 03:00
124244035;36254;2026-10-30 09:30;2026-10-10 03:00
124244035;36254;2026-10-30 09:45;2026-10-10 03:00
124244035;36254;2026-10-30 11:00;2026-10-10 03:00
124244035;36254;2026-10-30 11:15;2026-10-10 03:00
124244035;36254;2026-10-30 11:45;2026-10-10 03:00
124244035;36254;2026-10-30 12:00;2026-10-10 03:00
124244035;36254;2026-10-30 12:45;2026-10-10 03:00
124244035;36254;2026-10-30 13:00;2026-10-10 03:00
124244035;36254;2026-10-30 13:15;2026-10-10 03:00
124244035;36254;2026-10-30 13:30;2026-10-10 03:00
124244035;36254;2026-10-30 13:45;2026-10-10 03:00
124244035;36254;2026-10-30 14:00;2026-10-10 03:00
124244035;36254;2026-10-30 14:15;2026-10-10 03:00
124244035;36254;2026-10-30 14:30;2026-10-10 03:00
124244035;36254;2026-10-30 14:45;2026-10-10 03:00
124244035;36254;2026-10-30 15:00;2026-10-10 03:00
124244035;36254;2026-11-03 07:15;2026-10-10 03:00
124244035;36254;2026-11-03 07:30;2026-10-10 03:00
124244035;36254;2026-11-03 08:30;2026-10-10 03:00
124244035;36254;2026-11-03 08:45;2026-10-10 03:00
124244035;36254;2026-11-03 09:15;2026-10-10 03:00
124244035;36254;2026-11-03 09:30;2026-10-10 03:00
124244035;36254;2026-11-03 09:45;2026-10-10 03:00
124244035;36254;2026-11-03 11:00;2026-10-10 03:00
124244035;36254;2026-11-03 12:15;2026-10-10 03:00
124244035;36254;2026-11-03 12:30;2026-10-10 03:00
124244035;36254;2026-11-03 12:45;2026-10-10 03:00
124244035;36254;2026-11-03 13:00;2026-10-10 03:00
124244035;36254;2026-11-03 13:15;2026-10-10 03:00
124244035;36254;2026-11-03 13:45;2026-10-10 03:00
124244035;36254;2026-11-03 14:00;2026-10-10 03:00
124244035;36254;2026-11-03 14:15;2026-10-10 03:00
124244035;36254;2026-11-03 14:30;2026-10-10 03:00
124244035;36254;2026-11-03 14:45;2026-10-10 03:00
124244035;36254;2026-11-03 15:00;2026-10-10 03:00
124244035;36254;2026-11-04 07:00;2026-10-10 03:00
124244035;36254;2026-11-04 07:15;2026-10-10 03:00
124244035;36254;2026-11-04 07:30;2026-10-10 03:00
124244035;36254;2026-11-04 07:45;2026-10-10 03:00
124244035;36254;2026-11-04 08:15;2026-10-10 03:00
124244035;36254;2026-11-04 08:30;2026-10-10 03:00
124244035;36254;2026-11-04 08:45;2026-10-10 03:00
124244035;36254;2026-11-04 09:15;2026-10-10 03:00
124244035;36254;2026-11-04 09:30;2026-10-10 03:00
124244035;36254;2026-11-04 09:45;2026-10-10 03:00
124244035;36254;2026-11-04 11:00;2026-10-10 03:00
124244035;36254;2026-11-04 11:45;2026-10-10 03:00
124244035;36254;2026-11-04 12:00;2026-10-10 03:00
124244035;36254;2026-11-04 12:15;2026-10-10 03:00
124244035;36254;2026-11-04 12:30;2026-10-10 03:00
124244035;36254;2026-11-04 12:45;2026-10-10 03:00
124244035;36254;2026-11-04 13:15;2026-10-10 03:00
124244035;36254;2026-11-04 13:30;2026-10-10 03:00
124244035;36254;2026-11-04 13:45;2026-10-10 03:00
124244035;36254;2026-11-04 14:00;2026-10-10 03:00
124244035;36254;2026-11-04 14:15;2026-10-10 03:00
124244035;36254;2026-11-04 14:30;2026-10-10 03:00
124244035;36254;2026-11-04 14:45;2026-10-10 03:00
124244035;36254;2026-11-04 15:00;2026-10-10 03:00
124244035;36254;2026-11-05 07:00;2026-10-10 03:00
124244035;36254;2026-11-05 07:30;2026-10-10 03:00
124244035;36254;2026-11-05 07:45;2026-10-10 03:00
124244035;36254;2026-11-05 08:15;2026-10-10 03:00
124244035;36254;2026-11-05 08:30;2026-10-10 03:00
124244035;36254;2026-11-05 08:45;2026-10-10 03:00
124244035;36254;2026-11-05 09:00;2026-10-10 03:00
124244035;36254;2026-11-05 09:30;2026-10-10 03:00
124244035;36254;2026-11-05 09:45;2026-10-10 03:00
124244035;36254;2026-11-05 11:00;2026-10-10 03:00
124244035;36254;2026-11-05 11:45;2026-10-10 03:00
124244035;36254;2026-11-05 12:00;2026-10-10 03:00
124244035;36254;2026-11-05 12:15;2026-10-10 03:00
124244035;36254;2026-11-05 12:30;2026-10-10 03:00
124244035;36254;2026-11-05 13:45;2026-10-10 03:00
124244035;36254;2026-11-05 14:00;2026-10-10 03:00
124244035;36254;2026-11-05 14:15;2026-10-10 03:00
124244035;36254;2026-11-05 14:30;2026-10-10 03:00
124244035;36254;2026-11-05 14:45;2026-10-10 03:00
124244035;36254;2026-11-05 15:00;2026-10-10 03:00
124244035;36254;2026-11-06 07:30;2026-10-10 03:00
124244035;36254;2026-11-06 07:45;2026-10-10 03:00
124244035;36254;2026-11-06 08:15;2026-10-10 03:00
124244035;36254;2026-11-06 08:30;2026-10-10 03:00
124244035;36254;2026-11-06 08:45;2026-10-10 03:00
124244035;36254;2026-11-06 09:30;2026-10-10 03:00
124244035;36254;2026-11-06 09:45;2026-10-10 03:00
124244035;36254;2026-11-06 11:00;2026-10-10 03:00
124244035;36254;2026-11-06 11:45;2026-10-10 03:00
124244035;36254;2026-11-06 12:00;2026-10-10 03:00
124244035;36254;2026-11-06 13:15;2026-10-10 03:00
124244035;36254;2026-11-06 13:45;2026-10-10 03:00
124244035;36254;2026-11-06 14:00;2026-10-10 03:00
124244035;36254;2026-11-06 14:15;2026-10-10 03:00
124244035;36254;2026-11-06 14:30;2026-10-10 03:00
124244035;36254;2026-11-06 14:45;2026-10-10 03:00
124244035;36225;2026-10-12 11:45;2026-10-10 03:00
124244035;36225;2026-10-13 14:00;2026-10-10 03:00
124244035;36225;2026-10-13 14:15;2026-10-10 03:00
124244035;36225;2026-10-13 15:00;2026-10-10 03:00
124244035;36225;2026-10-13 17:30;2026-10-10 03:00
124244035;36225;2026-10-14 09:30;2026-10-10 03:00
124244035;36225;2026-10-14 11:30;2026-10-10 03:00
124244035;36225;2026-10-14 11:45;2026-10-10 03:00
124244035;36225;2026-10-15 14:00;2026-10-10 03:00
124244035;36225;2026-10-15 14:15;2026-10-10 03:00
124244035;36225;2026-10-15 15:00;2026-10-10 03:00
124244035;36225;2026-10-15 17:30;2026-10-10 03:00
124244035;36225;2026-10-16 14:15;2026-10-10 03:00
124244035;36225;2026-10-16 15:00;2026-10-10 03:00
124244035;36225;2026-10-16 17:30;2026-10-10 03:00
124244035;36225;2026-10-19 10:30;2026-10-10 03:00
124244035;36225;2026-10-19 11:30;2026-10-10 03:00
124244035;36225;2026-10-19 11:45;2026-10-10 03:00
124244035;36225;2026-10-20 14:00;2026-10-10 03:00
124244035;36225;2026-10-20 14:15;2026-10-10 03:00
124244035;36225;2026-10-20 15:00;2026-10-10 03:00
124244035;36225;2026-10-20 17:30;2026-10-10 03:00
124244035;36225;2026-10-21 08:00;2026-10-10 03:00
124244035;36225;2026-10-21 08:15;2026-10-10 03:00
124244035;36225;2026-10-21 08:30;2026-10-10 03:00
124244035;36225;2026-10-21 08:45;2026-10-10 03:00
124244035;36225;2026-10-21 09:00;2026-10-10 03:00
124244035;36225;2026-10-21 10:30;2026-10-10 03:00
124244035;36225;2026-10-21 11:30;2026-10-10 03:00
124244035;36225;2026-10-21 11:45;2026-10-10 03:00
124244035;36225;2026-10-22 13:30;2026-10-10 03:00
124244035;36225;2026-10-22 13:45;2026-10-10 03:00
124244035;36225;2026-10-22 14:00;2026-10-10 03:00
124244035;36225;2026-10-22 14:15;2026-10-10 03:00
124244035;36225;2026-10-22 15:00;2026-10-10 03:00
124244035;36225;2026-10-22 15:30;2026-10-10 03:00
124244035;36225;2026-10-22 15:45;2026-10-10 03:00
124244035;36225;2026-10-22 16:00;2026-10-10 03:00
124244035;36225;2026-10-22 16:15;2026-10-10 03:00
124244035;36225;2026-10-22 17:00;2026-10-10 03:00
124244035;36225;2026-10-22 17:15;2026-10-10 03:00
124244035;36225;2026-10-22 17:30;2026-10-10 03:00
124244035;36225;2026-10-22 17:45;2026-10-10 03:00
124244035;36225;2026-10-22 18:00;2026-10-10 03:00
124244035;36225;2026-10-22 18:15;2026-10-10 03:00
124244035;36225;2026-10-23 07:00;2026-10-10 03:00
124244035;36225;2026-10-23 08:00;2026-10-10 03:00
124244035;36225;2026-10-23 08:15;2026-10-10 03:00
124244035;36225;2026-10-23 09:00;2026-10-10 03:00
124244035;36225;2026-10-23 09:30;2026-10-10 03:00
124244035;36225;2026-10-23 09:45;2026-10-10 03:00
124244035;36225;2026-10-23 10:30;2026-10-10 03:00
124244035;36225;2026-10-23 10:45;2026-10-10 03:00
124244035;36225;2026-10-23 11:30;2026-10-10 03:00
124244035;36225;2026-10-23 11:45;2026-10-10 03:00
124244035;36225;2026-10-26 07:45;2026-10-10 03:00
124244035;36225;2026-10-26 08:00;2026-10-10 03:00
124244035;36225;2026-10-26 08:30;2026-10-10 03:00
124244035;36225;2026-10-26 08:45;2026-10-10 03:00
124244035;36225;2026-10-26 09:00;2026-10-10 03:00
124244035;36225;2026-10-26 09:30;2026-10-10 03:00
124244035;36225;2026-10-26 10:15;2026-10-10 03:00
124244035;36225;2026-10-26 10:30;2026-10-10 03:00
124244035;36225;2026-10-26 10:45;2026-10-10 03:00
124244035;36225;2026-10-26 11:30;2026-10-10 03:00
124244035;36225;2026-10-26 11:45;2026-10-10 03:00
124244035;36225;2026-10-26 12:00;2026-10-10 03:00
124244035;36225;2026-10-27 14:00;2026-10-10 03:00
124244035;36225;2026-10-27 14:15;2026-10-10 03:00
124244035;36225;2026-10-27 14:45;2026-10-10 03:00
124244035;36225;2026-10-27 15:00;2026-10-10 03:00
124244035;36225;2026-10-27 15:15;2026-10-10 03:00
124244035;36225;2026-10-27 15:30;2026-10-10 03:00
124244035;36225;2026-10-27 15:45;2026-10-10 03:00
124244035;36225;2026-10-27 16:00;2026-10-10 03:00
124244035;36225;2026-10-27 16:15;2026-10-10 03:00
124244035;36225;2026-10-27 17:00;2026-10-10 03:00
124244035;36225;2026-10-27 17:15;2026-10-10 03:00
124244035;36225;2026-10-27 17:30;2026-10-10 03:00
124244035;36225;2026-10-27 17:45;2026-10-10 03:00
124244035;36225;2026-10-27 18:00;2026-10-10 03:00
124244035;36225;2026-10-27 18:15;2026-10-10 03:00
124244035;36225;2026-10-27 18:30;2026-10-10 03:00
124244035;36225;2026-10-28 07:00;2026-10-10 03:00
124244035;36225;2026-10-28 07:30;2026-10-10 03:00
124244035;36225;2026-10-28 07:45;2026-10-10 03:00
124244035;36225;2026-10-28 08:00;2026-10-10 03:00
124244035;36225;2026-10-28 08:15;2026-10-10 03:00
124244035;36225;2026-10-28 08:30;2026-10-10 03:00
124244035;36225;2026-10-28 09:00;2026-10-10 03:00
124244035;36225;2026-10-28 09:15;2026-10-10 03:00
124244035;36225;2026-10-28 09:30;2026-10-10 03:00
124244035;36225;2026-10-28 10:00;2026-10-10 03:00
124244035;36225;2026-10-28 10:15;2026-10-10 03:00
124244035;36225;2026-10-28 10:30;2026-10-10 03:00
124244035;36225;2026-10-28 10:45;2026-10-10 03:00
124244035;36225;2026-10-28 11:30;2026-10-10 03:00
124244035;36225;2026-10-28 11:45;2026-10-10 03:00
124244035;36225;2026-10-28 12:00;2026-10-10 03:00
124244035;36225;2026-10-29 13:45;2026-10-10 03:00
124244035;36225;2026-10-29 14:00;2026-10-10 03:00
124244035;36225;2026-10-29 14:15;2026-10-10 03:00
124244035;36225;2026-10-29 14:30;2026-10-10 03:00
124244035;36225;2026-10-29 14:45;2026-10-10 03:00
124244035;36225;2026-10-29 15:00;2026-10-10 03:00
124244035;36225;2026-10-29 15:15;2026-10-10 03:00
124244035;36225;2026-10-29 15:30;2026-10-10 03:00
124244035;36225;2026-10-29 15:45;2026-10-10 03:00
124244035;36225;2026-10-29 16:00;2026-10-10 03:00
124244035;36225;2026-10-29 16:15;2026-10-10 03:00
124244035;36225;2026-10-29 17:00;2026-10-10 03:00
124244035;36225;2026-10-29 17:15;2026-10-10 03:00
124244035;36225;2026-10-29 17:30;2026-10-10 03:00
124244035;36225;2026-10-29 17:45;2026-10-10 03:00
124244035;36225;2026-10-29 18:00;2026-10-10 03:00
124244035;36225;2026-10-29 18:15;2026-10-10 03:00
124244035;36225;2026-10-29 18:30;2026-10-10 03:00
124244035;36225;2026-10-30 13:30;2026-10-10 03:00
124244035;36225;2026-10-30 14:15;2026-10-10 03:00
124244035;36225;2026-10-30 14:30;2026-10-10 03:00
124244035;36225;2026-10-30 15:00;2026-10-10 03:00
124244035;36225;2026-10-30 15:15;2026-10-10 03:00
124244035;36225;2026-10-30 15:30;2026-10-10 03:00
124244035;36225;2026-10-30 15:45;2026-10-10 03:00
124244035;36225;2026-10-30 16:00;2026-10-10 03:00
124244035;36225;2026-10-30 16:15;2026-10-10 03:00
124244035;36225;2026-10-30 17:15;2026-10-10 03:00
124244035;36225;2026-10-30 17:30;2026-10-10 03:00
124244035;36225;2026-10-30 17:45;2026-10-10 03:00
124244035;36225;2026-10-30 18:00;2026-10-10 03:00
124244035;36225;2026-10-30 18:15;2026-10-10 03:00
124244035;36225;2026-10-30 18:30;2026-10-10 03:00
124244035;36225;2026-11-03 07:00;2026-10-10 03:00
124244035;36225;2026-11-03 07:30;2026-10-10 03:00
124244035;36225;2026-11-03 07:45;2026-10-10 03:00
124244035;36225;2026-11-03 08:00;2026-10-10 03:00
124244035;36225;2026-11-03 08:15;2026-10-10 03:00
124244035;36225;2026-11-03 08:30;2026-10-10 03:00
124244035;36225;2026-11-03 08:45;2026-10-10 03:00
124244035;36225;2026-11-03 09:00;2026-10-10 03:00
124244035;36225;2026-11-03 09:15;2026-10-10 03:00
124244035;36225;2026-11-03 09:45;2026-10-10 03:00
124244035;36225;2026-11-03 10:15;2026-10-10 03:00
124244035;36225;2026-11-03 10:30;2026-10-10 03:00
124244035;36225;2026-11-03 10:45;2026-10-10 03:00
124244035;36225;2026-11-03 11:30;2026-10-10 03:00
124244035;36225;2026-11-03 11:45;2026-10-10 03:00
124244035;36225;2026-11-03 12:00;2026-10-10 03:00
124244035;36225;2026-11-04 13:30;2026-10-10 03:00
124244035;36225;2026-11-04 13:45;2026-10-10 03:00
124244035;36225;2026-11-04 14:00;2026-10-10 03:00
124244035;36225;2026-11-04 14:15;2026-10-10 03:00
124244035;36225;2026-11-04 14:30;2026-10-10 03:00
124244035;36225;2026-11-04 14:45;2026-10-10 03:00
124244035;36225;2026-11-04 15:00;2026-10-10 03:00
124244035;36225;2026-11-04 15:15;2026-10-10 03:00
124244035;36225;2026-11-04 15:30;2026-10-10 03:00
124244035;36225;2026-11-04 15:45;2026-10-10 03:00
124244035;36225;2026-11-04 16:00;2026-10-10 03:00
124244035;36225;2026-11-04 16:15;2026-10-10 03:00
124244035;36225;2026-11-04 17:00;2026-10-10 03:00
124244035;36225;2026-11-04 17:15;2026-10-10 03:00
124244035;36225;2026-11-04 17:30;2026-10-10 03:00
124244035;36225;2026-11-04 17:45;2026-10-10 03:00
124244035;36225;2026-11-04 18:00;2026-10-10 03:00
124244035;36225;2026-11-04 18:15;2026-10-10 03:00
124244035;36225;2026-11-04 18:30;2026-10-10 03:00
124244035;36225;2026-11-05 07:00;2026-10-10 03:00
124244035;36225;2026-11-05 07:15;2026-10-10 03:00
124244035;36225;2026-11-05 07:30;2026-10-10 03:00
124244035;36225;2026-11-05 07:45;2026-10-10 03:00
124244035;36225;2026-11-05 08:00;2026-10-10 03:00
124244035;36225;2026-11-05 08:15;2026-10-10 03:00
124244035;36225;2026-11-05 08:30;2026-10-10 03:00
124244035;36225;2026-11-05 08:45;2026-10-10 03:00
124244035;36225;2026-11-05 09:00;2026-10-10 03:00
124244035;36225;2026-11-05 09:30;2026-10-10 03:00
124244035;36225;2026-11-05 09:45;2026-10-10 03:00
124244035;36225;2026-11-05 10:00;2026-10-10 03:00
124244035;36225;2026-11-05 10:30;2026-10-10 03:00
124244035;36225;2026-11-05 10:45;2026-10-10 03:00
124244035;36225;2026-11-05 11:30;2026-10-10 03:00
124244035;36225;2026-11-05 11:45;2026-10-10 03:00
124244035;36225;2026-11-06 13:30;2026-10-10 03:00
124244035;36225;2026-11-06 14:15;2026-10-10 03:00
124244035;36225;2026-11-06 14:45;2026-10-10 03:00
124244035;36225;2026-11-06 15:00;2026-10-10 03:00
124244035;36225;2026-11-06 15:15;2026-10-10 03:00
124244035;36225;2026-11-06 15:30;2026-10-10 03:00
124244035;36225;2026-11-06 15:45;2026-10-10 03:00
124244035;36225;2026-11-06 16:00;2026-10-10 03:00
124244035;36225;2026-11-06 16:15;2026-10-10 03:00
124244035;36225;2026-11-06 17:00;2026-10-10 03:00
124244035;36225;2026-11-06 17:15;2026-10-10 03:00
124244035;36225;2026-11-06 17:30;2026-10-10 03:00
124244035;36225;2026-11-06 17:45;2026-10-10 03:00
124244035;36225;2026-11-06 18:00;2026-10-10 03:00
124244035;36225;2026-11-06 18:15;2026-10-10 03:00
124244035;36225;2026-11-06 18:30;2026-10-10 03:00
124244035;36225;2026-11-09 14:00;2026-10-10 03:00
124244035;36225;2026-11-09 14:15;2026-10-10 03:00
124244035;36225;2026-11-09 14:30;2026-10-10 03:00
124244035;36225;2026-11-09 14:45;2026-10-10 03:00
124244035;36225;2026-11-09 15:00;2026-10-10 03:00
124244035;36225;2026-11-09 15:15;2026-10-10 03:00
124244035;36225;2026-11-09 15:30;2026-10-10 03:00
124244035;36225;2026-11-09 15:45;2026-10-10 03:00
124244035;36225;2026-11-09 16:00;2026-10-10 03:00
124244035;36225;2026-11-09 16:15;2026-10-10 03:00
124244035;36225;2026-11-09 17:00;2026-10-10 03:00
124244035;36225;2026-11-09 17:15;2026-10-10 03:00
124244035;36225;2026-11-09 17:30;2026-10-10 03:00
124244035;36225;2026-11-09 17:45;2026-10-10 03:00
124244035;36225;2026-11-09 18:00;2026-10-10 03:00
124244035;36225;2026-11-09 18:15;2026-10-10 03:00
124244035;36225;2026-11-09 18:30;2026-10-10 03:00
124244035;36225;2026-11-10 07:00;2026-10-10 03:00
124244035;36225;2026-11-10 07:15;2026-10-10 03:00
124244035;36225;2026-11-10 07:30;2026-10-10 03:00
124244035;36225;2026-11-10 07:45;2026-10-10 03:00
124244035;36225;2026-11-10 08:00;2026-10-10 03:00
124244035;36225;2026-11-10 08:15;2026-10-10 03:00
124244035;36225;2026-11-10 08:30;2026-10-10 03:00
124244035;36225;2026-11-10 08:45;2026-10-10 03:00
124244035;36225;2026-11-10 09:00;2026-10-10 03:00
124244035;36225;2026-11-10 09:15;2026-10-10 03:00
124244035;36225;2026-11-10 09:30;2026-10-10 03:00
124244035;36225;2026-11-10 09:45;2026-10-10 03:00
124244035;36225;2026-11-10 10:00;2026-10-10 03:00
124244035;36225;2026-11-10 10:15;2026-10-10 03:00
124244035;36225;2026-11-10 10:30;2026-10-10 03:00
124244035;36225;2026-11-10 10:45;2026-10-10 03:00
124244035;36225;2026-11-10 11:30;2026-10-10 03:00
124244035;36225;2026-11-10 11:45;2026-10-10 03:00
124244035;36225;2026-11-10 12:00;2026-10-10 03:00
124244035;36196;2026-10-12 14:00;2026-10-10 03:00
124244035;36196;2026-10-12 14:15;2026-10-10 03:00
124244035;36196;2026-10-12 15:00;2026-10-10 03:00
124244035;36196;2026-10-12 17:30;2026-10-10 03:00
124244035;36196;2026-10-13 09:00;2026-10-10 03:00
124244035;36196;2026-10-13 10:30;2026-10-10 03:00
124244035;36196;2026-10-13 11:30;2026-10-10 03:00
124244035;36196;2026-10-13 11:45;2026-10-10 03:00
124244035;36196;2026-10-14 14:00;2026-10-10 03:00
124244035;36196;2026-10-14 14:15;2026-10-10 03:00
124244035;36196;2026-10-14 15:00;2026-10-10 03:00
124244035;36196;2026-10-14 17:30;2026-10-10 03:00
124244035;36196;2026-10-15 09:00;2026-10-10 03:00
124244035;36196;2026-10-15 10:30;2026-10-10 03:00
124244035;36196;2026-10-15 11:30;2026-10-10 03:00
124244035;36196;2026-10-15 11:45;2026-10-10 03:00
124244035;36196;2026-10-16 10:30;2026-10-10 03:00
124244035;36196;2026-10-16 11:30;2026-10-10 03:00
124244035;36196;2026-10-19 14:00;2026-10-10 03:00
124244035;36196;2026-10-19 14:15;2026-10-10 03:00
124244035;36196;2026-10-19 15:00;2026-10-10 03:00
124244035;36196;2026-10-19 17:15;2026-10-10 03:00
124244035;36196;2026-10-19 17:30;2026-10-10 03:00
124244035;36196;2026-10-19 17:45;2026-10-10 03:00
124244035;36196;2026-10-19 18:15;2026-10-10 03:00
124244035;36196;2026-10-20 07:15;2026-10-10 03:00
124244035;36196;2026-10-20 07:30;2026-10-10 03:00
124244035;36196;2026-10-20 08:00;2026-10-10 03:00
124244035;36196;2026-10-20 08:15;2026-10-10 03:00
124244035;36196;2026-10-20 08:30;2026-10-10 03:00
124244035;36196;2026-10-20 09:00;2026-10-10 03:00
124244035;36196;2026-10-20 09:45;2026-10-10 03:00
124244035;36196;2026-10-20 10:00;2026-10-10 03:00
124244035;36196;2026-10-20 10:30;2026-10-10 03:00
124244035;36196;2026-10-20 11:30;2026-10-10 03:00
124244035;36196;2026-10-20 11:45;2026-10-10 03:00
124244035;36196;2026-10-21 14:00;2026-10-10 03:00
124244035;36196;2026-10-21 14:15;2026-10-10 03:00
124244035;36196;2026-10-21 15:00;2026-10-10 03:00
124244035;36196;2026-10-21 15:30;2026-10-10 03:00
124244035;36196;2026-10-21 15:45;2026-10-10 03:00
124244035;36196;2026-10-21 16:00;2026-10-10 03:00
124244035;36196;2026-10-21 16:15;2026-10-10 03:00
124244035;36196;2026-10-21 17:00;2026-10-10 03:00
124244035;36196;2026-10-21 17:15;2026-10-10 03:00
124244035;36196;2026-10-21 17:30;2026-10-10 03:00
124244035;36196;2026-10-21 17:45;2026-10-10 03:00
124244035;36196;2026-10-21 18:00;2026-10-10 03:00
124244035;36196;2026-10-21 18:30;2026-10-10 03:00
124244035;36196;2026-10-22 07:00;2026-10-10 03:00
124244035;36196;2026-10-22 07:15;2026-10-10 03:00
124244035;36196;2026-10-22 07:30;2026-10-10 03:00
124244035;36196;2026-10-22 07:45;2026-10-10 03:00
124244035;36196;2026-10-22 08:15;2026-10-10 03:00
124244035;36196;2026-10-22 08:45;2026-10-10 03:00
124244035;36196;2026-10-22 09:00;2026-10-10 03:00
124244035;36196;2026-10-22 09:15;2026-10-10 03:00
124244035;36196;2026-10-22 09:30;2026-10-10 03:00
124244035;36196;2026-10-22 09:45;2026-10-10 03:00
124244035;36196;2026-10-22 10:00;2026-10-10 03:00
124244035;36196;2026-10-22 10:15;2026-10-10 03:00
124244035;36196;2026-10-22 10:30;2026-10-10 03:00
124244035;36196;2026-10-22 10:45;2026-10-10 03:00
124244035;36196;2026-10-22 11:30;2026-10-10 03:00
124244035;36196;2026-10-22 11:45;2026-10-10 03:00
124244035;36196;2026-10-22 12:00;2026-10-10 03:00
124244035;36196;2026-10-23 13:30;2026-10-10 03:00
124244035;36196;2026-10-23 14:15;2026-10-10 03:00
124244035;36196;2026-10-23 14:30;2026-10-10 03:00
124244035;36196;2026-10-23 14:45;2026-10-10 03:00
124244035;36196;2026-10-23 15:00;2026-10-10 03:00
124244035;36196;2026-10-23 15:15;2026-10-10 03:00
124244035;36196;2026-10-23 15:30;2026-10-10 03:00
124244035;36196;2026-10-23 15:45;2026-10-10 03:00
124244035;36196;2026-10-23 16:00;2026-10-10 03:00
124244035;36196;2026-10-23 16:15;2026-10-10 03:00
124244035;36196;2026-10-23 17:30;2026-10-10 03:00
124244035;36196;2026-10-23 17:45;2026-10-10 03:00
124244035;36196;2026-10-23 18:00;2026-10-10 03:00
124244035;36196;2026-10-23 18:15;2026-10-10 03:00
124244035;36196;2026-10-23 18:30;2026-10-10 03:00
124244035;36196;2026-10-26 13:30;2026-10-10 03:00
124244035;36196;2026-10-26 13:45;2026-10-10 03:00
124244035;36196;2026-10-26 14:00;2026-10-10 03:00
124244035;36196;2026-10-26 14:15;2026-10-10 03:00
124244035;36196;2026-10-26 14:30;2026-10-10 03:00
124244035;36196;2026-10-26 14:45;2026-10-10 03:00
124244035;36196;2026-10-26 15:00;2026-10-10 03:00
124244035;36196;2026-10-26 15:15;2026-10-10 03:00
124244035;36196;2026-10-26 15:30;2026-10-10 03:00
124244035;36196;2026-10-26 15:45;2026-10-10 03:00
124244035;36196;2026-10-26 16:00;2026-10-10 03:00
124244035;36196;2026-10-26 17:00;2026-10-10 03:00
124244035;36196;2026-10-26 17:15;2026-10-10 03:00
124244035;36196;2026-10-26 17:30;2026-10-10 03:00
124244035;36196;2026-10-26 17:45;2026-10-10 03:00
124244035;36196;2026-10-26 18:00;2026-10-10 03:00
124244035;36196;2026-10-26 18:15;2026-10-10 03:00
124244035;36196;2026-10-27 07:00;2026-10-10 03:00
124244035;36196;2026-10-27 07:15;2026-10-10 03:00
124244035;36196;2026-10-27 07:30;2026-10-10 03:00
124244035;36196;2026-10-27 07:45;2026-10-10 03:00
124244035;36196;2026-10-27 08:15;2026-10-10 03:00
124244035;36196;2026-10-27 08:30;2026-10-10 03:00
124244035;36196;2026-10-27 08:45;2026-10-10 03:00
124244035;36196;2026-10-27 09:00;2026-10-10 03:00
124244035;36196;2026-10-27 09:15;2026-10-10 03:00
124244035;36196;2026-10-27 09:30;2026-10-10 03:00
124244035;36196;2026-10-27 09:45;2026-10-10 03:00
124244035;36196;2026-10-27 10:00;2026-10-10 03:00
124244035;36196;2026-10-27 10:15;2026-10-10 03:00
124244035;36196;2026-10-27 10:30;2026-10-10 03:00
124244035;36196;2026-10-27 10:45;2026-10-10 03:00
124244035;36196;2026-10-27 11:30;2026-10-10 03:00
124244035;36196;2026-10-27 11:45;2026-10-10 03:00
124244035;36196;2026-10-27 12:00;2026-10-10 03:00
124244035;36196;2026-10-28 13:30;2026-10-10 03:00
124244035;36196;2026-10-28 14:00;2026-10-10 03:00
124244035;36196;2026-10-28 14:15;2026-10-10 03:00
124244035;36196;2026-10-28 14:30;2026-10-10 03:00
124244035;36196;2026-10-28 14:45;2026-10-10 03:00
124244035;36196;2026-10-28 15:00;2026-10-10 03:00
124244035;36196;2026-10-28 15:15;2026-10-10 03:00
124244035;36196;2026-10-28 15:30;2026-10-10 03:00
124244035;36196;2026-10-28 15:45;2026-10-10 03:00
124244035;36196;2026-10-28 16:00;2026-10-10 03:00
124244035;36196;2026-10-28 16:15;2026-10-10 03:00
124244035;36196;2026-10-28 17:00;2026-10-10 03:00
124244035;36196;2026-10-28 17:15;2026-10-10 03:00
124244035;36196;2026-10-28 17:30;2026-10-10 03:00
124244035;36196;2026-10-28 17:45;2026-10-10 03:00
124244035;36196;2026-10-28 18:00;2026-10-10 03:00
124244035;36196;2026-10-28 18:15;2026-10-10 03:00
124244035;36196;2026-10-28 18:30;2026-10-10 03:00
124244035;36196;2026-10-29 07:00;2026-10-10 03:00
124244035;36196;2026-10-29 07:15;2026-10-10 03:00
124244035;36196;2026-10-29 07:30;2026-10-10 03:00
124244035;36196;2026-10-29 07:45;2026-10-10 03:00
124244035;36196;2026-10-29 08:00;2026-10-10 03:00
124244035;36196;2026-10-29 08:15;2026-10-10 03:00
124244035;36196;2026-10-29 08:30;2026-10-10 03:00
124244035;36196;2026-10-29 09:00;2026-10-10 03:00
124244035;36196;2026-10-29 09:15;2026-10-10 03:00
124244035;36196;2026-10-29 09:30;2026-10-10 03:00
124244035;36196;2026-10-29 09:45;2026-10-10 03:00
124244035;36196;2026-10-29 10:00;2026-10-10 03:00
124244035;36196;2026-10-29 10:15;2026-10-10 03:00
124244035;36196;2026-10-29 10:30;2026-10-10 03:00
124244035;36196;2026-10-29 10:45;2026-10-10 03:00
124244035;36196;2026-10-29 11:30;2026-10-10 03:00
124244035;36196;2026-10-29 11:45;2026-10-10 03:00
124244035;36196;2026-10-29 12:00;2026-10-10 03:00
124244035;36196;2026-10-30 07:00;2026-10-10 03:00
124244035;36196;2026-10-30 07:15;2026-10-10 03:00
124244035;36196;2026-10-30 07:30;2026-10-10 03:00
124244035;36196;2026-10-30 07:45;2026-10-10 03:00
124244035;36196;2026-10-30 08:00;2026-10-10 03:00
124244035;36196;2026-10-30 08:15;2026-10-10 03:00
124244035;36196;2026-10-30 09:00;2026-10-10 03:00
124244035;36196;2026-10-30 09:15;2026-10-10 03:00
124244035;36196;2026-10-30 09:30;2026-10-10 03:00
124244035;36196;2026-10-30 09:45;2026-10-10 03:00
124244035;36196;2026-10-30 10:00;2026-10-10 03:00
124244035;36196;2026-10-30 10:15;2026-10-10 03:00
124244035;36196;2026-10-30 10:30;2026-10-10 03:00
124244035;36196;2026-10-30 10:45;2026-10-10 03:00
124244035;36196;2026-10-30 11:30;2026-10-10 03:00
124244035;36196;2026-10-30 12:00;2026-10-10 03:00
124244035;36196;2026-11-03 13:30;2026-10-10 03:00
124244035;36196;2026-11-03 14:00;2026-10-10 03:00
124244035;36196;2026-11-03 14:15;2026-10-10 03:00
124244035;36196;2026-11-03 14:30;2026-10-10 03:00
124244035;36196;2026-11-03 14:45;2026-10-10 03:00
124244035;36196;2026-11-03 15:00;2026-10-10 03:00
124244035;36196;2026-11-03 15:15;2026-10-10 03:00
124244035;36196;2026-11-03 15:30;2026-10-10 03:00
124244035;36196;2026-11-03 15:45;2026-10-10 03:00
124244035;36196;2026-11-03 16:00;2026-10-10 03:00
124244035;36196;2026-11-03 16:15;2026-10-10 03:00
124244035;36196;2026-11-03 17:00;2026-10-10 03:00
124244035;36196;2026-11-03 17:15;2026-10-10 03:00
124244035;36196;2026-11-03 17:30;2026-10-10 03:00
124244035;36196;2026-11-03 17:45;2026-10-10 03:00
124244035;36196;2026-11-03 18:00;2026-10-10 03:00
124244035;36196;2026-11-03 18:15;2026-10-10 03:00
124244035;36196;2026-11-03 18:30;2026-10-10 03:00
124244035;36196;2026-11-04 07:00;2026-10-10 03:00
124244035;36196;2026-11-04 07:15;2026-10-10 03:00
124244035;36196;2026-11-04 07:45;2026-10-10 03:00
124244035;36196;2026-11-04 08:00;2026-10-10 03:00
124244035;36196;2026-11-04 08:15;2026-10-10 03:00
124244035;36196;2026-11-04 08:30;2026-10-10 03:00
124244035;36196;2026-11-04 09:00;2026-10-10 03:00
124244035;36196;2026-11-04 09:15;2026-10-10 03:00
124244035;36196;2026-11-04 09:30;2026-10-10 03:00
124244035;36196;2026-11-04 09:45;2026-10-10 03:00
124244035;36196;2026-11-04 10:00;2026-10-10 03:00
124244035;36196;2026-11-04 10:15;2026-10-10 03:00
124244035;36196;2026-11-04 10:30;2026-10-10 03:00
124244035;36196;2026-11-04 10:45;2026-10-10 03:00
124244035;36196;2026-11-04 11:30;2026-10-10 03:00
124244035;36196;2026-11-04 11:45;2026-10-10 03:00
124244035;36196;2026-11-04 12:00;2026-10-10 03:00
124244035;36196;2026-11-05 13:30;2026-10-10 03:00
124244035;36196;2026-11-05 13:45;2026-10-10 03:00
124244035;36196;2026-11-05 14:00;2026-10-10 03:00
124244035;36196;2026-11-05 14:15;2026-10-10 03:00
124244035;36196;2026-11-05 14:30;2026-10-10 03:00
124244035;36196;2026-11-05 14:45;2026-10-10 03:00
124244035;36196;2026-11-05 15:00;2026-10-10 03:00
124244035;36196;2026-11-05 15:15;2026-10-10 03:00
124244035;36196;2026-11-05 15:30;2026-10-10 03:00
124244035;36196;2026-11-05 15:45;2026-10-10 03:00
124244035;36196;2026-11-05 16:00;2026-10-10 03:00
124244035;36196;2026-11-05 16:15;2026-10-10 03:00
124244035;36196;2026-11-05 17:00;2026-10-10 03:00
124244035;36196;2026-11-05 17:15;2026-10-10 03:00
124244035;36196;2026-11-05 17:30;2026-10-10 03:00
124244035;36196;2026-11-05 17:45;2026-10-10 03:00
124244035;36196;2026-11-05 18:00;2026-10-10 03:00
124244035;36196;2026-11-05 18:15;2026-10-10 03:00
124244035;36196;2026-11-05 18:30;2026-10-10 03:00
124244035;36196;2026-11-09 07:00;2026-10-10 03:00
124244035;36196;2026-11-09 07:15;2026-10-10 03:00
124244035;36196;2026-11-09 07:30;2026-10-10 03:00
124244035;36196;2026-11-09 07:45;2026-10-10 03:00
124244035;36196;2026-11-09 08:00;2026-10-10 03:00
124244035;36196;2026-11-09 08:15;2026-10-10 03:00
124244035;36196;2026-11-09 08:30;2026-10-10 03:00
124244035;36196;2026-11-09 08:45;2026-10-10 03:00
124244035;36196;2026-11-09 09:00;2026-10-10 03:00
124244035;36196;2026-11-09 09:15;2026-10-10 03:00
124244035;36196;2026-11-09 09:30;2026-10-10 03:00
124244035;36196;2026-11-09 09:45;2026-10-10 03:00
124244035;36196;2026-11-09 10:00;2026-10-10 03:00
124244035;36196;2026-11-09 10:15;2026-10-10 03:00
124244035;36196;2026-11-09 10:30;2026-10-10 03:00
124244035;36196;2026-11-09 10:45;2026-10-10 03:00
124244035;36196;2026-11-09 11:30;2026-10-10 03:00
124244035;36196;2026-11-09 11:45;2026-10-10 03:00
124244035;36196;2026-11-09 12:00;2026-10-10 03:00
124244035;36196;2026-11-10 13:30;2026-10-10 03:00
124244035;36196;2026-11-10 13:45;2026-10-10 03:00
124244035;36196;2026-11-10 14:00;2026-10-10 03:00
124244035;36196;2026-11-10 14:15;2026-10-10 03:00
124244035;36196;2026-11-10 14:30;2026-10-10 03:00
124244035;36196;2026-11-10 14:45;2026-10-10 03:00
124244035;36196;2026-11-10 15:00;2026-10-10 03:00
124244035;36196;2026-11-10 15:15;2026-10-10 03:00
124244035;36196;2026-11-10 15:30;2026-10-10 03:00
124244035;36196;2026-11-10 15:45;2026-10-10 03:00
124244035;36196;2026-11-10 16:00;2026-10-10 03:00
124244035;36196;2026-11-10 16:15;2026-10-10 03:00
124244035;36196;2026-11-10 17:00;2026-10-10 03:00
124244035;36196;2026-11-10 17:15;2026-10-10 03:00
124244035;36196;2026-11-10 17:30;2026-10-10 03:00
124244035;36196;2026-11-10 18:00;2026-10-10 03:00
124244035;36196;2026-11-10 18:15;2026-10-10 03:00
124244035;36196;2026-11-10 18:30;2026-10-10 03:00
124244035;361;2026-10-12 08:45;2026-10-10 03:00
124244035;361;2026-10-12 09:30;2026-10-10 03:00
124244035;361;2026-10-12 11:30;2026-10-10 03:00
124244035;361;2026-10-12 12:30;2026-10-10 03:00
124244035;361;2026-10-13 13:00;2026-10-10 03:00
124244035;361;2026-10-13 15:00;2026-10-10 03:00
124244035;361;2026-10-13 16:40;2026-10-10 03:00
124244035;361;2026-10-14 09:30;2026-10-10 03:00
124244035;361;2026-10-14 11:30;2026-10-10 03:00
124244035;361;2026-10-14 12:30;2026-10-10 03:00
124244035;361;2026-10-15 13:00;2026-10-10 03:00
124244035;361;2026-10-15 15:00;2026-10-10 03:00
124244035;361;2026-10-15 16:40;2026-10-10 03:00
124244035;361;2026-10-15 17:55;2026-10-10 03:00
124244035;361;2026-10-16 08:45;2026-10-10 03:00
124244035;361;2026-10-16 09:30;2026-10-10 03:00
124244035;361;2026-10-16 11:30;2026-10-10 03:00
124244035;361;2026-10-16 12:30;2026-10-10 03:00
124244035;361;2026-10-16 13:15;2026-10-10 03:00
124244035;361;2026-10-16 13:30;2026-10-10 03:00
124244035;361;2026-10-16 14:00;2026-10-10 03:00
124244035;361;2026-10-16 15:45;2026-10-10 03:00
124244035;361;2026-10-16 16:00;2026-10-10 03:00
124244035;361;2026-10-19 07:15;2026-10-10 03:00
124244035;361;2026-10-19 07:45;2026-10-10 03:00
124244035;361;2026-10-19 08:00;2026-10-10 03:00
124244035;361;2026-10-19 08:15;2026-10-10 03:00
124244035;361;2026-10-19 08:30;2026-10-10 03:00
124244035;361;2026-10-19 08:45;2026-10-10 03:00
124244035;361;2026-10-19 09:00;2026-10-10 03:00
124244035;361;2026-10-19 09:15;2026-10-10 03:00
124244035;361;2026-10-19 09:30;2026-10-10 03:00
124244035;361;2026-10-19 09:45;2026-10-10 03:00
124244035;361;2026-10-19 11:30;2026-10-10 03:00
124244035;361;2026-10-19 12:00;2026-10-10 03:00
124244035;361;2026-10-19 12:15;2026-10-10 03:00
124244035;361;2026-10-19 12:30;2026-10-10 03:00
124244035;361;2026-10-19 13:15;2026-10-10 03:00
124244035;361;2026-10-19 13:30;2026-10-10 03:00
124244035;361;2026-10-19 14:00;2026-10-10 03:00
124244035;361;2026-10-19 15:45;2026-10-10 03:00
124244035;361;2026-10-19 16:00;2026-10-10 03:00
124244035;361;2026-10-20 10:30;2026-10-10 03:00
124244035;361;2026-10-20 11:00;2026-10-10 03:00
124244035;361;2026-10-20 11:15;2026-10-10 03:00
124244035;361;2026-10-20 11:30;2026-10-10 03:00
124244035;361;2026-10-20 11:45;2026-10-10 03:00
124244035;361;2026-10-20 12:00;2026-10-10 03:00
124244035;361;2026-10-20 12:15;2026-10-10 03:00
124244035;361;2026-10-20 12:30;2026-10-10 03:00
124244035;361;2026-10-20 12:45;2026-10-10 03:00
124244035;361;2026-10-20 13:00;2026-10-10 03:00
124244035;361;2026-10-20 14:00;2026-10-10 03:00
124244035;361;2026-10-20 14:30;2026-10-10 03:00
124244035;361;2026-10-20 14:45;2026-10-10 03:00
124244035;361;2026-10-20 15:00;2026-10-10 03:00
124244035;361;2026-10-20 15:15;2026-10-10 03:00
124244035;361;2026-10-20 15:30;2026-10-10 03:00
124244035;361;2026-10-20 15:45;2026-10-10 03:00
124244035;361;2026-10-20 16:00;2026-10-10 03:00
124244035;361;2026-10-20 16:15;2026-10-10 03:00
124244035;361;2026-10-20 16:30;2026-10-10 03:00
124244035;361;2026-10-20 16:40;2026-10-10 03:00
124244035;361;2026-10-20 16:55;2026-10-10 03:00
124244035;361;2026-10-20 17:25;2026-10-10 03:00
124244035;361;2026-10-20 17:55;2026-10-10 03:00
124244035;361;2026-10-21 07:00;2026-10-10 03:00
124244035;361;2026-10-21 07:15;2026-10-10 03:00
124244035;361;2026-10-21 07:45;2026-10-10 03:00
124244035;361;2026-10-21 08:00;2026-10-10 03:00
124244035;361;2026-10-21 08:15;2026-10-10 03:00
124244035;361;2026-10-21 08:30;2026-10-10 03:00
124244035;361;2026-10-21 08:45;2026-10-10 03:00
124244035;361;2026-10-21 09:00;2026-10-10 03:00
124244035;361;2026-10-21 09:15;2026-10-10 03:00
124244035;361;2026-10-21 09:30;2026-10-10 03:00
124244035;361;2026-10-21 09:45;2026-10-10 03:00
124244035;361;2026-10-21 10:30;2026-10-10 03:00
124244035;361;2026-10-21 11:15;2026-10-10 03:00
124244035;361;2026-10-21 11:30;2026-10-10 03:00
124244035;361;2026-10-21 11:45;2026-10-10 03:00
124244035;361;2026-10-21 12:00;2026-10-10 03:00
124244035;361;2026-10-21 12:15;2026-10-10 03:00
124244035;361;2026-10-21 12:30;2026-10-10 03:00
124244035;361;2026-10-21 13:00;2026-10-10 03:00
124244035;361;2026-10-21 13:15;2026-10-10 03:00
124244035;361;2026-10-21 13:30;2026-10-10 03:00
124244035;361;2026-10-21 14:00;2026-10-10 03:00
124244035;361;2026-10-21 15:45;2026-10-10 03:00
124244035;361;2026-10-21 16:00;2026-10-10 03:00
124244035;361;2026-10-22 10:30;2026-10-10 03:00
124244035;361;2026-10-22 11:00;2026-10-10 03:00
124244035;361;2026-10-22 11:15;2026-10-10 03:00
124244035;361;2026-10-22 11:30;2026-10-10 03:00
124244035;361;2026-10-22 11:45;2026-10-10 03:00
124244035;361;2026-10-22 12:00;2026-10-10 03:00
124244035;361;2026-10-22 12:15;2026-10-10 03:00
124244035;361;2026-10-22 12:45;2026-10-10 03:00
124244035;361;2026-10-22 13:00;2026-10-10 03:00
124244035;361;2026-10-22 13:15;2026-10-10 03:00
124244035;361;2026-10-22 14:00;2026-10-10 03:00
124244035;361;2026-10-22 14:15;2026-10-10 03:00
124244035;361;2026-10-22 14:30;2026-10-10 03:00
124244035;361;2026-10-22 15:00;2026-10-10 03:00
124244035;361;2026-10-22 15:15;2026-10-10 03:00
124244035;361;2026-10-22 15:30;2026-10-10 03:00
124244035;361;2026-10-22 15:45;2026-10-10 03:00
124244035;361;2026-10-22 16:00;2026-10-10 03:00
124244035;361;2026-10-22 16:15;2026-10-10 03:00
124244035;361;2026-10-22 16:30;2026-10-10 03:00
124244035;361;2026-10-22 16:40;2026-10-10 03:00
124244035;361;2026-10-22 17:25;2026-10-10 03:00
124244035;361;2026-10-23 07:00;2026-10-10 03:00
124244035;361;2026-10-23 07:15;2026-10-10 03:00
124244035;361;2026-10-23 07:45;2026-10-10 03:00
124244035;361;2026-10-23 08:15;2026-10-10 03:00
124244035;361;2026-10-23 08:30;2026-10-10 03:00
124244035;361;2026-10-23 08:45;2026-10-10 03:00
124244035;361;2026-10-23 09:15;2026-10-10 03:00
124244035;361;2026-10-23 09:30;2026-10-10 03:00
124244035;361;2026-10-23 09:45;2026-10-10 03:00
124244035;361;2026-10-23 11:30;2026-10-10 03:00
124244035;361;2026-10-23 11:45;2026-10-10 03:00
124244035;361;2026-10-23 12:15;2026-10-10 03:00
124244035;361;2026-10-23 12:30;2026-10-10 03:00
124244035;361;2026-10-23 12:45;2026-10-10 03:00
124244035;361;2026-10-23 13:00;2026-10-10 03:00
124244035;361;2026-10-23 13:15;2026-10-10 03:00
124244035;361;2026-10-23 13:30;2026-10-10 03:00
124244035;361;2026-10-23 14:00;2026-10-10 03:00
124244035;361;2026-10-23 15:30;2026-10-10 03:00
124244035;361;2026-10-23 15:45;2026-10-10 03:00
124244035;361;2026-10-23 16:00;2026-10-10 03:00
124244035;361;2026-10-26 07:15;2026-10-10 03:00
124244035;361;2026-10-26 07:45;2026-10-10 03:00
124244035;361;2026-10-26 08:00;2026-10-10 03:00
124244035;361;2026-10-26 08:15;2026-10-10 03:00
124244035;361;2026-10-26 08:30;2026-10-10 03:00
124244035;361;2026-10-26 08:45;2026-10-10 03:00
124244035;361;2026-10-26 09:15;2026-10-10 03:00
124244035;361;2026-10-26 09:30;2026-10-10 03:00
124244035;361;2026-10-26 09:45;2026-10-10 03:00
124244035;361;2026-10-26 10:30;2026-10-10 03:00
124244035;361;2026-10-26 11:00;2026-10-10 03:00
124244035;361;2026-10-26 11:15;2026-10-10 03:00
124244035;361;2026-10-26 11:30;2026-10-10 03:00
124244035;361;2026-10-26 11:45;2026-10-10 03:00
124244035;361;2026-10-26 12:00;2026-10-10 03:00
124244035;361;2026-10-26 12:15;2026-10-10 03:00
124244035;361;2026-10-26 12:30;2026-10-10 03:00
124244035;361;2026-10-26 12:45;2026-10-10 03:00
124244035;361;2026-10-26 13:00;2026-10-10 03:00
124244035;361;2026-10-26 13:15;2026-10-10 03:00
124244035;361;2026-10-26 13:30;2026-10-10 03:00
124244035;361;2026-10-26 14:00;2026-10-10 03:00
124244035;361;2026-10-26 15:30;2026-10-10 03:00
124244035;361;2026-10-26 15:45;2026-10-10 03:00
124244035;361;2026-10-26 16:00;2026-10-10 03:00
124244035;361;2026-10-27 10:30;2026-10-10 03:00
124244035;361;2026-10-27 11:00;2026-10-10 03:00
124244035;361;2026-10-27 11:15;2026-10-10 03:00
124244035;361;2026-10-27 11:30;2026-10-10 03:00
124244035;361;2026-10-27 11:45;2026-10-10 03:00
124244035;361;2026-10-27 12:00;2026-10-10 03:00
124244035;361;2026-10-27 12:15;2026-10-10 03:00
124244035;361;2026-10-27 12:30;2026-10-10 03:00
124244035;361;2026-10-27 12:45;2026-10-10 03:00
124244035;361;2026-10-27 13:00;2026-10-10 03:00
124244035;361;2026-10-27 14:00;2026-10-10 03:00
124244035;361;2026-10-27 14:15;2026-10-10 03:00
124244035;361;2026-10-27 14:30;2026-10-10 03:00
124244035;361;2026-10-27 14:45;2026-10-10 03:00
124244035;361;2026-10-27 15:00;2026-10-10 03:00
124244035;361;2026-10-27 16:15;2026-10-10 03:00
124244035;361;2026-10-27 16:30;2026-10-10 03:00
124244035;361;2026-10-27 16:40;2026-10-10 03:00
124244035;361;2026-10-27 16:55;2026-10-10 03:00
124244035;361;2026-10-27 17:10;2026-10-10 03:00
124244035;361;2026-10-27 17:25;2026-10-10 03:00
124244035;361;2026-10-28 07:00;2026-10-10 03:00
124244035;361;2026-10-28 07:15;2026-10-10 03:00
124244035;361;2026-10-28 07:45;2026-10-10 03:00
124244035;361;2026-10-28 08:00;2026-10-10 03:00
124244035;361;2026-10-28 08:15;2026-10-10 03:00
124244035;361;2026-10-28 08:30;2026-10-10 03:00
124244035;361;2026-10-28 08:45;2026-10-10 03:00
124244035;361;2026-10-28 09:15;2026-10-10 03:00
124244035;361;2026-10-28 09:30;2026-10-10 03:00
124244035;361;2026-10-28 11:00;2026-10-10 03:00
124244035;361;2026-10-28 11:15;2026-10-10 03:00
124244035;361;2026-10-28 11:30;2026-10-10 03:00
124244035;361;2026-10-28 11:45;2026-10-10 03:00
124244035;361;2026-10-28 12:00;2026-10-10 03:00
124244035;361;2026-10-28 12:15;2026-10-10 03:00
124244035;361;2026-10-28 12:30;2026-10-10 03:00
124244035;361;2026-10-28 12:45;2026-10-10 03:00
124244035;361;2026-10-28 13:00;2026-10-10 03:00
124244035;361;2026-10-28 13:15;2026-10-10 03:00
124244035;361;2026-10-28 13:30;2026-10-10 03:00
124244035;361;2026-10-28 14:00;2026-10-10 03:00
124244035;361;2026-10-28 15:30;2026-10-10 03:00
124244035;361;2026-10-28 15:45;2026-10-10 03:00
124244035;361;2026-10-28 16:00;2026-10-10 03:00
124244035;361;2026-10-29 10:30;2026-10-10 03:00
124244035;361;2026-10-29 11:00;2026-10-10 03:00
124244035;361;2026-10-29 11:15;2026-10-10 03:00
124244035;361;2026-10-29 11:30;2026-10-10 03:00
124244035;361;2026-10-29 11:45;2026-10-10 03:00
124244035;361;2026-10-29 12:00;2026-10-10 03:00
124244035;361;2026-10-29 12:15;2026-10-10 03:00
124244035;361;2026-10-29 12:30;2026-10-10 03:00
124244035;361;2026-10-29 12:45;2026-10-10 03:00
124244035;361;2026-10-29 13:00;2026-10-10 03:00
124244035;361;2026-10-29 13:15;2026-10-10 03:00
124244035;361;2026-10-29 14:00;2026-10-10 03:00
124244035;361;2026-10-29 14:15;2026-10-10 03:00
124244035;361;2026-10-29 14:30;2026-10-10 03:00
124244035;361;2026-10-29 14:45;2026-10-10 03:00
124244035;361;2026-10-29 15:00;2026-10-10 03:00
124244035;361;2026-10-29 15:15;2026-10-10 03:00
124244035;361;2026-10-29 15:30;2026-10-10 03:00
124244035;361;2026-10-29 15:45;2026-10-10 03:00
124244035;361;2026-10-29 16:00;2026-10-10 03:00
124244035;361;2026-10-29 16:15;2026-10-10 03:00
124244035;361;2026-10-29 16:30;2026-10-10 03:00
124244035;361;2026-10-29 16:40;2026-10-10 03:00
124244035;361;2026-10-29 16:55;2026-10-10 03:00
124244035;361;2026-10-29 17:10;2026-10-10 03:00
124244035;361;2026-10-29 17:25;2026-10-10 03:00
124244035;361;2026-10-29 17:55;2026-10-10 03:00
124244035;361;2026-10-30 07:00;2026-10-10 03:00
124244035;361;2026-10-30 07:15;2026-10-10 03:00
124244035;361;2026-10-30 07:45;2026-10-10 03:00
124244035;361;2026-10-30 08:00;2026-10-10 03:00
124244035;361;2026-10-30 08:15;2026-10-10 03:00
124244035;361;2026-10-30 08:30;2026-10-10 03:00
124244035;361;2026-10-30 08:45;2026-10-10 03:00
124244035;361;2026-10-30 09:00;2026-10-10 03:00
124244035;361;2026-10-30 09:30;2026-10-10 03:00
124244035;361;2026-10-30 11:30;2026-10-10 03:00
124244035;361;2026-10-30 11:45;2026-10-10 03:00
124244035;361;2026-10-30 12:00;2026-10-10 03:00
124244035;361;2026-10-30 12:30;2026-10-10 03:00
124244035;361;2026-10-30 13:00;2026-10-10 03:00
124244035;361;2026-10-30 13:15;2026-10-10 03:00
124244035;361;2026-10-30 13:30;2026-10-10 03:00
124244035;361;2026-10-30 14:00;2026-10-10 03:00
124244035;361;2026-10-30 15:45;2026-10-10 03:00
124244035;361;2026-10-30 16:00;2026-10-10 03:00
124244035;361;2026-11-09 07:00;2026-10-10 03:00
124244035;361;2026-11-09 07:15;2026-10-10 03:00
124244035;361;2026-11-09 07:45;2026-10-10 03:00
124244035;361;2026-11-09 08:00;2026-10-10 03:00
124244035;361;2026-11-09 08:15;2026-10-10 03:00
124244035;361;2026-11-09 08:45;2026-10-10 03:00
124244035;361;2026-11-09 09:00;2026-10-10 03:00
124244035;361;2026-11-09 09:15;2026-10-10 03:00
124244035;361;2026-11-09 09:30;2026-10-10 03:00
124244035;361;2026-11-09 09:45;2026-10-10 03:00
124244035;361;2026-11-09 10:30;2026-10-10 03:00
124244035;361;2026-11-09 11:00;2026-10-10 03:00
124244035;361;2026-11-09 11:30;2026-10-10 03:00
124244035;361;2026-11-09 11:45;2026-10-10 03:00
124244035;361;2026-11-09 12:00;2026-10-10 03:00
124244035;361;2026-11-09 12:30;2026-10-10 03:00
124244035;361;2026-11-09 12:45;2026-10-10 03:00
124244035;361;2026-11-09 13:15;2026-10-10 03:00
124244035;361;2026-11-09 13:30;2026-10-10 03:00
124244035;361;2026-11-09 14:00;2026-10-10 03:00
124244035;361;2026-11-09 15:30;2026-10-10 03:00
124244035;361;2026-11-09 15:45;2026-10-10 03:00
124244035;361;2026-11-09 16:00;2026-10-10 03:00
124244035;361;2026-11-10 11:00;2026-10-10 03:00
124244035;361;2026-11-10 11:30;2026-10-10 03:00
124244035;361;2026-11-10 11:45;2026-10-10 03:00
124244035;361;2026-11-10 12:00;2026-10-10 03:00
124244035;361;2026-11-10 13:00;2026-10-10 03:00
124244035;361;2026-11-10 14:00;2026-10-10 03:00
124244035;361;2026-11-10 14:30;2026-10-10 03:00
124244035;361;2026-11-10 14:45;2026-10-10 03:00
124244035;361;2026-11-10 15:00;2026-10-10 03:00
124244035;361;2026-11-10 15:30;2026-10-10 03:00
124244035;361;2026-11-10 15:45;2026-10-10 03:00
124244035;361;2026-11-10 16:15;2026-10-10 03:00
124244035;361;2026-11-10 16:30;2026-10-10 03:00
124244035;361;2026-11-10 16:40;2026-10-10 03:00
124244035;361;2026-11-10 16:55;2026-10-10 03:00
124244035;361;2026-11-10 17:10;2026-10-10 03:00
124244035;361;2026-11-10 17:25;2026-10-10 03:00
124244035;361;2026-11-10 17:55;2026-10-10 03:00
124244035;35856;2026-10-12 14:15;2026-10-10 03:00
124244035;35856;2026-10-12 16:45;2026-10-10 03:00
124244035;35856;2026-10-13 11:30;2026-10-10 03:00
124244035;35856;2026-10-15 09:00;2026-10-10 03:00
124244035;35856;2026-10-15 10:45;2026-10-10 03:00
124244035;35856;2026-10-15 11:30;2026-10-10 03:00
124244035;35856;2026-10-16 14:15;2026-10-10 03:00
124244035;35856;2026-10-16 15:00;2026-10-10 03:00
124244035;35856;2026-10-16 17:30;2026-10-10 03:00
124244035;35856;2026-10-19 08:45;2026-10-10 03:00
124244035;35856;2026-10-19 09:00;2026-10-10 03:00
124244035;35856;2026-10-19 10:45;2026-10-10 03:00
124244035;35856;2026-10-19 11:30;2026-10-10 03:00
124244035;35856;2026-10-20 14:15;2026-10-10 03:00
124244035;35856;2026-10-20 15:00;2026-10-10 03:00
124244035;35856;2026-10-20 17:30;2026-10-10 03:00
124244035;35856;2026-10-22 14:15;2026-10-10 03:00
124244035;35856;2026-10-22 15:00;2026-10-10 03:00
124244035;35856;2026-10-22 17:15;2026-10-10 03:00
124244035;35856;2026-10-22 17:30;2026-10-10 03:00
124244035;35856;2026-10-23 07:15;2026-10-10 03:00
124244035;35856;2026-10-23 07:45;2026-10-10 03:00
124244035;35856;2026-10-23 08:00;2026-10-10 03:00
124244035;35856;2026-10-23 08:15;2026-10-10 03:00
124244035;35856;2026-10-23 08:30;2026-10-10 03:00
124244035;35856;2026-10-23 08:45;2026-10-10 03:00
124244035;35856;2026-10-23 09:00;2026-10-10 03:00
124244035;35856;2026-10-23 09:15;2026-10-10 03:00
124244035;35856;2026-10-23 09:30;2026-10-10 03:00
124244035;35856;2026-10-23 10:45;2026-10-10 03:00
124244035;35856;2026-10-23 11:30;2026-10-10 03:00
124244035;35856;2026-10-26 13:30;2026-10-10 03:00
124244035;35856;2026-10-26 13:45;2026-10-10 03:00
124244035;35856;2026-10-26 14:00;2026-10-10 03:00
124244035;35856;2026-10-26 14:15;2026-10-10 03:00
124244035;35856;2026-10-26 14:30;2026-10-10 03:00
124244035;35856;2026-10-26 14:45;2026-10-10 03:00
124244035;35856;2026-10-26 15:00;2026-10-10 03:00
124244035;35856;2026-10-26 15:15;2026-10-10 03:00
124244035;35856;2026-10-26 15:30;2026-10-10 03:00
124244035;35856;2026-10-26 15:45;2026-10-10 03:00
124244035;35856;2026-10-26 16:45;2026-10-10 03:00
124244035;35856;2026-10-26 17:00;2026-10-10 03:00
124244035;35856;2026-10-26 17:15;2026-10-10 03:00
124244035;35856;2026-10-26 17:30;2026-10-10 03:00
124244035;35856;2026-10-26 18:00;2026-10-10 03:00
124244035;35856;2026-10-26 18:30;2026-10-10 03:00
124244035;35856;2026-10-27 07:00;2026-10-10 03:00
124244035;35856;2026-10-27 07:15;2026-10-10 03:00
124244035;35856;2026-10-27 07:45;2026-10-10 03:00
124244035;35856;2026-10-27 08:15;2026-10-10 03:00
124244035;35856;2026-10-27 08:30;2026-10-10 03:00
124244035;35856;2026-10-27 08:45;2026-10-10 03:00
124244035;35856;2026-10-27 09:00;2026-10-10 03:00
124244035;35856;2026-10-27 10:30;2026-10-10 03:00
124244035;35856;2026-10-27 10:45;2026-10-10 03:00
124244035;35856;2026-10-27 11:15;2026-10-10 03:00
124244035;35856;2026-10-27 11:30;2026-10-10 03:00
124244035;35856;2026-10-27 11:45;2026-10-10 03:00
124244035;35856;2026-10-27 12:00;2026-10-10 03:00
124244035;35856;2026-10-29 07:00;2026-10-10 03:00
124244035;35856;2026-10-29 07:15;2026-10-10 03:00
124244035;35856;2026-10-29 07:45;2026-10-10 03:00
124244035;35856;2026-10-29 08:00;2026-10-10 03:00
124244035;35856;2026-10-29 08:15;2026-10-10 03:00
124244035;35856;2026-10-29 08:30;2026-10-10 03:00
124244035;35856;2026-10-29 08:45;2026-10-10 03:00
124244035;35856;2026-10-29 09:00;2026-10-10 03:00
124244035;35856;2026-10-29 09:15;2026-10-10 03:00
124244035;35856;2026-10-29 10:30;2026-10-10 03:00
124244035;35856;2026-10-29 10:45;2026-10-10 03:00
124244035;35856;2026-10-29 11:30;2026-10-10 03:00
124244035;35856;2026-10-29 11:45;2026-10-10 03:00
124244035;35856;2026-10-29 12:00;2026-10-10 03:00
124244035;35856;2026-11-03 07:45;2026-10-10 03:00
124244035;35856;2026-11-03 09:00;2026-10-10 03:00
124244035;35856;2026-11-03 09:30;2026-10-10 03:00
124244035;35856;2026-11-03 10:30;2026-10-10 03:00
124244035;35856;2026-11-03 10:45;2026-10-10 03:00
124244035;35856;2026-11-03 11:00;2026-10-10 03:00
124244035;35856;2026-11-03 11:30;2026-10-10 03:00
124244035;35856;2026-11-03 11:45;2026-10-10 03:00
124244035;35856;2026-11-03 12:00;2026-10-10 03:00
124244035;35856;2026-11-05 07:00;2026-10-10 03:00
124244035;35856;2026-11-05 07:15;2026-10-10 03:00
124244035;35856;2026-11-05 07:45;2026-10-10 03:00
124244035;35856;2026-11-05 08:15;2026-10-10 03:00
124244035;35856;2026-11-05 08:30;2026-10-10 03:00
124244035;35856;2026-11-05 08:45;2026-10-10 03:00
124244035;35856;2026-11-05 09:00;2026-10-10 03:00
124244035;35856;2026-11-05 09:30;2026-10-10 03:00
124244035;35856;2026-11-05 09:45;2026-10-10 03:00
124244035;35856;2026-11-05 10:30;2026-10-10 03:00
124244035;35856;2026-11-05 10:45;2026-10-10 03:00
124244035;35856;2026-11-05 11:00;2026-10-10 03:00
124244035;35856;2026-11-05 11:30;2026-10-10 03:00
124244035;35856;2026-11-05 11:45;2026-10-10 03:00
124244035;35856;2026-11-05 12:00;2026-10-10 03:00
124244035;35856;2026-11-06 13:30;2026-10-10 03:00
124244035;35856;2026-11-06 13:45;2026-10-10 03:00
124244035;35856;2026-11-06 14:00;2026-10-10 03:00
124244035;35856;2026-11-06 14:15;2026-10-10 03:00
124244035;35856;2026-11-06 14:45;2026-10-10 03:00
124244035;35856;2026-11-06 15:00;2026-10-10 03:00
124244035;35856;2026-11-06 15:45;2026-10-10 03:00
124244035;35856;2026-11-06 16:30;2026-10-10 03:00
124244035;35856;2026-11-06 17:00;2026-10-10 03:00
124244035;35856;2026-11-06 17:15;2026-10-10 03:00
124244035;35856;2026-11-06 17:30;2026-10-10 03:00
124244035;35856;2026-11-06 17:45;2026-10-10 03:00
124244035;35666;2026-10-12 16:15;2026-10-10 03:00
124244035;35666;2026-10-12 16:30;2026-10-10 03:00
124244035;35666;2026-10-12 16:45;2026-10-10 03:00
124244035;35666;2026-10-13 08:30;2026-10-10 03:00
124244035;35666;2026-10-13 08:45;2026-10-10 03:00
124244035;35666;2026-10-13 09:00;2026-10-10 03:00
124244035;35666;2026-10-13 09:30;2026-10-10 03:00
124244035;35666;2026-10-13 09:45;2026-10-10 03:00
124244035;35666;2026-10-13 10:15;2026-10-10 03:00
124244035;35666;2026-10-13 12:15;2026-10-10 03:00
124244035;35666;2026-10-14 13:30;2026-10-10 03:00
124244035;35666;2026-10-14 14:30;2026-10-10 03:00
124244035;35666;2026-10-14 16:00;2026-10-10 03:00
124244035;35666;2026-10-14 16:15;2026-10-10 03:00
124244035;35666;2026-10-14 18:45;2026-10-10 03:00
124244035;35666;2026-10-15 08:30;2026-10-10 03:00
124244035;35666;2026-10-15 09:30;2026-10-10 03:00
124244035;35666;2026-10-15 09:45;2026-10-10 03:00
124244035;35666;2026-10-15 10:00;2026-10-10 03:00
124244035;35666;2026-10-15 10:15;2026-10-10 03:00
124244035;35666;2026-10-15 12:15;2026-10-10 03:00
124244035;35666;2026-10-16 14:15;2026-10-10 03:00
124244035;35666;2026-10-16 14:30;2026-10-10 03:00
124244035;35666;2026-10-16 18:45;2026-10-10 03:00
124244035;35666;2026-10-19 08:30;2026-10-10 03:00
124244035;35666;2026-10-19 08:45;2026-10-10 03:00
124244035;35666;2026-10-19 09:00;2026-10-10 03:00
124244035;35666;2026-10-19 09:15;2026-10-10 03:00
124244035;35666;2026-10-19 12:15;2026-10-10 03:00
124244035;35666;2026-10-20 14:30;2026-10-10 03:00
124244035;35666;2026-10-20 16:15;2026-10-10 03:00
124244035;35666;2026-10-20 18:45;2026-10-10 03:00
124244035;35666;2026-10-21 08:30;2026-10-10 03:00
124244035;35666;2026-10-21 08:45;2026-10-10 03:00
124244035;35666;2026-10-21 09:30;2026-10-10 03:00
124244035;35666;2026-10-21 09:45;2026-10-10 03:00
124244035;35666;2026-10-21 10:00;2026-10-10 03:00
124244035;35666;2026-10-21 10:15;2026-10-10 03:00
124244035;35666;2026-10-21 12:15;2026-10-10 03:00
124244035;35666;2026-10-22 14:00;2026-10-10 03:00
124244035;35666;2026-10-22 14:15;2026-10-10 03:00
124244035;35666;2026-10-22 14:30;2026-10-10 03:00
124244035;35666;2026-10-22 16:00;2026-10-10 03:00
124244035;35666;2026-10-22 16:15;2026-10-10 03:00
124244035;35666;2026-10-22 18:45;2026-10-10 03:00
124244035;35666;2026-10-23 08:30;2026-10-10 03:00
124244035;35666;2026-10-23 08:45;2026-10-10 03:00
124244035;35666;2026-10-23 09:30;2026-10-10 03:00
124244035;35666;2026-10-23 09:45;2026-10-10 03:00
124244035;35666;2026-10-23 12:15;2026-10-10 03:00
124244035;35666;2026-10-26 16:00;2026-10-10 03:00
124244035;35666;2026-10-26 16:15;2026-10-10 03:00
124244035;35666;2026-10-26 16:30;2026-10-10 03:00
124244035;35666;2026-10-26 16:45;2026-10-10 03:00
124244035;35666;2026-10-26 18:45;2026-10-10 03:00
124244035;35666;2026-10-27 07:15;2026-10-10 03:00
124244035;35666;2026-10-27 07:45;2026-10-10 03:00
124244035;35666;2026-10-27 08:00;2026-10-10 03:00
124244035;35666;2026-10-27 08:30;2026-10-10 03:00
124244035;35666;2026-10-27 09:30;2026-10-10 03:00
124244035;35666;2026-10-27 09:45;2026-10-10 03:00
124244035;35666;2026-10-27 10:00;2026-10-10 03:00
124244035;35666;2026-10-27 10:15;2026-10-10 03:00
124244035;35666;2026-10-27 12:15;2026-10-10 03:00
124244035;35666;2026-10-28 14:15;2026-10-10 03:00
124244035;35666;2026-10-28 14:30;2026-10-10 03:00
124244035;35666;2026-10-28 16:15;2026-10-10 03:00
124244035;35666;2026-10-28 18:45;2026-10-10 03:00
124244035;35666;2026-10-29 07:30;2026-10-10 03:00
124244035;35666;2026-10-29 07:45;2026-10-10 03:00
124244035;35666;2026-10-29 08:00;2026-10-10 03:00
124244035;35666;2026-10-29 08:45;2026-10-10 03:00
124244035;35666;2026-10-29 09:00;2026-10-10 03:00
124244035;35666;2026-10-29 09:15;2026-10-10 03:00
124244035;35666;2026-10-29 09:30;2026-10-10 03:00
124244035;35666;2026-10-29 09:45;2026-10-10 03:00
124244035;35666;2026-10-29 10:00;2026-10-10 03:00
124244035;35666;2026-10-29 10:15;2026-10-10 03:00
124244035;35666;2026-10-29 12:15;2026-10-10 03:00
124244035;35666;2026-10-30 14:15;2026-10-10 03:00
124244035;35666;2026-10-30 14:30;2026-10-10 03:00
124244035;35666;2026-10-30 18:45;2026-10-10 03:00
124244035;35666;2026-11-03 07:00;2026-10-10 03:00
124244035;35666;2026-11-03 07:15;2026-10-10 03:00
124244035;35666;2026-11-03 07:30;2026-10-10 03:00
124244035;35666;2026-11-03 07:45;2026-10-10 03:00
124244035;35666;2026-11-03 08:00;2026-10-10 03:00
124244035;35666;2026-11-03 08:30;2026-10-10 03:00
124244035;35666;2026-11-03 08:45;2026-10-10 03:00
124244035;35666;2026-11-03 09:30;2026-10-10 03:00
124244035;35666;2026-11-03 10:00;2026-10-10 03:00
124244035;35666;2026-11-03 10:15;2026-10-10 03:00
124244035;35666;2026-11-03 11:45;2026-10-10 03:00
124244035;35666;2026-11-03 12:15;2026-10-10 03:00
124244035;35666;2026-11-04 14:15;2026-10-10 03:00
124244035;35666;2026-11-04 14:30;2026-10-10 03:00
124244035;35666;2026-11-04 16:00;2026-10-10 03:00
124244035;35666;2026-11-04 16:15;2026-10-10 03:00
124244035;35666;2026-11-04 17:30;2026-10-10 03:00
124244035;35666;2026-11-04 17:45;2026-10-10 03:00
124244035;35666;2026-11-04 18:45;2026-10-10 03:00
124244035;35666;2026-11-05 07:00;2026-10-10 03:00
124244035;35666;2026-11-05 07:15;2026-10-10 03:00
124244035;35666;2026-11-05 07:30;2026-10-10 03:00
124244035;35666;2026-11-05 07:45;2026-10-10 03:00
124244035;35666;2026-11-05 08:00;2026-10-10 03:00
124244035;35666;2026-11-05 09:30;2026-10-10 03:00
124244035;35666;2026-11-05 09:45;2026-10-10 03:00
124244035;35666;2026-11-05 10:00;2026-10-10 03:00
124244035;35666;2026-11-05 10:15;2026-10-10 03:00
124244035;35666;2026-11-05 11:45;2026-10-10 03:00
124244035;35666;2026-11-05 12:00;2026-10-10 03:00
124244035;35666;2026-11-05 12:15;2026-10-10 03:00
124244035;35666;2026-11-06 14:15;2026-10-10 03:00
124244035;35666;2026-11-06 14:30;2026-10-10 03:00
124244035;35666;2026-11-06 14:45;2026-10-10 03:00
124244035;35666;2026-11-06 15:00;2026-10-10 03:00
124244035;35666;2026-11-06 18:00;2026-10-10 03:00
124244035;35666;2026-11-06 18:15;2026-10-10 03:00
124244035;35666;2026-11-06 18:45;2026-10-10 03:00
124244035;35666;2026-11-09 07:00;2026-10-10 03:00
124244035;35666;2026-11-09 07:15;2026-10-10 03:00
124244035;35666;2026-11-09 07:30;2026-10-10 03:00
124244035;35666;2026-11-09 07:45;2026-10-10 03:00
124244035;35666;2026-11-09 08:00;2026-10-10 03:00
124244035;35666;2026-11-09 08:30;2026-10-10 03:00
124244035;35666;2026-11-09 08:45;2026-10-10 03:00
124244035;35666;2026-11-09 09:00;2026-10-10 03:00
124244035;35666;2026-11-09 09:15;2026-10-10 03:00
124244035;35666;2026-11-09 12:15;2026-10-10 03:00
124244035;35666;2026-11-10 13:30;2026-10-10 03:00
124244035;35666;2026-11-10 13:45;2026-10-10 03:00
124244035;35666;2026-11-10 14:00;2026-10-10 03:00
124244035;35666;2026-11-10 14:15;2026-10-10 03:00
124244035;35666;2026-11-10 14:30;2026-10-10 03:00
124244035;35666;2026-11-10 14:45;2026-10-10 03:00
124244035;35666;2026-11-10 15:00;2026-10-10 03:00
124244035;35666;2026-11-10 16:00;2026-10-10 03:00
124244035;35666;2026-11-10 16:15;2026-10-10 03:00
124244035;35666;2026-11-10 17:30;2026-10-10 03:00
124244035;35666;2026-11-10 18:30;2026-10-10 03:00
124244035;35666;2026-11-10 18:45;2026-10-10 03:00
124244035;35565;2026-10-12 14:15;2026-10-10 03:00
124244035;35565;2026-10-12 15:00;2026-10-10 03:00
124244035;35565;2026-10-12 17:30;2026-10-10 03:00
124244035;35565;2026-10-13 09:00;2026-10-10 03:00
124244035;35565;2026-10-13 10:30;2026-10-10 03:00
124244035;35565;2026-10-13 11:30;2026-10-10 03:00
124244035;35565;2026-10-14 14:15;2026-10-10 03:00
124244035;35565;2026-10-14 15:00;2026-10-10 03:00
124244035;35565;2026-10-14 17:30;2026-10-10 03:00
124244035;35565;2026-10-15 09:00;2026-10-10 03:00
124244035;35565;2026-10-15 10:30;2026-10-10 03:00
124244035;35565;2026-10-15 11:30;2026-10-10 03:00
124244035;35565;2026-10-16 14:15;2026-10-10 03:00
124244035;35565;2026-10-16 15:00;2026-10-10 03:00
124244035;35565;2026-10-16 17:30;2026-10-10 03:00
124244035;35565;2026-10-19 09:00;2026-10-10 03:00
124244035;35565;2026-10-19 10:30;2026-10-10 03:00
124244035;35565;2026-10-19 11:30;2026-10-10 03:00
124244035;35565;2026-10-19 11:45;2026-10-10 03:00
124244035;35565;2026-10-20 14:15;2026-10-10 03:00
124244035;35565;2026-10-20 14:30;2026-10-10 03:00
124244035;35565;2026-10-20 15:00;2026-10-10 03:00
124244035;35565;2026-10-20 15:15;2026-10-10 03:00
124244035;35565;2026-10-20 17:00;2026-10-10 03:00
124244035;35565;2026-10-20 17:15;2026-10-10 03:00
124244035;35565;2026-10-20 17:30;2026-10-10 03:00
124244035;35565;2026-10-20 17:45;2026-10-10 03:00
124244035;35565;2026-10-20 18:15;2026-10-10 03:00
124244035;35565;2026-10-21 07:30;2026-10-10 03:00
124244035;35565;2026-10-21 07:45;2026-10-10 03:00
124244035;35565;2026-10-21 08:00;2026-10-10 03:00
124244035;35565;2026-10-21 08:15;2026-10-10 03:00
124244035;35565;2026-10-21 08:30;2026-10-10 03:00
124244035;35565;2026-10-21 08:45;2026-10-10 03:00
124244035;35565;2026-10-21 09:00;2026-10-10 03:00
124244035;35565;2026-10-21 09:45;2026-10-10 03:00
124244035;35565;2026-10-21 10:15;2026-10-10 03:00
124244035;35565;2026-10-21 10:30;2026-10-10 03:00
124244035;35565;2026-10-21 10:45;2026-10-10 03:00
124244035;35565;2026-10-21 11:30;2026-10-10 03:00
124244035;35565;2026-10-21 11:45;2026-10-10 03:00
124244035;35565;2026-10-22 13:30;2026-10-10 03:00
124244035;35565;2026-10-22 13:45;2026-10-10 03:00
124244035;35565;2026-10-22 14:00;2026-10-10 03:00
124244035;35565;2026-10-22 14:15;2026-10-10 03:00
124244035;35565;2026-10-22 14:30;2026-10-10 03:00
124244035;35565;2026-10-22 14:45;2026-10-10 03:00
124244035;35565;2026-10-22 15:00;2026-10-10 03:00
124244035;35565;2026-10-22 15:15;2026-10-10 03:00
124244035;35565;2026-10-22 15:30;2026-10-10 03:00
124244035;35565;2026-10-22 15:45;2026-10-10 03:00
124244035;35565;2026-10-22 16:00;2026-10-10 03:00
124244035;35565;2026-10-22 16:15;2026-10-10 03:00
124244035;35565;2026-10-22 17:00;2026-10-10 03:00
124244035;35565;2026-10-22 17:15;2026-10-10 03:00
124244035;35565;2026-10-22 17:30;2026-10-10 03:00
124244035;35565;2026-10-22 18:00;2026-10-10 03:00
124244035;35565;2026-10-22 18:15;2026-10-10 03:00
124244035;35565;2026-10-22 18:30;2026-10-10 03:00
124244035;35565;2026-10-23 07:00;2026-10-10 03:00
124244035;35565;2026-10-23 07:15;2026-10-10 03:00
124244035;35565;2026-10-23 07:30;2026-10-10 03:00
124244035;35565;2026-10-23 07:45;2026-10-10 03:00
124244035;35565;2026-10-23 08:00;2026-10-10 03:00
124244035;35565;2026-10-23 09:00;2026-10-10 03:00
124244035;35565;2026-10-23 09:30;2026-10-10 03:00
124244035;35565;2026-10-23 09:45;2026-10-10 03:00
124244035;35565;2026-10-23 10:00;2026-10-10 03:00
124244035;35565;2026-10-23 10:15;2026-10-10 03:00
124244035;35565;2026-10-23 10:30;2026-10-10 03:00
124244035;35565;2026-10-23 11:30;2026-10-10 03:00
124244035;35565;2026-10-23 11:45;2026-10-10 03:00
124244035;35565;2026-10-26 13:45;2026-10-10 03:00
124244035;35565;2026-10-26 14:00;2026-10-10 03:00
124244035;35565;2026-10-26 14:15;2026-10-10 03:00
124244035;35565;2026-10-26 14:45;2026-10-10 03:00
124244035;35565;2026-10-26 15:00;2026-10-10 03:00
124244035;35565;2026-10-26 15:15;2026-10-10 03:00
124244035;35565;2026-10-26 15:30;2026-10-10 03:00
124244035;35565;2026-10-26 15:45;2026-10-10 03:00
124244035;35565;2026-10-26 16:00;2026-10-10 03:00
124244035;35565;2026-10-26 16:15;2026-10-10 03:00
124244035;35565;2026-10-26 17:00;2026-10-10 03:00
124244035;35565;2026-10-26 17:15;2026-10-10 03:00
124244035;35565;2026-10-26 17:30;2026-10-10 03:00
124244035;35565;2026-10-26 17:45;2026-10-10 03:00
124244035;35565;2026-10-26 18:00;2026-10-10 03:00
124244035;35565;2026-10-26 18:15;2026-10-10 03:00
124244035;35565;2026-10-26 18:30;2026-10-10 03:00
124244035;35565;2026-10-27 07:15;2026-10-10 03:00
124244035;35565;2026-10-27 07:30;2026-10-10 03:00
124244035;35565;2026-10-27 07:45;2026-10-10 03:00
124244035;35565;2026-10-27 08:00;2026-10-10 03:00
124244035;35565;2026-10-27 08:15;2026-10-10 03:00
124244035;35565;2026-10-27 08:30;2026-10-10 03:00
124244035;35565;2026-10-27 08:45;2026-10-10 03:00
124244035;35565;2026-10-27 09:00;2026-10-10 03:00
124244035;35565;2026-10-27 09:15;2026-10-10 03:00
124244035;35565;2026-10-27 09:30;2026-10-10 03:00
124244035;35565;2026-10-27 09:45;2026-10-10 03:00
124244035;35565;2026-10-27 10:00;2026-10-10 03:00
124244035;35565;2026-10-27 10:15;2026-10-10 03:00
124244035;35565;2026-10-27 10:30;2026-10-10 03:00
124244035;35565;2026-10-27 10:45;2026-10-10 03:00
124244035;35565;2026-10-27 11:30;2026-10-10 03:00
124244035;35565;2026-10-27 11:45;2026-10-10 03:00
124244035;35565;2026-10-27 12:00;2026-10-10 03:00
124244035;35565;2026-10-28 13:30;2026-10-10 03:00
124244035;35565;2026-10-28 13:45;2026-10-10 03:00
124244035;35565;2026-10-28 14:00;2026-10-10 03:00
124244035;35565;2026-10-28 14:15;2026-10-10 03:00
124244035;35565;2026-10-28 14:30;2026-10-10 03:00
124244035;35565;2026-10-28 14:45;2026-10-10 03:00
124244035;35565;2026-10-28 15:00;2026-10-10 03:00
124244035;35565;2026-10-28 15:15;2026-10-10 03:00
124244035;35565;2026-10-28 15:30;2026-10-10 03:00
124244035;35565;2026-10-28 15:45;2026-10-10 03:00
124244035;35565;2026-10-28 16:00;2026-10-10 03:00
124244035;35565;2026-10-28 16:15;2026-10-10 03:00
124244035;35565;2026-10-28 17:00;2026-10-10 03:00
124244035;35565;2026-10-28 17:15;2026-10-10 03:00
124244035;35565;2026-10-28 17:30;2026-10-10 03:00
124244035;35565;2026-10-28 17:45;2026-10-10 03:00
124244035;35565;2026-10-28 18:00;2026-10-10 03:00
124244035;35565;2026-10-28 18:15;2026-10-10 03:00
124244035;35565;2026-10-28 18:30;2026-10-10 03:00
124244035;35565;2026-10-29 07:15;2026-10-10 03:00
124244035;35565;2026-10-29 07:30;2026-10-10 03:00
124244035;35565;2026-10-29 07:45;2026-10-10 03:00
124244035;35565;2026-10-29 08:00;2026-10-10 03:00
124244035;35565;2026-10-29 08:15;2026-10-10 03:00
124244035;35565;2026-10-29 08:45;2026-10-10 03:00
124244035;35565;2026-10-29 09:00;2026-10-10 03:00
124244035;35565;2026-10-29 09:15;2026-10-10 03:00
124244035;35565;2026-10-29 09:30;2026-10-10 03:00
124244035;35565;2026-10-29 09:45;2026-10-10 03:00
124244035;35565;2026-10-29 10:00;2026-10-10 03:00
124244035;35565;2026-10-29 10:15;2026-10-10 03:00
124244035;35565;2026-10-29 10:30;2026-10-10 03:00
124244035;35565;2026-10-29 10:45;2026-10-10 03:00
124244035;35565;2026-10-29 11:30;2026-10-10 03:00
124244035;35565;2026-10-29 11:45;2026-10-10 03:00
124244035;35565;2026-10-29 12:00;2026-10-10 03:00
124244035;35565;2026-10-30 13:30;2026-10-10 03:00
124244035;35565;2026-10-30 14:15;2026-10-10 03:00
124244035;35565;2026-10-30 14:30;2026-10-10 03:00
124244035;35565;2026-10-30 15:00;2026-10-10 03:00
124244035;35565;2026-10-30 15:15;2026-10-10 03:00
124244035;35565;2026-10-30 15:30;2026-10-10 03:00
124244035;35565;2026-10-30 15:45;2026-10-10 03:00
124244035;35565;2026-10-30 16:00;2026-10-10 03:00
124244035;35565;2026-10-30 16:15;2026-10-10 03:00
124244035;35565;2026-10-30 17:00;2026-10-10 03:00
124244035;35565;2026-10-30 17:15;2026-10-10 03:00
124244035;35565;2026-10-30 17:30;2026-10-10 03:00
124244035;35565;2026-10-30 17:45;2026-10-10 03:00
124244035;35565;2026-10-30 18:00;2026-10-10 03:00
124244035;35565;2026-10-30 18:15;2026-10-10 03:00
124244035;35565;2026-10-30 18:30;2026-10-10 03:00
124244035;35565;2026-11-03 07:00;2026-10-10 03:00
124244035;35565;2026-11-03 07:15;2026-10-10 03:00
124244035;35565;2026-11-03 07:30;2026-10-10 03:00
124244035;35565;2026-11-03 07:45;2026-10-10 03:00
124244035;35565;2026-11-03 08:00;2026-10-10 03:00
124244035;35565;2026-11-03 08:15;2026-10-10 03:00
124244035;35565;2026-11-03 08:30;2026-10-10 03:00
124244035;35565;2026-11-03 08:45;2026-10-10 03:00
124244035;35565;2026-11-03 09:00;2026-10-10 03:00
124244035;35565;2026-11-03 09:15;2026-10-10 03:00
124244035;35565;2026-11-03 09:30;2026-10-10 03:00
124244035;35565;2026-11-03 09:45;2026-10-10 03:00
124244035;35565;2026-11-03 10:00;2026-10-10 03:00
124244035;35565;2026-11-03 10:15;2026-10-10 03:00
124244035;35565;2026-11-03 10:30;2026-10-10 03:00
124244035;35565;2026-11-03 10:45;2026-10-10 03:00
124244035;35565;2026-11-03 11:30;2026-10-10 03:00
124244035;35565;2026-11-03 11:45;2026-10-10 03:00
124244035;35565;2026-11-04 13:30;2026-10-10 03:00
124244035;35565;2026-11-04 13:45;2026-10-10 03:00
124244035;35565;2026-11-04 14:00;2026-10-10 03:00
124244035;35565;2026-11-04 14:15;2026-10-10 03:00
124244035;35565;2026-11-04 14:30;2026-10-10 03:00
124244035;35565;2026-11-04 14:45;2026-10-10 03:00
124244035;35565;2026-11-04 15:00;2026-10-10 03:00
124244035;35565;2026-11-04 15:15;2026-10-10 03:00
124244035;35565;2026-11-04 15:30;2026-10-10 03:00
124244035;35565;2026-11-04 15:45;2026-10-10 03:00
124244035;35565;2026-11-04 16:00;2026-10-10 03:00
124244035;35565;2026-11-04 16:15;2026-10-10 03:00
124244035;35565;2026-11-04 17:00;2026-10-10 03:00
124244035;35565;2026-11-04 17:15;2026-10-10 03:00
124244035;35565;2026-11-04 17:30;2026-10-10 03:00
124244035;35565;2026-11-04 17:45;2026-10-10 03:00
124244035;35565;2026-11-04 18:15;2026-10-10 03:00
124244035;35565;2026-11-04 18:30;2026-10-10 03:00
124244035;35565;2026-11-05 07:00;2026-10-10 03:00
124244035;35565;2026-11-05 07:15;2026-10-10 03:00
124244035;35565;2026-11-05 07:30;2026-10-10 03:00
124244035;35565;2026-11-05 07:45;2026-10-10 03:00
124244035;35565;2026-11-05 08:00;2026-10-10 03:00
124244035;35565;2026-11-05 08:15;2026-10-10 03:00
124244035;35565;2026-11-05 08:30;2026-10-10 03:00
124244035;35565;2026-11-05 08:45;2026-10-10 03:00
124244035;35565;2026-11-05 09:00;2026-10-10 03:00
124244035;35565;2026-11-05 09:15;2026-10-10 03:00
124244035;35565;2026-11-05 09:30;2026-10-10 03:00
124244035;35565;2026-11-05 09:45;2026-10-10 03:00
124244035;35565;2026-11-05 10:00;2026-10-10 03:00
124244035;35565;2026-11-05 10:15;2026-10-10 03:00
124244035;35565;2026-11-05 10:30;2026-10-10 03:00
124244035;35565;2026-11-05 10:45;2026-10-10 03:00
124244035;35565;2026-11-05 11:30;2026-10-10 03:00
124244035;35565;2026-11-05 11:45;2026-10-10 03:00
124244035;35565;2026-11-05 12:00;2026-10-10 03:00
124244035;35565;2026-11-06 13:30;2026-10-10 03:00
124244035;35565;2026-11-06 14:15;2026-10-10 03:00
124244035;35565;2026-11-06 14:30;2026-10-10 03:00
124244035;35565;2026-11-06 14:45;2026-10-10 03:00
124244035;35565;2026-11-06 15:00;2026-10-10 03:00
124244035;35565;2026-11-06 15:15;2026-10-10 03:00
124244035;35565;2026-11-06 15:30;2026-10-10 03:00
124244035;35565;2026-11-06 15:45;2026-10-10 03:00
124244035;35565;2026-11-06 16:00;2026-10-10 03:00
124244035;35565;2026-11-06 16:15;2026-10-10 03:00
124244035;35565;2026-11-06 17:00;2026-10-10 03:00
124244035;35565;2026-11-06 17:15;2026-10-10 03:00
124244035;35565;2026-11-06 17:30;2026-10-10 03:00
124244035;35565;2026-11-06 17:45;2026-10-10 03:00
124244035;35565;2026-11-06 18:00;2026-10-10 03:00
124244035;35565;2026-11-06 18:15;2026-10-10 03:00
124244035;35565;2026-11-06 18:30;2026-10-10 03:00
124244035;35565;2026-11-09 07:15;2026-10-10 03:00
124244035;35565;2026-11-09 07:30;2026-10-10 03:00
124244035;35565;2026-11-09 07:45;2026-10-10 03:00
124244035;35565;2026-11-09 08:00;2026-10-10 03:00
124244035;35565;2026-11-09 08:15;2026-10-10 03:00
124244035;35565;2026-11-09 08:30;2026-10-10 03:00
124244035;35565;2026-11-09 08:45;2026-10-10 03:00
124244035;35565;2026-11-09 09:00;2026-10-10 03:00
124244035;35565;2026-11-09 09:15;2026-10-10 03:00
124244035;35565;2026-11-09 09:30;2026-10-10 03:00
124244035;35565;2026-11-09 09:45;2026-10-10 03:00
124244035;35565;2026-11-09 10:00;2026-10-10 03:00
124244035;35565;2026-11-09 10:15;2026-10-10 03:00
124244035;35565;2026-11-09 10:30;2026-10-10 03:00
124244035;35565;2026-11-09 10:45;2026-10-10 03:00
124244035;35565;2026-11-09 11:30;2026-10-10 03:00
124244035;35565;2026-11-09 11:45;2026-10-10 03:00
124244035;35565;2026-11-09 12:00;2026-10-10 03:00
124244035;35565;2026-11-10 13:30;2026-10-10 03:00
124244035;35565;2026-11-10 13:45;2026-10-10 03:00
124244035;35565;2026-11-10 14:00;2026-10-10 03:00
124244035;35565;2026-11-10 14:15;2026-10-10 03:00
124244035;35565;2026-11-10 14:30;2026-10-10 03:00
124244035;35565;2026-11-10 14:45;2026-10-10 03:00
124244035;35565;2026-11-10 15:00;2026-10-10 03:00
124244035;35565;2026-11-10 15:15;2026-10-10 03:00
124244035;35565;2026-11-10 15:30;2026-10-10 03:00
124244035;35565;2026-11-10 15:45;2026-10-10 03:00
124244035;35565;2026-11-10 16:00;2026-10-10 03:00
124244035;35565;2026-11-10 16:15;2026-10-10 03:00
124244035;35565;2026-11-10 17:00;2026-10-10 03:00
124244035;35565;2026-11-10 17:15;2026-10-10 03:00
124244035;35565;2026-11-10 17:30;2026-10-10 03:00
124244035;35565;2026-11-10 17:45;2026-10-10 03:00
124244035;35565;2026-11-10 18:00;2026-10-10 03:00
124244035;35565;2026-11-10 18:15;2026-10-10 03:00
124244035;35565;2026-11-10 18:30;2026-10-10 03:00
124244035;35496;2026-10-12 14:00;2026-10-10 03:00
124244035;35496;2026-10-12 14:15;2026-10-10 03:00
124244035;35496;2026-10-12 15:00;2026-10-10 03:00
124244035;35496;2026-10-12 17:45;2026-10-10 03:00
124244035;35496;2026-10-13 08:45;2026-10-10 03:00
124244035;35496;2026-10-13 10:45;2026-10-10 03:00
124244035;35496;2026-10-13 11:00;2026-10-10 03:00
124244035;35496;2026-10-13 11:30;2026-10-10 03:00
124244035;35496;2026-10-13 11:45;2026-10-10 03:00
124244035;35496;2026-10-13 12:30;2026-10-10 03:00
124244035;35496;2026-10-13 13:30;2026-10-10 03:00
124244035;35496;2026-10-13 13:45;2026-10-10 03:00
124244035;35496;2026-10-13 14:30;2026-10-10 03:00
124244035;35496;2026-10-14 08:30;2026-10-10 03:00
124244035;35496;2026-10-14 08:45;2026-10-10 03:00
124244035;35496;2026-10-14 09:15;2026-10-10 03:00
124244035;35496;2026-10-14 09:30;2026-10-10 03:00
124244035;35496;2026-10-14 10:00;2026-10-10 03:00
124244035;35496;2026-10-14 10:15;2026-10-10 03:00
124244035;35496;2026-10-14 10:30;2026-10-10 03:00
124244035;35496;2026-10-14 10:45;2026-10-10 03:00
124244035;35496;2026-10-14 11:15;2026-10-10 03:00
124244035;35496;2026-10-14 11:30;2026-10-10 03:00
124244035;35496;2026-10-14 11:45;2026-10-10 03:00
124244035;35496;2026-10-14 12:30;2026-10-10 03:00
124244035;35496;2026-10-14 13:30;2026-10-10 03:00
124244035;35496;2026-10-14 13:45;2026-10-10 03:00
124244035;35496;2026-10-14 14:00;2026-10-10 03:00
124244035;35496;2026-10-14 14:30;2026-10-10 03:00
124244035;35496;2026-10-15 08:30;2026-10-10 03:00
124244035;35496;2026-10-15 08:45;2026-10-10 03:00
124244035;35496;2026-10-15 09:00;2026-10-10 03:00
124244035;35496;2026-10-15 09:30;2026-10-10 03:00
124244035;35496;2026-10-15 09:45;2026-10-10 03:00
124244035;35496;2026-10-15 10:00;2026-10-10 03:00
124244035;35496;2026-10-15 10:15;2026-10-10 03:00
124244035;35496;2026-10-15 10:30;2026-10-10 03:00
124244035;35496;2026-10-15 10:45;2026-10-10 03:00
124244035;35496;2026-10-15 11:30;2026-10-10 03:00
124244035;35496;2026-10-15 11:45;2026-10-10 03:00
124244035;35496;2026-10-15 12:30;2026-10-10 03:00
124244035;35496;2026-10-15 13:30;2026-10-10 03:00
124244035;35496;2026-10-15 13:45;2026-10-10 03:00
124244035;35496;2026-10-15 14:00;2026-10-10 03:00
124244035;35496;2026-10-15 14:30;2026-10-10 03:00
124244035;35496;2026-10-15 16:20;2026-10-10 03:00
124244035;35496;2026-10-15 16:35;2026-10-10 03:00
124244035;35496;2026-10-15 16:50;2026-10-10 03:00
124244035;35496;2026-10-15 17:05;2026-10-10 03:00
124244035;35496;2026-10-16 08:00;2026-10-10 03:00
124244035;35496;2026-10-16 08:15;2026-10-10 03:00
124244035;35496;2026-10-16 08:30;2026-10-10 03:00
124244035;35496;2026-10-16 08:45;2026-10-10 03:00
124244035;35496;2026-10-16 09:15;2026-10-10 03:00
124244035;35496;2026-10-16 09:45;2026-10-10 03:00
124244035;35496;2026-10-16 10:00;2026-10-10 03:00
124244035;35496;2026-10-16 10:30;2026-10-10 03:00
124244035;35496;2026-10-16 11:30;2026-10-10 03:00
124244035;35496;2026-10-16 11:45;2026-10-10 03:00
124244035;35496;2026-10-16 12:30;2026-10-10 03:00
124244035;35496;2026-10-16 14:15;2026-10-10 03:00
124244035;35496;2026-10-16 14:30;2026-10-10 03:00
124244035;35496;2026-10-16 16:05;2026-10-10 03:00
124244035;35496;2026-10-16 16:20;2026-10-10 03:00
124244035;35496;2026-10-16 16:35;2026-10-10 03:00
124244035;35496;2026-10-16 16:50;2026-10-10 03:00
124244035;35496;2026-10-19 13:15;2026-10-10 03:00
124244035;35496;2026-10-19 13:30;2026-10-10 03:00
124244035;35496;2026-10-19 13:45;2026-10-10 03:00
124244035;35496;2026-10-19 14:00;2026-10-10 03:00
124244035;35496;2026-10-19 14:15;2026-10-10 03:00
124244035;35496;2026-10-19 15:00;2026-10-10 03:00
124244035;35496;2026-10-19 15:45;2026-10-10 03:00
124244035;35496;2026-10-19 16:00;2026-10-10 03:00
124244035;35496;2026-10-19 17:30;2026-10-10 03:00
124244035;35496;2026-10-19 17:45;2026-10-10 03:00
124244035;35496;2026-10-19 18:15;2026-10-10 03:00
124244035;35496;2026-10-19 18:30;2026-10-10 03:00
124244035;35496;2026-10-19 18:45;2026-10-10 03:00
124244035;35496;2026-10-19 19:00;2026-10-10 03:00
124244035;35496;2026-10-20 08:00;2026-10-10 03:00
124244035;35496;2026-10-20 08:15;2026-10-10 03:00
124244035;35496;2026-10-20 08:30;2026-10-10 03:00
124244035;35496;2026-10-20 08:45;2026-10-10 03:00
124244035;35496;2026-10-20 09:00;2026-10-10 03:00
124244035;35496;2026-10-20 09:15;2026-10-10 03:00
124244035;35496;2026-10-20 09:30;2026-10-10 03:00
124244035;35496;2026-10-20 09:45;2026-10-10 03:00
124244035;35496;2026-10-20 10:00;2026-10-10 03:00
124244035;35496;2026-10-20 10:15;2026-10-10 03:00
124244035;35496;2026-10-20 10:30;2026-10-10 03:00
124244035;35496;2026-10-20 10:45;2026-10-10 03:00
124244035;35496;2026-10-20 11:15;2026-10-10 03:00
124244035;35496;2026-10-20 11:30;2026-10-10 03:00
124244035;35496;2026-10-20 11:45;2026-10-10 03:00
124244035;35496;2026-10-20 12:30;2026-10-10 03:00
124244035;35496;2026-10-20 13:15;2026-10-10 03:00
124244035;35496;2026-10-20 13:30;2026-10-10 03:00
124244035;35496;2026-10-20 13:45;2026-10-10 03:00
124244035;35496;2026-10-20 14:15;2026-10-10 03:00
124244035;35496;2026-10-20 14:30;2026-10-10 03:00
124244035;35496;2026-10-20 16:05;2026-10-10 03:00
124244035;35496;2026-10-20 16:20;2026-10-10 03:00
124244035;35496;2026-10-20 16:35;2026-10-10 03:00
124244035;35496;2026-10-20 16:50;2026-10-10 03:00
124244035;35496;2026-10-20 17:05;2026-10-10 03:00
124244035;35496;2026-10-21 08:00;2026-10-10 03:00
124244035;35496;2026-10-21 08:15;2026-10-10 03:00
124244035;35496;2026-10-21 08:30;2026-10-10 03:00
124244035;35496;2026-10-21 08:45;2026-10-10 03:00
124244035;35496;2026-10-21 09:00;2026-10-10 03:00
124244035;35496;2026-10-21 09:15;2026-10-10 03:00
124244035;35496;2026-10-21 09:30;2026-10-10 03:00
124244035;35496;2026-10-21 09:45;2026-10-10 03:00
124244035;35496;2026-10-21 10:15;2026-10-10 03:00
124244035;35496;2026-10-21 10:30;2026-10-10 03:00
124244035;35496;2026-10-21 10:45;2026-10-10 03:00
124244035;35496;2026-10-21 11:00;2026-10-10 03:00
124244035;35496;2026-10-21 11:15;2026-10-10 03:00
124244035;35496;2026-10-21 11:30;2026-10-10 03:00
124244035;35496;2026-10-21 11:45;2026-10-10 03:00
124244035;35496;2026-10-21 12:30;2026-10-10 03:00
124244035;35496;2026-10-21 13:15;2026-10-10 03:00
124244035;35496;2026-10-21 13:30;2026-10-10 03:00
124244035;35496;2026-10-21 13:45;2026-10-10 03:00
124244035;35496;2026-10-21 14:00;2026-10-10 03:00
124244035;35496;2026-10-21 14:15;2026-10-10 03:00
124244035;35496;2026-10-21 14:30;2026-10-10 03:00
124244035;35496;2026-10-21 16:05;2026-10-10 03:00
124244035;35496;2026-10-21 16:20;2026-10-10 03:00
124244035;35496;2026-10-21 16:35;2026-10-10 03:00
124244035;35496;2026-10-21 16:50;2026-10-10 03:00
124244035;35496;2026-10-21 17:05;2026-10-10 03:00
124244035;35496;2026-10-22 08:00;2026-10-10 03:00
124244035;35496;2026-10-22 08:15;2026-10-10 03:00
124244035;35496;2026-10-22 08:30;2026-10-10 03:00
124244035;35496;2026-10-22 08:45;2026-10-10 03:00
124244035;35496;2026-10-22 09:00;2026-10-10 03:00
124244035;35496;2026-10-22 09:15;2026-10-10 03:00
124244035;35496;2026-10-22 09:30;2026-10-10 03:00
124244035;35496;2026-10-22 09:45;2026-10-10 03:00
124244035;35496;2026-10-22 10:00;2026-10-10 03:00
124244035;35496;2026-10-22 10:15;2026-10-10 03:00
124244035;35496;2026-10-22 10:30;2026-10-10 03:00
124244035;35496;2026-10-22 10:45;2026-10-10 03:00
124244035;35496;2026-10-22 11:00;2026-10-10 03:00
124244035;35496;2026-10-22 11:15;2026-10-10 03:00
124244035;35496;2026-10-22 11:30;2026-10-10 03:00
124244035;35496;2026-10-22 11:45;2026-10-10 03:00
124244035;35496;2026-10-22 12:30;2026-10-10 03:00
124244035;35496;2026-10-22 13:30;2026-10-10 03:00
124244035;35496;2026-10-22 13:45;2026-10-10 03:00
124244035;35496;2026-10-22 14:00;2026-10-10 03:00
124244035;35496;2026-10-22 14:15;2026-10-10 03:00
124244035;35496;2026-10-22 14:30;2026-10-10 03:00
124244035;35496;2026-10-22 16:05;2026-10-10 03:00
124244035;35496;2026-10-22 16:35;2026-10-10 03:00
124244035;35496;2026-10-22 16:50;2026-10-10 03:00
124244035;35496;2026-10-22 17:05;2026-10-10 03:00
124244035;35496;2026-10-23 08:00;2026-10-10 03:00
124244035;35496;2026-10-23 08:15;2026-10-10 03:00
124244035;35496;2026-10-23 08:30;2026-10-10 03:00
124244035;35496;2026-10-23 08:45;2026-10-10 03:00
124244035;35496;2026-10-23 09:00;2026-10-10 03:00
124244035;35496;2026-10-23 09:15;2026-10-10 03:00
124244035;35496;2026-10-23 09:30;2026-10-10 03:00
124244035;35496;2026-10-23 09:45;2026-10-10 03:00
124244035;35496;2026-10-23 10:00;2026-10-10 03:00
124244035;35496;2026-10-23 10:30;2026-10-10 03:00
124244035;35496;2026-10-23 10:45;2026-10-10 03:00
124244035;35496;2026-10-23 11:00;2026-10-10 03:00
124244035;35496;2026-10-23 11:15;2026-10-10 03:00
124244035;35496;2026-10-23 11:30;2026-10-10 03:00
124244035;35496;2026-10-23 11:45;2026-10-10 03:00
124244035;35496;2026-10-23 12:30;2026-10-10 03:00
124244035;35496;2026-10-23 13:45;2026-10-10 03:00
124244035;35496;2026-10-23 14:00;2026-10-10 03:00
124244035;35496;2026-10-23 14:15;2026-10-10 03:00
124244035;35496;2026-10-23 14:30;2026-10-10 03:00
124244035;35496;2026-10-23 16:05;2026-10-10 03:00
124244035;35496;2026-10-23 16:20;2026-10-10 03:00
124244035;35496;2026-10-23 16:35;2026-10-10 03:00
124244035;35496;2026-10-23 16:50;2026-10-10 03:00
124244035;35496;2026-10-26 13:00;2026-10-10 03:00
124244035;35496;2026-10-26 13:15;2026-10-10 03:00
124244035;35496;2026-10-26 14:00;2026-10-10 03:00
124244035;35496;2026-10-26 14:15;2026-10-10 03:00
124244035;35496;2026-10-26 15:00;2026-10-10 03:00
124244035;35496;2026-10-26 15:30;2026-10-10 03:00
124244035;35496;2026-10-26 15:45;2026-10-10 03:00
124244035;35496;2026-10-26 16:00;2026-10-10 03:00
124244035;35496;2026-10-26 17:15;2026-10-10 03:00
124244035;35496;2026-10-26 17:30;2026-10-10 03:00
124244035;35496;2026-10-26 17:45;2026-10-10 03:00
124244035;35496;2026-10-26 18:15;2026-10-10 03:00
124244035;35496;2026-10-26 18:30;2026-10-10 03:00
124244035;35496;2026-10-26 18:45;2026-10-10 03:00
124244035;35496;2026-10-26 19:00;2026-10-10 03:00
124244035;35496;2026-10-27 08:00;2026-10-10 03:00
124244035;35496;2026-10-27 08:15;2026-10-10 03:00
124244035;35496;2026-10-27 08:30;2026-10-10 03:00
124244035;35496;2026-10-27 08:45;2026-10-10 03:00
124244035;35496;2026-10-27 09:00;2026-10-10 03:00
124244035;35496;2026-10-27 09:15;2026-10-10 03:00
124244035;35496;2026-10-27 09:30;2026-10-10 03:00
124244035;35496;2026-10-27 09:45;2026-10-10 03:00
124244035;35496;2026-10-27 10:00;2026-10-10 03:00
124244035;35496;2026-10-27 10:15;2026-10-10 03:00
124244035;35496;2026-10-27 10:30;2026-10-10 03:00
124244035;35496;2026-10-27 10:45;2026-10-10 03:00
124244035;35496;2026-10-27 11:00;2026-10-10 03:00
124244035;35496;2026-10-27 11:15;2026-10-10 03:00
124244035;35496;2026-10-27 11:30;2026-10-10 03:00
124244035;35496;2026-10-27 11:45;2026-10-10 03:00
124244035;35496;2026-10-27 12:30;2026-10-10 03:00
124244035;35496;2026-10-27 13:15;2026-10-10 03:00
124244035;35496;2026-10-27 13:30;2026-10-10 03:00
124244035;35496;2026-10-27 13:45;2026-10-10 03:00
124244035;35496;2026-10-27 14:00;2026-10-10 03:00
124244035;35496;2026-10-27 14:15;2026-10-10 03:00
124244035;35496;2026-10-27 14:30;2026-10-10 03:00
124244035;35496;2026-10-27 16:05;2026-10-10 03:00
124244035;35496;2026-10-27 16:20;2026-10-10 03:00
124244035;35496;2026-10-27 16:35;2026-10-10 03:00
124244035;35496;2026-10-27 16:50;2026-10-10 03:00
124244035;35496;2026-10-28 08:00;2026-10-10 03:00
124244035;35496;2026-10-28 08:15;2026-10-10 03:00
124244035;35496;2026-10-28 08:30;2026-10-10 03:00
124244035;35496;2026-10-28 08:45;2026-10-10 03:00
124244035;35496;2026-10-28 09:00;2026-10-10 03:00
124244035;35496;2026-10-28 09:15;2026-10-10 03:00
124244035;35496;2026-10-28 09:30;2026-10-10 03:00
124244035;35496;2026-10-28 09:45;2026-10-10 03:00
124244035;35496;2026-10-28 10:00;2026-10-10 03:00
124244035;35496;2026-10-28 10:15;2026-10-10 03:00
124244035;35496;2026-10-28 10:30;2026-10-10 03:00
124244035;35496;2026-10-28 10:45;2026-10-10 03:00
124244035;35496;2026-10-28 11:00;2026-10-10 03:00
124244035;35496;2026-10-28 11:15;2026-10-10 03:00
124244035;35496;2026-10-28 11:30;2026-10-10 03:00
124244035;35496;2026-10-28 11:45;2026-10-10 03:00
124244035;35496;2026-10-28 12:30;2026-10-10 03:00
124244035;35496;2026-10-28 13:15;2026-10-10 03:00
124244035;35496;2026-10-28 13:30;2026-10-10 03:00
124244035;35496;2026-10-28 13:45;2026-10-10 03:00
124244035;35496;2026-10-28 14:00;2026-10-10 03:00
124244035;35496;2026-10-28 14:15;2026-10-10 03:00
124244035;35496;2026-10-28 14:30;2026-10-10 03:00
124244035;35496;2026-10-28 16:50;2026-10-10 03:00
124244035;35496;2026-10-28 17:05;2026-10-10 03:00
124244035;35496;2026-10-30 08:00;2026-10-10 03:00
124244035;35496;2026-10-30 08:15;2026-10-10 03:00
124244035;35496;2026-10-30 08:30;2026-10-10 03:00
124244035;35496;2026-10-30 08:45;2026-10-10 03:00
124244035;35496;2026-10-30 09:00;2026-10-10 03:00
124244035;35496;2026-10-30 09:15;2026-10-10 03:00
124244035;35496;2026-10-30 09:30;2026-10-10 03:00
124244035;35496;2026-10-30 09:45;2026-10-10 03:00
124244035;35496;2026-10-30 10:00;2026-10-10 03:00
124244035;35496;2026-10-30 10:30;2026-10-10 03:00
124244035;35496;2026-10-30 10:45;2026-10-10 03:00
124244035;35496;2026-10-30 11:00;2026-10-10 03:00
124244035;35496;2026-10-30 11:15;2026-10-10 03:00
124244035;35496;2026-10-30 11:30;2026-10-10 03:00
124244035;35496;2026-10-30 11:45;2026-10-10 03:00
124244035;35496;2026-10-30 12:30;2026-10-10 03:00
124244035;35496;2026-10-30 13:45;2026-10-10 03:00
124244035;35496;2026-10-30 14:00;2026-10-10 03:00
124244035;35496;2026-10-30 14:15;2026-10-10 03:00
124244035;35496;2026-10-30 14:30;2026-10-10 03:00
124244035;35496;2026-10-30 16:05;2026-10-10 03:00
124244035;35496;2026-10-30 16:20;2026-10-10 03:00
124244035;35496;2026-10-30 16:35;2026-10-10 03:00
124244035;35496;2026-10-30 16:50;2026-10-10 03:00
124244035;35496;2026-11-03 08:30;2026-10-10 03:00
124244035;35496;2026-11-03 08:45;2026-10-10 03:00
124244035;35496;2026-11-03 09:00;2026-10-10 03:00
124244035;35496;2026-11-03 09:15;2026-10-10 03:00
124244035;35496;2026-11-03 09:30;2026-10-10 03:00
124244035;35496;2026-11-03 09:45;2026-10-10 03:00
124244035;35496;2026-11-03 10:00;2026-10-10 03:00
124244035;35496;2026-11-03 10:30;2026-10-10 03:00
124244035;35496;2026-11-03 10:45;2026-10-10 03:00
124244035;35496;2026-11-03 11:15;2026-10-10 03:00
124244035;35496;2026-11-03 11:30;2026-10-10 03:00
124244035;35496;2026-11-03 11:45;2026-10-10 03:00
124244035;35496;2026-11-03 12:30;2026-10-10 03:00
124244035;35496;2026-11-03 13:15;2026-10-10 03:00
124244035;35496;2026-11-03 13:30;2026-10-10 03:00
124244035;35496;2026-11-03 13:45;2026-10-10 03:00
124244035;35496;2026-11-03 14:00;2026-10-10 03:00
124244035;35496;2026-11-03 14:15;2026-10-10 03:00
124244035;35496;2026-11-03 14:30;2026-10-10 03:00
124244035;35496;2026-11-03 16:05;2026-10-10 03:00
124244035;35496;2026-11-03 16:20;2026-10-10 03:00
124244035;35496;2026-11-03 16:35;2026-10-10 03:00
124244035;35496;2026-11-03 16:50;2026-10-10 03:00
124244035;35496;2026-11-04 08:00;2026-10-10 03:00
124244035;35496;2026-11-04 08:15;2026-10-10 03:00
124244035;35496;2026-11-04 08:30;2026-10-10 03:00
124244035;35496;2026-11-04 08:45;2026-10-10 03:00
124244035;35496;2026-11-04 09:00;2026-10-10 03:00
124244035;35496;2026-11-04 09:15;2026-10-10 03:00
124244035;35496;2026-11-04 09:30;2026-10-10 03:00
124244035;35496;2026-11-04 09:45;2026-10-10 03:00
124244035;35496;2026-11-04 10:00;2026-10-10 03:00
124244035;35496;2026-11-04 10:15;2026-10-10 03:00
124244035;35496;2026-11-04 10:30;2026-10-10 03:00
124244035;35496;2026-11-04 10:45;2026-10-10 03:00
124244035;35496;2026-11-04 11:00;2026-10-10 03:00
124244035;35496;2026-11-04 11:15;2026-10-10 03:00
124244035;35496;2026-11-04 11:30;2026-10-10 03:00
124244035;35496;2026-11-04 11:45;2026-10-10 03:00
124244035;35496;2026-11-04 12:30;2026-10-10 03:00
124244035;35496;2026-11-04 13:15;2026-10-10 03:00
124244035;35496;2026-11-04 13:30;2026-10-10 03:00
124244035;35496;2026-11-04 13:45;2026-10-10 03:00
124244035;35496;2026-11-04 14:00;2026-10-10 03:00
124244035;35496;2026-11-04 14:30;2026-10-10 03:00
124244035;35496;2026-11-04 16:05;2026-10-10 03:00
124244035;35496;2026-11-04 16:20;2026-10-10 03:00
124244035;35496;2026-11-04 16:35;2026-10-10 03:00
124244035;35496;2026-11-04 16:50;2026-10-10 03:00
124244035;35496;2026-11-04 17:05;2026-10-10 03:00
124244035;35496;2026-11-05 08:00;2026-10-10 03:00
124244035;35496;2026-11-05 08:15;2026-10-10 03:00
124244035;35496;2026-11-05 08:30;2026-10-10 03:00
124244035;35496;2026-11-05 08:45;2026-10-10 03:00
124244035;35496;2026-11-05 09:00;2026-10-10 03:00
124244035;35496;2026-11-05 09:15;2026-10-10 03:00
124244035;35496;2026-11-05 09:30;2026-10-10 03:00
124244035;35496;2026-11-05 09:45;2026-10-10 03:00
124244035;35496;2026-11-05 10:00;2026-10-10 03:00
124244035;35496;2026-11-05 10:15;2026-10-10 03:00
124244035;35496;2026-11-05 10:30;2026-10-10 03:00
124244035;35496;2026-11-05 10:45;2026-10-10 03:00
124244035;35496;2026-11-05 11:00;2026-10-10 03:00
124244035;35496;2026-11-05 11:15;2026-10-10 03:00
124244035;35496;2026-11-05 11:30;2026-10-10 03:00
124244035;35496;2026-11-05 11:45;2026-10-10 03:00
124244035;35496;2026-11-05 12:30;2026-10-10 03:00
124244035;35496;2026-11-05 13:30;2026-10-10 03:00
124244035;35496;2026-11-05 13:45;2026-10-10 03:00
124244035;35496;2026-11-05 14:00;2026-10-10 03:00
124244035;35496;2026-11-05 14:15;2026-10-10 03:00
124244035;35496;2026-11-05 14:30;2026-10-10 03:00
124244035;35496;2026-11-05 16:05;2026-10-10 03:00
124244035;35496;2026-11-05 16:20;2026-10-10 03:00
124244035;35496;2026-11-05 16:35;2026-10-10 03:00
124244035;35496;2026-11-05 16:50;2026-10-10 03:00
124244035;35496;2026-11-06 08:00;2026-10-10 03:00
124244035;35496;2026-11-06 08:15;2026-10-10 03:00
124244035;35496;2026-11-06 08:30;2026-10-10 03:00
124244035;35496;2026-11-06 08:45;2026-10-10 03:00
124244035;35496;2026-11-06 09:00;2026-10-10 03:00
124244035;35496;2026-11-06 09:15;2026-10-10 03:00
124244035;35496;2026-11-06 09:30;2026-10-10 03:00
124244035;35496;2026-11-06 09:45;2026-10-10 03:00
124244035;35496;2026-11-06 10:00;2026-10-10 03:00
124244035;35496;2026-11-06 10:15;2026-10-10 03:00
124244035;35496;2026-11-06 10:30;2026-10-10 03:00
124244035;35496;2026-11-06 10:45;2026-10-10 03:00
124244035;35496;2026-11-06 11:00;2026-10-10 03:00
124244035;35496;2026-11-06 11:15;2026-10-10 03:00
124244035;35496;2026-11-06 11:30;2026-10-10 03:00
124244035;35496;2026-11-06 11:45;2026-10-10 03:00
124244035;35496;2026-11-06 12:30;2026-10-10 03:00
124244035;35496;2026-11-06 13:45;2026-10-10 03:00
124244035;35496;2026-11-06 14:00;2026-10-10 03:00
124244035;35496;2026-11-06 14:30;2026-10-10 03:00
124244035;35496;2026-11-06 16:05;2026-10-10 03:00
124244035;35496;2026-11-06 16:20;2026-10-10 03:00
124244035;35496;2026-11-06 16:35;2026-10-10 03:00
124244035;35496;2026-11-06 16:50;2026-10-10 03:00
124244035;35496;2026-11-09 13:00;2026-10-10 03:00
124244035;35496;2026-11-09 13:15;2026-10-10 03:00
124244035;35496;2026-11-09 13:30;2026-10-10 03:00
124244035;35496;2026-11-09 13:45;2026-10-10 03:00
124244035;35496;2026-11-09 14:00;2026-10-10 03:00
124244035;35496;2026-11-09 14:15;2026-10-10 03:00
124244035;35496;2026-11-09 15:00;2026-10-10 03:00
124244035;35496;2026-11-09 15:15;2026-10-10 03:00
124244035;35496;2026-11-09 15:30;2026-10-10 03:00
124244035;35496;2026-11-09 15:45;2026-10-10 03:00
124244035;35496;2026-11-09 16:00;2026-10-10 03:00
124244035;35496;2026-11-09 16:15;2026-10-10 03:00
124244035;35496;2026-11-09 17:00;2026-10-10 03:00
124244035;35496;2026-11-09 17:15;2026-10-10 03:00
124244035;35496;2026-11-09 17:30;2026-10-10 03:00
124244035;35496;2026-11-09 17:45;2026-10-10 03:00
124244035;35496;2026-11-09 18:00;2026-10-10 03:00
124244035;35496;2026-11-09 18:15;2026-10-10 03:00
124244035;35496;2026-11-09 18:30;2026-10-10 03:00
124244035;35496;2026-11-09 18:45;2026-10-10 03:00
124244035;35496;2026-11-09 19:00;2026-10-10 03:00
124244035;35496;2026-11-10 08:00;2026-10-10 03:00
124244035;35496;2026-11-10 08:15;2026-10-10 03:00
124244035;35496;2026-11-10 08:30;2026-10-10 03:00
124244035;35496;2026-11-10 08:45;2026-10-10 03:00
124244035;35496;2026-11-10 09:00;2026-10-10 03:00
124244035;35496;2026-11-10 09:15;2026-10-10 03:00
124244035;35496;2026-11-10 09:30;2026-10-10 03:00
124244035;35496;2026-11-10 09:45;2026-10-10 03:00
124244035;35496;2026-11-10 10:00;2026-10-10 03:00
124244035;35496;2026-11-10 10:15;2026-10-10 03:00
124244035;35496;2026-11-10 10:30;2026-10-10 03:00
124244035;35496;2026-11-10 10:45;2026-10-10 03:00
124244035;35496;2026-11-10 11:00;2026-10-10 03:00
124244035;35496;2026-11-10 11:15;2026-10-10 03:00
124244035;35496;2026-11-10 11:30;2026-10-10 03:00
124244035;35496;2026-11-10 11:45;2026-10-10 03:00
124244035;35496;2026-11-10 12:30;2026-10-10 03:00
124244035;35496;2026-11-10 13:15;2026-10-10 03:00
124244035;35496;2026-11-10 13:30;2026-10-10 03:00
124244035;35496;2026-11-10 13:45;2026-10-10 03:00
124244035;35496;2026-11-10 14:00;2026-10-10 03:00
124244035;35496;2026-11-10 14:15;2026-10-10 03:00
124244035;35496;2026-11-10 14:30;2026-10-10 03:00
124244035;35496;2026-11-10 16:05;2026-10-10 03:00
124244035;35496;2026-11-10 16:20;2026-10-10 03:00
124244035;35496;2026-11-10 16:35;2026-10-10 03:00
124244035;35496;2026-11-10 16:50;2026-10-10 03:00
124244035;35496;2026-11-10 17:05;2026-10-10 03:00
124244035;35349;2026-10-12 09:00;2026-10-10 03:00
124244035;35349;2026-10-12 10:30;2026-10-10 03:00
124244035;35349;2026-10-12 11:30;2026-10-10 03:00
124244035;35349;2026-10-13 14:15;2026-10-10 03:00
124244035;35349;2026-10-13 15:00;2026-10-10 03:00
124244035;35349;2026-10-13 17:00;2026-10-10 03:00
124244035;35349;2026-10-15 14:15;2026-10-10 03:00
124244035;35349;2026-10-15 15:00;2026-10-10 03:00
124244035;35349;2026-10-15 17:00;2026-10-10 03:00
124244035;35349;2026-10-16 09:00;2026-10-10 03:00
124244035;35349;2026-10-16 10:30;2026-10-10 03:00
124244035;35349;2026-10-16 11:30;2026-10-10 03:00
124244035;35349;2026-10-19 14:15;2026-10-10 03:00
124244035;35349;2026-10-19 15:00;2026-10-10 03:00
124244035;35349;2026-10-19 17:00;2026-10-10 03:00
124244035;35349;2026-10-20 09:00;2026-10-10 03:00
124244035;35349;2026-10-20 10:30;2026-10-10 03:00
124244035;35349;2026-10-20 11:30;2026-10-10 03:00
124244035;35349;2026-10-22 09:00;2026-10-10 03:00
124244035;35349;2026-10-22 10:30;2026-10-10 03:00
124244035;35349;2026-10-22 11:30;2026-10-10 03:00
124244035;35349;2026-10-23 14:15;2026-10-10 03:00
124244035;35349;2026-10-23 15:00;2026-10-10 03:00
124244035;35349;2026-10-23 17:00;2026-10-10 03:00
124244035;35349;2026-10-23 19:30;2026-10-10 03:00
124244035;35349;2026-10-23 19:45;2026-10-10 03:00
124244035;35349;2026-10-26 09:00;2026-10-10 03:00
124244035;35349;2026-10-26 09:15;2026-10-10 03:00
124244035;35349;2026-10-26 10:30;2026-10-10 03:00
124244035;35349;2026-10-26 10:45;2026-10-10 03:00
124244035;35349;2026-10-26 11:30;2026-10-10 03:00
124244035;35349;2026-10-26 11:45;2026-10-10 03:00
124244035;35349;2026-10-27 13:30;2026-10-10 03:00
124244035;35349;2026-10-27 13:45;2026-10-10 03:00
124244035;35349;2026-10-27 14:00;2026-10-10 03:00
124244035;35349;2026-10-27 14:15;2026-10-10 03:00
124244035;35349;2026-10-27 14:30;2026-10-10 03:00
124244035;35349;2026-10-27 14:45;2026-10-10 03:00
124244035;35349;2026-10-27 15:00;2026-10-10 03:00
124244035;35349;2026-10-27 15:15;2026-10-10 03:00
124244035;35349;2026-10-27 15:30;2026-10-10 03:00
124244035;35349;2026-10-27 15:45;2026-10-10 03:00
124244035;35349;2026-10-27 16:15;2026-10-10 03:00
124244035;35349;2026-10-27 17:00;2026-10-10 03:00
124244035;35349;2026-10-27 17:15;2026-10-10 03:00
124244035;35349;2026-10-27 17:30;2026-10-10 03:00
124244035;35349;2026-10-27 17:45;2026-10-10 03:00
124244035;35349;2026-10-27 19:15;2026-10-10 03:00
124244035;35349;2026-10-27 19:30;2026-10-10 03:00
124244035;35349;2026-10-27 19:45;2026-10-10 03:00
124244035;35349;2026-10-29 13:45;2026-10-10 03:00
124244035;35349;2026-10-29 14:00;2026-10-10 03:00
124244035;35349;2026-10-29 14:15;2026-10-10 03:00
124244035;35349;2026-10-29 14:30;2026-10-10 03:00
124244035;35349;2026-10-29 15:00;2026-10-10 03:00
124244035;35349;2026-10-29 15:15;2026-10-10 03:00
124244035;35349;2026-10-29 15:30;2026-10-10 03:00
124244035;35349;2026-10-29 15:45;2026-10-10 03:00
124244035;35349;2026-10-29 16:00;2026-10-10 03:00
124244035;35349;2026-10-29 16:15;2026-10-10 03:00
124244035;35349;2026-10-29 17:00;2026-10-10 03:00
124244035;35349;2026-10-29 17:15;2026-10-10 03:00
124244035;35349;2026-10-29 17:30;2026-10-10 03:00
124244035;35349;2026-10-29 17:45;2026-10-10 03:00
124244035;35349;2026-10-29 19:30;2026-10-10 03:00
124244035;35349;2026-10-29 19:45;2026-10-10 03:00
124244035;35349;2026-10-30 07:00;2026-10-10 03:00
124244035;35349;2026-10-30 07:15;2026-10-10 03:00
124244035;35349;2026-10-30 07:30;2026-10-10 03:00
124244035;35349;2026-10-30 07:45;2026-10-10 03:00
124244035;35349;2026-10-30 08:00;2026-10-10 03:00
124244035;35349;2026-10-30 08:15;2026-10-10 03:00
124244035;35349;2026-10-30 08:30;2026-10-10 03:00
124244035;35349;2026-10-30 09:00;2026-10-10 03:00
124244035;35349;2026-10-30 09:15;2026-10-10 03:00
124244035;35349;2026-10-30 09:30;2026-10-10 03:00
124244035;35349;2026-10-30 09:45;2026-10-10 03:00
124244035;35349;2026-10-30 10:00;2026-10-10 03:00
124244035;35349;2026-10-30 10:30;2026-10-10 03:00
124244035;35349;2026-10-30 11:30;2026-10-10 03:00
124244035;35349;2026-11-03 13:30;2026-10-10 03:00
124244035;35349;2026-11-03 14:00;2026-10-10 03:00
124244035;35349;2026-11-03 14:15;2026-10-10 03:00
124244035;35349;2026-11-03 14:30;2026-10-10 03:00
124244035;35349;2026-11-03 14:45;2026-10-10 03:00
124244035;35349;2026-11-03 15:00;2026-10-10 03:00
124244035;35349;2026-11-03 15:15;2026-10-10 03:00
124244035;35349;2026-11-03 15:30;2026-10-10 03:00
124244035;35349;2026-11-03 15:45;2026-10-10 03:00
124244035;35349;2026-11-03 16:00;2026-10-10 03:00
124244035;35349;2026-11-03 16:15;2026-10-10 03:00
124244035;35349;2026-11-03 17:00;2026-10-10 03:00
124244035;35349;2026-11-03 17:15;2026-10-10 03:00
124244035;35349;2026-11-03 17:30;2026-10-10 03:00
124244035;35349;2026-11-03 17:45;2026-10-10 03:00
124244035;35349;2026-11-03 19:15;2026-10-10 03:00
124244035;35349;2026-11-03 19:30;2026-10-10 03:00
124244035;35349;2026-11-03 19:45;2026-10-10 03:00
124244035;35349;2026-11-05 13:45;2026-10-10 03:00
124244035;35349;2026-11-05 14:00;2026-10-10 03:00
124244035;35349;2026-11-05 14:15;2026-10-10 03:00
124244035;35349;2026-11-05 14:30;2026-10-10 03:00
124244035;35349;2026-11-05 14:45;2026-10-10 03:00
124244035;35349;2026-11-05 15:00;2026-10-10 03:00
124244035;35349;2026-11-05 15:15;2026-10-10 03:00
124244035;35349;2026-11-05 15:30;2026-10-10 03:00
124244035;35349;2026-11-05 15:45;2026-10-10 03:00
124244035;35349;2026-11-05 16:00;2026-10-10 03:00
124244035;35349;2026-11-05 16:15;2026-10-10 03:00
124244035;35349;2026-11-05 17:00;2026-10-10 03:00
124244035;35349;2026-11-05 17:15;2026-10-10 03:00
124244035;35349;2026-11-05 17:30;2026-10-10 03:00
124244035;35349;2026-11-05 17:45;2026-10-10 03:00
124244035;35349;2026-11-05 19:15;2026-10-10 03:00
124244035;35349;2026-11-05 19:30;2026-10-10 03:00
124244035;35349;2026-11-05 19:45;2026-10-10 03:00
124244035;35349;2026-11-06 07:00;2026-10-10 03:00
124244035;35349;2026-11-06 07:30;2026-10-10 03:00
124244035;35349;2026-11-06 07:45;2026-10-10 03:00
124244035;35349;2026-11-06 08:00;2026-10-10 03:00
124244035;35349;2026-11-06 08:15;2026-10-10 03:00
124244035;35349;2026-11-06 08:45;2026-10-10 03:00
124244035;35349;2026-11-06 09:00;2026-10-10 03:00
124244035;35349;2026-11-06 09:15;2026-10-10 03:00
124244035;35349;2026-11-06 09:30;2026-10-10 03:00
124244035;35349;2026-11-06 09:45;2026-10-10 03:00
124244035;35349;2026-11-06 10:00;2026-10-10 03:00
124244035;35349;2026-11-06 10:15;2026-10-10 03:00
124244035;35349;2026-11-06 10:30;2026-10-10 03:00
124244035;35349;2026-11-06 10:45;2026-10-10 03:00
124244035;35349;2026-11-06 11:30;2026-10-10 03:00
124244035;35349;2026-11-06 11:45;2026-10-10 03:00
124244035;35349;2026-11-09 13:30;2026-10-10 03:00
124244035;35349;2026-11-09 13:45;2026-10-10 03:00
124244035;35349;2026-11-09 14:00;2026-10-10 03:00
124244035;35349;2026-11-09 14:15;2026-10-10 03:00
124244035;35349;2026-11-09 14:30;2026-10-10 03:00
124244035;35349;2026-11-09 14:45;2026-10-10 03:00
124244035;35349;2026-11-09 15:00;2026-10-10 03:00
124244035;35349;2026-11-09 15:15;2026-10-10 03:00
124244035;35349;2026-11-09 15:30;2026-10-10 03:00
124244035;35349;2026-11-09 15:45;2026-10-10 03:00
124244035;35349;2026-11-09 16:00;2026-10-10 03:00
124244035;35349;2026-11-09 16:15;2026-10-10 03:00
124244035;35349;2026-11-09 17:00;2026-10-10 03:00
124244035;35349;2026-11-09 17:15;2026-10-10 03:00
124244035;35349;2026-11-09 17:30;2026-10-10 03:00
124244035;35349;2026-11-09 17:45;2026-10-10 03:00
124244035;35349;2026-11-09 19:15;2026-10-10 03:00
124244035;35349;2026-11-09 19:30;2026-10-10 03:00
124244035;35349;2026-11-09 19:45;2026-10-10 03:00
124244035;35349;2026-11-10 07:00;2026-10-10 03:00
124244035;35349;2026-11-10 07:15;2026-10-10 03:00
124244035;35349;2026-11-10 07:30;2026-10-10 03:00
124244035;35349;2026-11-10 07:45;2026-10-10 03:00
124244035;35349;2026-11-10 08:00;2026-10-10 03:00
124244035;35349;2026-11-10 08:15;2026-10-10 03:00
124244035;35349;2026-11-10 08:30;2026-10-10 03:00
124244035;35349;2026-11-10 08:45;2026-10-10 03:00
124244035;35349;2026-11-10 09:00;2026-10-10 03:00
124244035;35349;2026-11-10 09:15;2026-10-10 03:00
124244035;35349;2026-11-10 09:45;2026-10-10 03:00
124244035;35349;2026-11-10 10:00;2026-10-10 03:00
124244035;35349;2026-11-10 10:15;2026-10-10 03:00
124244035;35349;2026-11-10 10:30;2026-10-10 03:00
124244035;35349;2026-11-10 10:45;2026-10-10 03:00
124244035;35349;2026-11-10 11:30;2026-10-10 03:00
124244035;35349;2026-11-10 11:45;2026-10-10 03:00
124244035;35349;2026-11-10 12:00;2026-10-10 03:00
124244035;35288;2026-10-13 08:45;2026-10-10 03:00
124244035;35288;2026-10-13 10:45;2026-10-10 03:00
124244035;35288;2026-10-14 14:30;2026-10-10 03:00
124244035;35288;2026-10-14 16:45;2026-10-10 03:00
124244035;35288;2026-10-15 08:45;2026-10-10 03:00
124244035;35288;2026-10-15 10:45;2026-10-10 03:00
124244035;35288;2026-10-16 10:45;2026-10-10 03:00
124244035;35288;2026-10-19 14:30;2026-10-10 03:00
124244035;35288;2026-10-19 15:00;2026-10-10 03:00
124244035;35288;2026-10-19 16:45;2026-10-10 03:00
124244035;35288;2026-10-20 07:00;2026-10-10 03:00
124244035;35288;2026-10-20 07:30;2026-10-10 03:00
124244035;35288;2026-10-20 07:45;2026-10-10 03:00
124244035;35288;2026-10-20 08:15;2026-10-10 03:00
124244035;35288;2026-10-20 08:30;2026-10-10 03:00
124244035;35288;2026-10-20 08:45;2026-10-10 03:00
124244035;35288;2026-10-20 09:15;2026-10-10 03:00
124244035;35288;2026-10-20 10:45;2026-10-10 03:00
124244035;35288;2026-10-21 14:15;2026-10-10 03:00
124244035;35288;2026-10-21 14:30;2026-10-10 03:00
124244035;35288;2026-10-21 14:45;2026-10-10 03:00
124244035;35288;2026-10-21 15:15;2026-10-10 03:00
124244035;35288;2026-10-21 15:30;2026-10-10 03:00
124244035;35288;2026-10-21 16:45;2026-10-10 03:00
124244035;35288;2026-10-21 17:15;2026-10-10 03:00
124244035;35288;2026-10-21 17:30;2026-10-10 03:00
124244035;35288;2026-10-22 07:15;2026-10-10 03:00
124244035;35288;2026-10-22 07:30;2026-10-10 03:00
124244035;35288;2026-10-22 07:45;2026-10-10 03:00
124244035;35288;2026-10-22 08:00;2026-10-10 03:00
124244035;35288;2026-10-22 08:45;2026-10-10 03:00
124244035;35288;2026-10-22 09:15;2026-10-10 03:00
124244035;35288;2026-10-22 10:45;2026-10-10 03:00
124244035;35288;2026-10-22 11:00;2026-10-10 03:00
124244035;35288;2026-10-23 13:30;2026-10-10 03:00
124244035;35288;2026-10-23 14:15;2026-10-10 03:00
124244035;35288;2026-10-23 14:30;2026-10-10 03:00
124244035;35288;2026-10-23 14:45;2026-10-10 03:00
124244035;35288;2026-10-23 15:00;2026-10-10 03:00
124244035;35288;2026-10-23 15:15;2026-10-10 03:00
124244035;35288;2026-10-23 15:30;2026-10-10 03:00
124244035;35288;2026-10-23 16:45;2026-10-10 03:00
124244035;35288;2026-10-23 17:00;2026-10-10 03:00
124244035;35288;2026-10-23 17:15;2026-10-10 03:00
124244035;35288;2026-10-23 17:30;2026-10-10 03:00
124244035;35288;2026-10-26 13:30;2026-10-10 03:00
124244035;35288;2026-10-26 13:45;2026-10-10 03:00
124244035;35288;2026-10-26 14:00;2026-10-10 03:00
124244035;35288;2026-10-26 14:15;2026-10-10 03:00
124244035;35288;2026-10-26 14:30;2026-10-10 03:00
124244035;35288;2026-10-26 14:45;2026-10-10 03:00
124244035;35288;2026-10-26 15:00;2026-10-10 03:00
124244035;35288;2026-10-26 15:30;2026-10-10 03:00
124244035;35288;2026-10-26 16:45;2026-10-10 03:00
124244035;35288;2026-10-26 17:00;2026-10-10 03:00
124244035;35288;2026-10-26 17:15;2026-10-10 03:00
124244035;35288;2026-10-26 17:30;2026-10-10 03:00
124244035;35288;2026-10-26 17:45;2026-10-10 03:00
124244035;35288;2026-10-27 07:00;2026-10-10 03:00
124244035;35288;2026-10-27 07:15;2026-10-10 03:00
124244035;35288;2026-10-27 07:30;2026-10-10 03:00
124244035;35288;2026-10-27 07:45;2026-10-10 03:00
124244035;35288;2026-10-27 08:00;2026-10-10 03:00
124244035;35288;2026-10-27 08:15;2026-10-10 03:00
124244035;35288;2026-10-27 08:30;2026-10-10 03:00
124244035;35288;2026-10-27 08:45;2026-10-10 03:00
124244035;35288;2026-10-27 09:00;2026-10-10 03:00
124244035;35288;2026-10-27 09:15;2026-10-10 03:00
124244035;35288;2026-10-27 09:30;2026-10-10 03:00
124244035;35288;2026-10-27 09:45;2026-10-10 03:00
124244035;35288;2026-10-27 10:30;2026-10-10 03:00
124244035;35288;2026-10-27 10:45;2026-10-10 03:00
124244035;35288;2026-10-27 11:00;2026-10-10 03:00
124244035;35288;2026-10-27 12:55;2026-10-10 03:00
124244035;35288;2026-10-28 13:30;2026-10-10 03:00
124244035;35288;2026-10-28 13:45;2026-10-10 03:00
124244035;35288;2026-10-28 14:00;2026-10-10 03:00
124244035;35288;2026-10-28 14:15;2026-10-10 03:00
124244035;35288;2026-10-28 14:30;2026-10-10 03:00
124244035;35288;2026-10-28 14:45;2026-10-10 03:00
124244035;35288;2026-10-28 15:00;2026-10-10 03:00
124244035;35288;2026-10-28 15:15;2026-10-10 03:00
124244035;35288;2026-10-28 15:30;2026-10-10 03:00
124244035;35288;2026-10-28 15:45;2026-10-10 03:00
124244035;35288;2026-10-28 16:30;2026-10-10 03:00
124244035;35288;2026-10-28 16:45;2026-10-10 03:00
124244035;35288;2026-10-28 17:00;2026-10-10 03:00
124244035;35288;2026-10-28 17:15;2026-10-10 03:00
124244035;35288;2026-10-28 17:30;2026-10-10 03:00
124244035;35288;2026-10-28 17:45;2026-10-10 03:00
124244035;35288;2026-10-29 07:00;2026-10-10 03:00
124244035;35288;2026-10-29 07:15;2026-10-10 03:00
124244035;35288;2026-10-29 07:30;2026-10-10 03:00
124244035;35288;2026-10-29 07:45;2026-10-10 03:00
124244035;35288;2026-10-29 08:00;2026-10-10 03:00
124244035;35288;2026-10-29 08:15;2026-10-10 03:00
124244035;35288;2026-10-29 08:30;2026-10-10 03:00
124244035;35288;2026-10-29 08:45;2026-10-10 03:00
124244035;35288;2026-10-29 09:00;2026-10-10 03:00
124244035;35288;2026-10-29 09:15;2026-10-10 03:00
124244035;35288;2026-10-29 09:30;2026-10-10 03:00
124244035;35288;2026-10-29 09:45;2026-10-10 03:00
124244035;35288;2026-10-29 10:30;2026-10-10 03:00
124244035;35288;2026-10-29 10:45;2026-10-10 03:00
124244035;35288;2026-10-29 11:00;2026-10-10 03:00
124244035;35288;2026-10-29 11:15;2026-10-10 03:00
124244035;35288;2026-10-29 12:55;2026-10-10 03:00
124244035;35288;2026-10-30 07:00;2026-10-10 03:00
124244035;35288;2026-10-30 07:15;2026-10-10 03:00
124244035;35288;2026-10-30 07:30;2026-10-10 03:00
124244035;35288;2026-10-30 07:45;2026-10-10 03:00
124244035;35288;2026-10-30 08:00;2026-10-10 03:00
124244035;35288;2026-10-30 08:15;2026-10-10 03:00
124244035;35288;2026-10-30 08:30;2026-10-10 03:00
124244035;35288;2026-10-30 08:45;2026-10-10 03:00
124244035;35288;2026-10-30 09:00;2026-10-10 03:00
124244035;35288;2026-10-30 09:15;2026-10-10 03:00
124244035;35288;2026-10-30 09:30;2026-10-10 03:00
124244035;35288;2026-10-30 09:45;2026-10-10 03:00
124244035;35288;2026-10-30 10:30;2026-10-10 03:00
124244035;35288;2026-10-30 10:45;2026-10-10 03:00
124244035;35288;2026-10-30 11:00;2026-10-10 03:00
124244035;35288;2026-10-30 11:15;2026-10-10 03:00
124244035;35288;2026-11-03 07:00;2026-10-10 03:00
124244035;35288;2026-11-03 07:15;2026-10-10 03:00
124244035;35288;2026-11-03 07:30;2026-10-10 03:00
124244035;35288;2026-11-03 07:45;2026-10-10 03:00
124244035;35288;2026-11-03 08:00;2026-10-10 03:00
124244035;35288;2026-11-03 08:30;2026-10-10 03:00
124244035;35288;2026-11-03 08:45;2026-10-10 03:00
124244035;35288;2026-11-03 09:45;2026-10-10 03:00
124244035;35288;2026-11-03 10:30;2026-10-10 03:00
124244035;35288;2026-11-03 10:45;2026-10-10 03:00
124244035;35288;2026-11-03 11:00;2026-10-10 03:00
124244035;35288;2026-11-03 11:15;2026-10-10 03:00
124244035;35288;2026-11-03 12:55;2026-10-10 03:00
124244035;35288;2026-11-04 13:30;2026-10-10 03:00
124244035;35288;2026-11-04 13:45;2026-10-10 03:00
124244035;35288;2026-11-04 14:15;2026-10-10 03:00
124244035;35288;2026-11-04 14:30;2026-10-10 03:00
124244035;35288;2026-11-04 14:45;2026-10-10 03:00
124244035;35288;2026-11-04 15:00;2026-10-10 03:00
124244035;35288;2026-11-04 15:30;2026-10-10 03:00
124244035;35288;2026-11-04 15:45;2026-10-10 03:00
124244035;35288;2026-11-04 16:30;2026-10-10 03:00
124244035;35288;2026-11-04 16:45;2026-10-10 03:00
124244035;35288;2026-11-04 17:15;2026-10-10 03:00
124244035;35288;2026-11-04 17:30;2026-10-10 03:00
124244035;35288;2026-11-04 17:45;2026-10-10 03:00
124244035;35288;2026-11-05 07:00;2026-10-10 03:00
124244035;35288;2026-11-05 07:15;2026-10-10 03:00
124244035;35288;2026-11-05 07:30;2026-10-10 03:00
124244035;35288;2026-11-05 07:45;2026-10-10 03:00
124244035;35288;2026-11-05 08:00;2026-10-10 03:00
124244035;35288;2026-11-05 08:30;2026-10-10 03:00
124244035;35288;2026-11-05 08:45;2026-10-10 03:00
124244035;35288;2026-11-05 09:00;2026-10-10 03:00
124244035;35288;2026-11-05 09:30;2026-10-10 03:00
124244035;35288;2026-11-05 09:45;2026-10-10 03:00
124244035;35288;2026-11-05 10:30;2026-10-10 03:00
124244035;35288;2026-11-05 10:45;2026-10-10 03:00
124244035;35288;2026-11-05 11:00;2026-10-10 03:00
124244035;35288;2026-11-05 11:15;2026-10-10 03:00
124244035;35288;2026-11-05 12:55;2026-10-10 03:00
124244035;35288;2026-11-06 07:00;2026-10-10 03:00
124244035;35288;2026-11-06 07:15;2026-10-10 03:00
124244035;35288;2026-11-06 07:30;2026-10-10 03:00
124244035;35288;2026-11-06 07:45;2026-10-10 03:00
124244035;35288;2026-11-06 08:00;2026-10-10 03:00
124244035;35288;2026-11-06 08:30;2026-10-10 03:00
124244035;35288;2026-11-06 08:45;2026-10-10 03:00
124244035;35288;2026-11-06 09:45;2026-10-10 03:00
124244035;35288;2026-11-06 10:30;2026-10-10 03:00
124244035;35288;2026-11-06 10:45;2026-10-10 03:00
124244035;35288;2026-11-06 11:00;2026-10-10 03:00
124244035;35288;2026-11-06 11:15;2026-10-10 03:00
124244035;35288;2026-11-06 12:55;2026-10-10 03:00
124244035;35288;2026-11-09 13:13;2026-10-10 03:00
124244035;35288;2026-11-09 13:30;2026-10-10 03:00
124244035;35288;2026-11-09 14:00;2026-10-10 03:00
124244035;35288;2026-11-09 14:15;2026-10-10 03:00
124244035;35288;2026-11-09 14:30;2026-10-10 03:00
124244035;35288;2026-11-09 15:00;2026-10-10 03:00
124244035;35288;2026-11-09 15:30;2026-10-10 03:00
124244035;35288;2026-11-09 15:45;2026-10-10 03:00
124244035;35288;2026-11-09 16:30;2026-10-10 03:00
124244035;35288;2026-11-09 16:45;2026-10-10 03:00
124244035;35288;2026-11-09 17:15;2026-10-10 03:00
124244035;35288;2026-11-09 17:30;2026-10-10 03:00
124244035;35288;2026-11-09 17:45;2026-10-10 03:00
124244035;35288;2026-11-10 07:00;2026-10-10 03:00
124244035;35288;2026-11-10 07:15;2026-10-10 03:00
124244035;35288;2026-11-10 07:45;2026-10-10 03:00
124244035;35288;2026-11-10 08:15;2026-10-10 03:00
124244035;35288;2026-11-10 08:45;2026-10-10 03:00
124244035;35288;2026-11-10 09:00;2026-10-10 03:00
124244035;35288;2026-11-10 09:15;2026-10-10 03:00
124244035;35288;2026-11-10 09:45;2026-10-10 03:00
124244035;35288;2026-11-10 10:30;2026-10-10 03:00
124244035;35288;2026-11-10 10:45;2026-10-10 03:00
124244035;35288;2026-11-10 11:15;2026-10-10 03:00
124244035;35288;2026-11-10 12:55;2026-10-10 03:00
124244035;35232;2026-10-12 09:30;2026-10-10 03:00
124244035;35232;2026-10-12 11:45;2026-10-10 03:00
124244035;35232;2026-10-13 09:30;2026-10-10 03:00
124244035;35232;2026-10-13 11:45;2026-10-10 03:00
124244035;35232;2026-10-14 09:30;2026-10-10 03:00
124244035;35232;2026-10-14 11:45;2026-10-10 03:00
124244035;35232;2026-10-15 08:15;2026-10-10 03:00
124244035;35232;2026-10-15 09:30;2026-10-10 03:00
124244035;35232;2026-10-15 09:45;2026-10-10 03:00
124244035;35232;2026-10-15 11:45;2026-10-10 03:00
124244035;35232;2026-10-15 13:30;2026-10-10 03:00
124244035;35232;2026-10-16 09:30;2026-10-10 03:00
124244035;35232;2026-10-16 09:45;2026-10-10 03:00
124244035;35232;2026-10-16 11:45;2026-10-10 03:00
124244035;35232;2026-10-16 12:00;2026-10-10 03:00
124244035;35232;2026-10-16 13:30;2026-10-10 03:00
124244035;35232;2026-10-19 08:00;2026-10-10 03:00
124244035;35232;2026-10-19 08:15;2026-10-10 03:00
124244035;35232;2026-10-19 09:30;2026-10-10 03:00
124244035;35232;2026-10-19 09:45;2026-10-10 03:00
124244035;35232;2026-10-19 11:45;2026-10-10 03:00
124244035;35232;2026-10-19 12:00;2026-10-10 03:00
124244035;35232;2026-10-19 13:15;2026-10-10 03:00
124244035;35232;2026-10-19 13:30;2026-10-10 03:00
124244035;35232;2026-10-20 08:00;2026-10-10 03:00
124244035;35232;2026-10-20 09:30;2026-10-10 03:00
124244035;35232;2026-10-20 09:45;2026-10-10 03:00
124244035;35232;2026-10-20 11:45;2026-10-10 03:00
124244035;35232;2026-10-20 12:00;2026-10-10 03:00
124244035;35232;2026-10-20 13:15;2026-10-10 03:00
124244035;35232;2026-10-20 13:30;2026-10-10 03:00
124244035;35232;2026-10-21 07:00;2026-10-10 03:00
124244035;35232;2026-10-21 08:00;2026-10-10 03:00
124244035;35232;2026-10-21 08:15;2026-10-10 03:00
124244035;35232;2026-10-21 08:45;2026-10-10 03:00
124244035;35232;2026-10-21 09:30;2026-10-10 03:00
124244035;35232;2026-10-21 09:45;2026-10-10 03:00
124244035;35232;2026-10-21 10:30;2026-10-10 03:00
124244035;35232;2026-10-21 10:45;2026-10-10 03:00
124244035;35232;2026-10-21 11:45;2026-10-10 03:00
124244035;35232;2026-10-21 12:00;2026-10-10 03:00
124244035;35232;2026-10-21 13:15;2026-10-10 03:00
124244035;35232;2026-10-21 13:30;2026-10-10 03:00
124244035;35232;2026-10-22 07:00;2026-10-10 03:00
124244035;35232;2026-10-22 07:15;2026-10-10 03:00
124244035;35232;2026-10-22 07:30;2026-10-10 03:00
124244035;35232;2026-10-22 08:00;2026-10-10 03:00
124244035;35232;2026-10-22 08:15;2026-10-10 03:00
124244035;35232;2026-10-22 08:30;2026-10-10 03:00
124244035;35232;2026-10-22 09:30;2026-10-10 03:00
124244035;35232;2026-10-22 09:45;2026-10-10 03:00
124244035;35232;2026-10-22 10:45;2026-10-10 03:00
124244035;35232;2026-10-22 11:45;2026-10-10 03:00
124244035;35232;2026-10-22 12:00;2026-10-10 03:00
124244035;35232;2026-10-22 13:15;2026-10-10 03:00
124244035;35232;2026-10-22 13:30;2026-10-10 03:00
124244035;35232;2026-10-23 07:00;2026-10-10 03:00
124244035;35232;2026-10-23 07:15;2026-10-10 03:00
124244035;35232;2026-10-23 07:45;2026-10-10 03:00
124244035;35232;2026-10-23 08:00;2026-10-10 03:00
124244035;35232;2026-10-23 08:45;2026-10-10 03:00
124244035;35232;2026-10-23 09:00;2026-10-10 03:00
124244035;35232;2026-10-23 09:30;2026-10-10 03:00
124244035;35232;2026-10-23 11:45;2026-10-10 03:00
124244035;35232;2026-10-23 12:00;2026-10-10 03:00
124244035;35232;2026-10-23 13:15;2026-10-10 03:00
124244035;35232;2026-10-23 13:30;2026-10-10 03:00
124244035;35232;2026-10-26 07:00;2026-10-10 03:00
124244035;35232;2026-10-26 07:15;2026-10-10 03:00
124244035;35232;2026-10-26 07:30;2026-10-10 03:00
124244035;35232;2026-10-26 07:45;2026-10-10 03:00
124244035;35232;2026-10-26 08:00;2026-10-10 03:00
124244035;35232;2026-10-26 08:30;2026-10-10 03:00
124244035;35232;2026-10-26 08:45;2026-10-10 03:00
124244035;35232;2026-10-26 09:00;2026-10-10 03:00
124244035;35232;2026-10-26 09:30;2026-10-10 03:00
124244035;35232;2026-10-26 09:45;2026-10-10 03:00
124244035;35232;2026-10-26 10:30;2026-10-10 03:00
124244035;35232;2026-10-26 10:45;2026-10-10 03:00
124244035;35232;2026-10-26 11:45;2026-10-10 03:00
124244035;35232;2026-10-26 12:00;2026-10-10 03:00
124244035;35232;2026-10-26 13:15;2026-10-10 03:00
124244035;35232;2026-10-26 13:30;2026-10-10 03:00
124244035;35232;2026-10-27 07:00;2026-10-10 03:00
124244035;35232;2026-10-27 07:15;2026-10-10 03:00
124244035;35232;2026-10-27 07:30;2026-10-10 03:00
124244035;35232;2026-10-27 07:45;2026-10-10 03:00
124244035;35232;2026-10-27 08:00;2026-10-10 03:00
124244035;35232;2026-10-27 08:15;2026-10-10 03:00
124244035;35232;2026-10-27 08:45;2026-10-10 03:00
124244035;35232;2026-10-27 09:30;2026-10-10 03:00
124244035;35232;2026-10-27 10:45;2026-10-10 03:00
124244035;35232;2026-10-27 11:00;2026-10-10 03:00
124244035;35232;2026-10-27 11:15;2026-10-10 03:00
124244035;35232;2026-10-27 11:45;2026-10-10 03:00
124244035;35232;2026-10-27 12:00;2026-10-10 03:00
124244035;35232;2026-10-27 13:15;2026-10-10 03:00
124244035;35232;2026-10-27 13:30;2026-10-10 03:00
124244035;35232;2026-10-28 07:00;2026-10-10 03:00
124244035;35232;2026-10-28 07:15;2026-10-10 03:00
124244035;35232;2026-10-28 07:30;2026-10-10 03:00
124244035;35232;2026-10-28 07:45;2026-10-10 03:00
124244035;35232;2026-10-28 08:00;2026-10-10 03:00
124244035;35232;2026-10-28 08:15;2026-10-10 03:00
124244035;35232;2026-10-28 08:30;2026-10-10 03:00
124244035;35232;2026-10-28 08:45;2026-10-10 03:00
124244035;35232;2026-10-28 09:00;2026-10-10 03:00
124244035;35232;2026-10-28 09:30;2026-10-10 03:00
124244035;35232;2026-10-28 09:45;2026-10-10 03:00
124244035;35232;2026-10-28 10:30;2026-10-10 03:00
124244035;35232;2026-10-28 10:45;2026-10-10 03:00
124244035;35232;2026-10-28 11:00;2026-10-10 03:00
124244035;35232;2026-10-28 11:15;2026-10-10 03:00
124244035;35232;2026-10-28 11:45;2026-10-10 03:00
124244035;35232;2026-10-28 12:00;2026-10-10 03:00
124244035;35232;2026-10-28 13:15;2026-10-10 03:00
124244035;35232;2026-10-28 13:30;2026-10-10 03:00
124244035;35232;2026-10-29 07:00;2026-10-10 03:00
124244035;35232;2026-10-29 07:15;2026-10-10 03:00
124244035;35232;2026-10-29 07:30;2026-10-10 03:00
124244035;35232;2026-10-29 07:45;2026-10-10 03:00
124244035;35232;2026-10-29 08:00;2026-10-10 03:00
124244035;35232;2026-10-29 08:30;2026-10-10 03:00
124244035;35232;2026-10-29 08:45;2026-10-10 03:00
124244035;35232;2026-10-29 09:30;2026-10-10 03:00
124244035;35232;2026-10-29 10:30;2026-10-10 03:00
124244035;35232;2026-10-29 10:45;2026-10-10 03:00
124244035;35232;2026-10-29 11:00;2026-10-10 03:00
124244035;35232;2026-10-29 11:15;2026-10-10 03:00
124244035;35232;2026-10-29 11:45;2026-10-10 03:00
124244035;35232;2026-10-29 13:15;2026-10-10 03:00
124244035;35232;2026-10-29 13:30;2026-10-10 03:00
124244035;35232;2026-10-30 07:15;2026-10-10 03:00
124244035;35232;2026-10-30 07:30;2026-10-10 03:00
124244035;35232;2026-10-30 07:45;2026-10-10 03:00
124244035;35232;2026-10-30 08:00;2026-10-10 03:00
124244035;35232;2026-10-30 08:15;2026-10-10 03:00
124244035;35232;2026-10-30 08:30;2026-10-10 03:00
124244035;35232;2026-10-30 08:45;2026-10-10 03:00
124244035;35232;2026-10-30 09:00;2026-10-10 03:00
124244035;35232;2026-10-30 09:30;2026-10-10 03:00
124244035;35232;2026-10-30 09:45;2026-10-10 03:00
124244035;35232;2026-10-30 10:30;2026-10-10 03:00
124244035;35232;2026-10-30 10:45;2026-10-10 03:00
124244035;35232;2026-10-30 11:00;2026-10-10 03:00
124244035;35232;2026-10-30 11:15;2026-10-10 03:00
124244035;35232;2026-10-30 11:45;2026-10-10 03:00
124244035;35232;2026-10-30 12:00;2026-10-10 03:00
124244035;35232;2026-10-30 13:15;2026-10-10 03:00
124244035;35232;2026-10-30 13:30;2026-10-10 03:00
124244035;35034;2026-10-12 16:00;2026-10-10 03:00
124244035;35034;2026-10-12 16:15;2026-10-10 03:00
124244035;35034;2026-10-12 16:30;2026-10-10 03:00
124244035;35034;2026-10-12 16:45;2026-10-10 03:00
124244035;35034;2026-10-12 18:45;2026-10-10 03:00
124244035;35034;2026-10-15 09:30;2026-10-10 03:00
124244035;35034;2026-10-15 10:00;2026-10-10 03:00
124244035;35034;2026-10-15 10:15;2026-10-10 03:00
124244035;35034;2026-10-19 08:30;2026-10-10 03:00
124244035;35034;2026-10-20 14:15;2026-10-10 03:00
124244035;35034;2026-10-20 16:00;2026-10-10 03:00
124244035;35034;2026-10-20 16:15;2026-10-10 03:00
124244035;35034;2026-10-21 09:30;2026-10-10 03:00
124244035;35034;2026-10-21 10:00;2026-10-10 03:00
124244035;35034;2026-10-21 10:15;2026-10-10 03:00
124244035;35034;2026-10-22 14:15;2026-10-10 03:00
124244035;35034;2026-10-22 16:00;2026-10-10 03:00
124244035;35034;2026-10-22 16:15;2026-10-10 03:00
124244035;35034;2026-10-23 09:30;2026-10-10 03:00
124244035;35034;2026-10-26 16:00;2026-10-10 03:00
124244035;35034;2026-10-26 16:15;2026-10-10 03:00
124244035;35034;2026-10-26 16:30;2026-10-10 03:00
124244035;35034;2026-10-27 08:30;2026-10-10 03:00
124244035;35034;2026-10-27 08:45;2026-10-10 03:00
124244035;35034;2026-10-27 09:30;2026-10-10 03:00
124244035;35034;2026-10-27 10:15;2026-10-10 03:00
124244035;35034;2026-10-28 14:15;2026-10-10 03:00
124244035;35034;2026-10-28 16:00;2026-10-10 03:00
124244035;35034;2026-10-28 16:15;2026-10-10 03:00
124244035;35034;2026-10-28 18:45;2026-10-10 03:00
124244035;35034;2026-10-29 08:30;2026-10-10 03:00
124244035;35034;2026-10-29 09:30;2026-10-10 03:00
124244035;35034;2026-10-29 09:45;2026-10-10 03:00
124244035;35034;2026-10-29 10:00;2026-10-10 03:00
124244035;35034;2026-10-29 10:15;2026-10-10 03:00
124244035;35034;2026-10-29 12:15;2026-10-10 03:00
124244035;35034;2026-10-30 14:15;2026-10-10 03:00
124244035;35034;2026-10-30 14:30;2026-10-10 03:00
124244035;35034;2026-11-09 08:30;2026-10-10 03:00
124244035;35034;2026-11-09 08:45;2026-10-10 03:00
124244035;35034;2026-11-09 09:00;2026-10-10 03:00
124244035;35034;2026-11-09 09:15;2026-10-10 03:00
124244035;35034;2026-11-09 12:00;2026-10-10 03:00
124244035;35034;2026-11-09 12:15;2026-10-10 03:00
124244035;35034;2026-11-10 14:15;2026-10-10 03:00
124244035;35034;2026-11-10 14:30;2026-10-10 03:00
124244035;35034;2026-11-10 16:00;2026-10-10 03:00
124244035;35034;2026-11-10 16:15;2026-10-10 03:00
124244035;35034;2026-11-10 18:45;2026-10-10 03:00
124244035;34846;2026-10-12 10:45;2026-10-10 03:00
124244035;34846;2026-10-12 11:30;2026-10-10 03:00
124244035;34846;2026-10-13 14:30;2026-10-10 03:00
124244035;34846;2026-10-13 17:30;2026-10-10 03:00
124244035;34846;2026-10-14 09:00;2026-10-10 03:00
124244035;34846;2026-10-14 11:30;2026-10-10 03:00
124244035;34846;2026-10-16 10:45;2026-10-10 03:00
124244035;34846;2026-10-16 11:30;2026-10-10 03:00
124244035;34846;2026-10-20 07:45;2026-10-10 03:00
124244035;34846;2026-10-20 09:00;2026-10-10 03:00
124244035;34846;2026-10-20 10:45;2026-10-10 03:00
124244035;34846;2026-10-20 11:30;2026-10-10 03:00
124244035;34846;2026-10-21 14:30;2026-10-10 03:00
124244035;34846;2026-10-21 15:15;2026-10-10 03:00
124244035;34846;2026-10-21 17:30;2026-10-10 03:00
124244035;34846;2026-10-26 07:15;2026-10-10 03:00
124244035;34846;2026-10-26 07:30;2026-10-10 03:00
124244035;34846;2026-10-26 07:45;2026-10-10 03:00
124244035;34846;2026-10-26 08:00;2026-10-10 03:00
124244035;34846;2026-10-26 08:30;2026-10-10 03:00
124244035;34846;2026-10-26 08:45;2026-10-10 03:00
124244035;34846;2026-10-26 09:00;2026-10-10 03:00
124244035;34846;2026-10-26 09:15;2026-10-10 03:00
124244035;34846;2026-10-26 09:45;2026-10-10 03:00
124244035;34846;2026-10-26 10:45;2026-10-10 03:00
124244035;34846;2026-10-26 11:00;2026-10-10 03:00
124244035;34846;2026-10-26 11:15;2026-10-10 03:00
124244035;34846;2026-10-26 11:30;2026-10-10 03:00
124244035;34846;2026-10-26 11:45;2026-10-10 03:00
124244035;34846;2026-10-26 12:00;2026-10-10 03:00
124244035;34846;2026-10-26 12:15;2026-10-10 03:00
124244035;34846;2026-10-26 12:30;2026-10-10 03:00
124244035;34846;2026-10-27 13:00;2026-10-10 03:00
124244035;34846;2026-10-27 13:15;2026-10-10 03:00
124244035;34846;2026-10-27 13:30;2026-10-10 03:00
124244035;34846;2026-10-27 13:45;2026-10-10 03:00
124244035;34846;2026-10-27 14:00;2026-10-10 03:00
124244035;34846;2026-10-27 14:15;2026-10-10 03:00
124244035;34846;2026-10-27 14:30;2026-10-10 03:00
124244035;34846;2026-10-27 14:45;2026-10-10 03:00
124244035;34846;2026-10-27 15:00;2026-10-10 03:00
124244035;34846;2026-10-27 15:15;2026-10-10 03:00
124244035;34846;2026-10-27 15:30;2026-10-10 03:00
124244035;34846;2026-10-27 15:45;2026-10-10 03:00
124244035;34846;2026-10-27 16:30;2026-10-10 03:00
124244035;34846;2026-10-27 16:45;2026-10-10 03:00
124244035;34846;2026-10-27 17:00;2026-10-10 03:00
124244035;34846;2026-10-27 17:15;2026-10-10 03:00
124244035;34846;2026-10-27 17:30;2026-10-10 03:00
124244035;34846;2026-10-27 18:30;2026-10-10 03:00
124244035;34846;2026-10-28 07:00;2026-10-10 03:00
124244035;34846;2026-10-28 07:15;2026-10-10 03:00
124244035;34846;2026-10-28 07:30;2026-10-10 03:00
124244035;34846;2026-10-28 07:45;2026-10-10 03:00
124244035;34846;2026-10-28 08:00;2026-10-10 03:00
124244035;34846;2026-10-28 08:30;2026-10-10 03:00
124244035;34846;2026-10-28 08:45;2026-10-10 03:00
124244035;34846;2026-10-28 09:00;2026-10-10 03:00
124244035;34846;2026-10-28 09:15;2026-10-10 03:00
124244035;34846;2026-10-28 09:30;2026-10-10 03:00
124244035;34846;2026-10-28 09:45;2026-10-10 03:00
124244035;34846;2026-10-28 10:30;2026-10-10 03:00
124244035;34846;2026-10-28 10:45;2026-10-10 03:00
124244035;34846;2026-10-28 11:00;2026-10-10 03:00
124244035;34846;2026-10-28 11:15;2026-10-10 03:00
124244035;34846;2026-10-28 11:30;2026-10-10 03:00
124244035;34846;2026-10-28 11:45;2026-10-10 03:00
124244035;34846;2026-10-28 12:00;2026-10-10 03:00
124244035;34846;2026-10-28 12:15;2026-10-10 03:00
124244035;34846;2026-10-28 12:30;2026-10-10 03:00
124244035;34846;2026-10-29 13:15;2026-10-10 03:00
124244035;34846;2026-10-29 13:30;2026-10-10 03:00
124244035;34846;2026-10-29 13:45;2026-10-10 03:00
124244035;34846;2026-10-29 14:00;2026-10-10 03:00
124244035;34846;2026-10-29 14:15;2026-10-10 03:00
124244035;34846;2026-10-29 14:30;2026-10-10 03:00
124244035;34846;2026-10-29 14:45;2026-10-10 03:00
124244035;34846;2026-10-29 15:00;2026-10-10 03:00
124244035;34846;2026-10-29 15:15;2026-10-10 03:00
124244035;34846;2026-10-29 15:30;2026-10-10 03:00
124244035;34846;2026-10-29 15:45;2026-10-10 03:00
124244035;34846;2026-10-29 16:30;2026-10-10 03:00
124244035;34846;2026-10-29 16:45;2026-10-10 03:00
124244035;34846;2026-10-29 17:00;2026-10-10 03:00
124244035;34846;2026-10-29 17:15;2026-10-10 03:00
124244035;34846;2026-10-29 17:30;2026-10-10 03:00
124244035;34846;2026-10-29 17:45;2026-10-10 03:00
124244035;34846;2026-10-29 18:00;2026-10-10 03:00
124244035;34846;2026-10-29 18:30;2026-10-10 03:00
124244035;34846;2026-10-30 07:15;2026-10-10 03:00
124244035;34846;2026-10-30 07:30;2026-10-10 03:00
124244035;34846;2026-10-30 07:45;2026-10-10 03:00
124244035;34846;2026-10-30 08:00;2026-10-10 03:00
124244035;34846;2026-10-30 08:30;2026-10-10 03:00
124244035;34846;2026-10-30 08:45;2026-10-10 03:00
124244035;34846;2026-10-30 09:00;2026-10-10 03:00
124244035;34846;2026-10-30 09:45;2026-10-10 03:00
124244035;34846;2026-10-30 10:30;2026-10-10 03:00
124244035;34846;2026-10-30 10:45;2026-10-10 03:00
124244035;34846;2026-10-30 11:00;2026-10-10 03:00
124244035;34846;2026-10-30 11:15;2026-10-10 03:00
124244035;34846;2026-10-30 11:30;2026-10-10 03:00
124244035;34846;2026-10-30 11:45;2026-10-10 03:00
124244035;34846;2026-10-30 12:00;2026-10-10 03:00
124244035;34846;2026-10-30 12:15;2026-10-10 03:00
124244035;34846;2026-10-30 12:30;2026-10-10 03:00
124244035;34846;2026-11-03 13:00;2026-10-10 03:00
124244035;34846;2026-11-03 13:15;2026-10-10 03:00
124244035;34846;2026-11-03 13:45;2026-10-10 03:00
124244035;34846;2026-11-03 14:00;2026-10-10 03:00
124244035;34846;2026-11-03 14:15;2026-10-10 03:00
124244035;34846;2026-11-03 14:30;2026-10-10 03:00
124244035;34846;2026-11-03 15:00;2026-10-10 03:00
124244035;34846;2026-11-03 15:15;2026-10-10 03:00
124244035;34846;2026-11-03 15:45;2026-10-10 03:00
124244035;34846;2026-11-03 16:30;2026-10-10 03:00
124244035;34846;2026-11-03 16:45;2026-10-10 03:00
124244035;34846;2026-11-03 17:00;2026-10-10 03:00
124244035;34846;2026-11-03 17:15;2026-10-10 03:00
124244035;34846;2026-11-03 17:30;2026-10-10 03:00
124244035;34846;2026-11-03 18:00;2026-10-10 03:00
124244035;34846;2026-11-03 18:30;2026-10-10 03:00
124244035;34846;2026-11-04 07:00;2026-10-10 03:00
124244035;34846;2026-11-04 07:15;2026-10-10 03:00
124244035;34846;2026-11-04 07:30;2026-10-10 03:00
124244035;34846;2026-11-04 07:45;2026-10-10 03:00
124244035;34846;2026-11-04 08:00;2026-10-10 03:00
124244035;34846;2026-11-04 08:45;2026-10-10 03:00
124244035;34846;2026-11-04 09:00;2026-10-10 03:00
124244035;34846;2026-11-04 09:15;2026-10-10 03:00
124244035;34846;2026-11-04 09:45;2026-10-10 03:00
124244035;34846;2026-11-04 10:30;2026-10-10 03:00
124244035;34846;2026-11-04 10:45;2026-10-10 03:00
124244035;34846;2026-11-04 11:00;2026-10-10 03:00
124244035;34846;2026-11-04 11:15;2026-10-10 03:00
124244035;34846;2026-11-04 11:30;2026-10-10 03:00
124244035;34846;2026-11-04 11:45;2026-10-10 03:00
124244035;34846;2026-11-04 12:15;2026-10-10 03:00
124244035;34846;2026-11-04 12:30;2026-10-10 03:00
124244035;34846;2026-11-05 13:00;2026-10-10 03:00
124244035;34846;2026-11-05 13:15;2026-10-10 03:00
124244035;34846;2026-11-05 13:45;2026-10-10 03:00
124244035;34846;2026-11-05 14:00;2026-10-10 03:00
124244035;34846;2026-11-05 14:15;2026-10-10 03:00
124244035;34846;2026-11-05 14:30;2026-10-10 03:00
124244035;34846;2026-11-05 14:45;2026-10-10 03:00
124244035;34846;2026-11-05 15:00;2026-10-10 03:00
124244035;34846;2026-11-05 15:15;2026-10-10 03:00
124244035;34846;2026-11-05 15:45;2026-10-10 03:00
124244035;34846;2026-11-05 16:30;2026-10-10 03:00
124244035;34846;2026-11-05 16:45;2026-10-10 03:00
124244035;34846;2026-11-05 17:00;2026-10-10 03:00
124244035;34846;2026-11-05 17:15;2026-10-10 03:00
124244035;34846;2026-11-05 17:30;2026-10-10 03:00
124244035;34846;2026-11-05 18:00;2026-10-10 03:00
124244035;34846;2026-11-05 18:30;2026-10-10 03:00
124244035;34846;2026-11-06 07:00;2026-10-10 03:00
124244035;34846;2026-11-06 07:15;2026-10-10 03:00
124244035;34846;2026-11-06 07:30;2026-10-10 03:00
124244035;34846;2026-11-06 07:45;2026-10-10 03:00
124244035;34846;2026-11-06 08:00;2026-10-10 03:00
124244035;34846;2026-11-06 08:45;2026-10-10 03:00
124244035;34846;2026-11-06 09:00;2026-10-10 03:00
124244035;34846;2026-11-06 09:45;2026-10-10 03:00
124244035;34846;2026-11-06 10:30;2026-10-10 03:00
124244035;34846;2026-11-06 10:45;2026-10-10 03:00
124244035;34846;2026-11-06 11:15;2026-10-10 03:00
124244035;34846;2026-11-06 11:30;2026-10-10 03:00
124244035;34846;2026-11-06 12:15;2026-10-10 03:00
124244035;34846;2026-11-06 12:30;2026-10-10 03:00
124244035;34846;2026-11-09 13:00;2026-10-10 03:00
124244035;34846;2026-11-09 13:15;2026-10-10 03:00
124244035;34846;2026-11-09 13:45;2026-10-10 03:00
124244035;34846;2026-11-09 14:15;2026-10-10 03:00
124244035;34846;2026-11-09 14:30;2026-10-10 03:00
124244035;34846;2026-11-09 14:45;2026-10-10 03:00
124244035;34846;2026-11-09 15:00;2026-10-10 03:00
124244035;34846;2026-11-09 15:15;2026-10-10 03:00
124244035;34846;2026-11-09 15:45;2026-10-10 03:00
124244035;34846;2026-11-09 16:30;2026-10-10 03:00
124244035;34846;2026-11-09 17:00;2026-10-10 03:00
124244035;34846;2026-11-09 17:15;2026-10-10 03:00
124244035;34846;2026-11-09 17:30;2026-10-10 03:00
124244035;34846;2026-11-09 18:00;2026-10-10 03:00
124244035;34846;2026-11-09 18:30;2026-10-10 03:00
124244035;34846;2026-11-10 07:00;2026-10-10 03:00
124244035;34846;2026-11-10 07:15;2026-10-10 03:00
124244035;34846;2026-11-10 07:30;2026-10-10 03:00
124244035;34846;2026-11-10 07:45;2026-10-10 03:00
124244035;34846;2026-11-10 08:45;2026-10-10 03:00
124244035;34846;2026-11-10 09:00;2026-10-10 03:00
124244035;34846;2026-11-10 09:15;2026-10-10 03:00
124244035;34846;2026-11-10 09:45;2026-10-10 03:00
124244035;34846;2026-11-10 10:30;2026-10-10 03:00
124244035;34846;2026-11-10 10:45;2026-10-10 03:00
124244035;34846;2026-11-10 11:00;2026-10-10 03:00
124244035;34846;2026-11-10 11:15;2026-10-10 03:00
124244035;34846;2026-11-10 11:30;2026-10-10 03:00
124244035;34846;2026-11-10 12:00;2026-10-10 03:00
124244035;34846;2026-11-10 12:15;2026-10-10 03:00
124244035;34846;2026-11-10 12:30;2026-10-10 03:00
124244035;34838;2026-10-12 10:30;2026-10-10 03:00
124244035;34838;2026-10-12 11:30;2026-10-10 03:00
124244035;34838;2026-10-12 11:45;2026-10-10 03:00
124244035;34838;2026-10-13 14:15;2026-10-10 03:00
124244035;34838;2026-10-13 15:00;2026-10-10 03:00
124244035;34838;2026-10-13 17:30;2026-10-10 03:00
124244035;34838;2026-10-14 09:00;2026-10-10 03:00
124244035;34838;2026-10-14 10:30;2026-10-10 03:00
124244035;34838;2026-10-14 11:30;2026-10-10 03:00
124244035;34838;2026-10-15 14:15;2026-10-10 03:00
124244035;34838;2026-10-15 14:45;2026-10-10 03:00
124244035;34838;2026-10-15 15:00;2026-10-10 03:00
124244035;34838;2026-10-15 16:00;2026-10-10 03:00
124244035;34838;2026-10-15 16:15;2026-10-10 03:00
124244035;34838;2026-10-15 17:00;2026-10-10 03:00
124244035;34838;2026-10-15 17:15;2026-10-10 03:00
124244035;34838;2026-10-15 17:30;2026-10-10 03:00
124244035;34838;2026-10-15 17:45;2026-10-10 03:00
124244035;34838;2026-10-16 07:00;2026-10-10 03:00
124244035;34838;2026-10-16 07:15;2026-10-10 03:00
124244035;34838;2026-10-16 07:30;2026-10-10 03:00
124244035;34838;2026-10-16 07:45;2026-10-10 03:00
124244035;34838;2026-10-16 08:00;2026-10-10 03:00
124244035;34838;2026-10-16 09:00;2026-10-10 03:00
124244035;34838;2026-10-16 09:45;2026-10-10 03:00
124244035;34838;2026-10-16 10:30;2026-10-10 03:00
124244035;34838;2026-10-16 11:30;2026-10-10 03:00
124244035;34838;2026-10-16 11:45;2026-10-10 03:00
124244035;34838;2026-10-19 13:30;2026-10-10 03:00
124244035;34838;2026-10-19 14:00;2026-10-10 03:00
124244035;34838;2026-10-19 14:15;2026-10-10 03:00
124244035;34838;2026-10-19 14:30;2026-10-10 03:00
124244035;34838;2026-10-19 15:00;2026-10-10 03:00
124244035;34838;2026-10-19 15:15;2026-10-10 03:00
124244035;34838;2026-10-19 15:30;2026-10-10 03:00
124244035;34838;2026-10-19 15:45;2026-10-10 03:00
124244035;34838;2026-10-19 16:00;2026-10-10 03:00
124244035;34838;2026-10-19 17:00;2026-10-10 03:00
124244035;34838;2026-10-19 17:15;2026-10-10 03:00
124244035;34838;2026-10-19 17:30;2026-10-10 03:00
124244035;34838;2026-10-19 17:45;2026-10-10 03:00
124244035;34838;2026-10-20 07:00;2026-10-10 03:00
124244035;34838;2026-10-20 07:15;2026-10-10 03:00
124244035;34838;2026-10-20 07:30;2026-10-10 03:00
124244035;34838;2026-10-20 07:45;2026-10-10 03:00
124244035;34838;2026-10-20 08:00;2026-10-10 03:00
124244035;34838;2026-10-20 08:15;2026-10-10 03:00
124244035;34838;2026-10-20 08:30;2026-10-10 03:00
124244035;34838;2026-10-20 08:45;2026-10-10 03:00
124244035;34838;2026-10-20 09:00;2026-10-10 03:00
124244035;34838;2026-10-20 09:30;2026-10-10 03:00
124244035;34838;2026-10-20 09:45;2026-10-10 03:00
124244035;34838;2026-10-20 10:00;2026-10-10 03:00
124244035;34838;2026-10-20 10:15;2026-10-10 03:00
124244035;34838;2026-10-20 10:30;2026-10-10 03:00
124244035;34838;2026-10-20 10:45;2026-10-10 03:00
124244035;34838;2026-10-20 11:30;2026-10-10 03:00
124244035;34838;2026-10-20 11:45;2026-10-10 03:00
124244035;34838;2026-10-20 12:00;2026-10-10 03:00
124244035;34838;2026-10-21 13:30;2026-10-10 03:00
124244035;34838;2026-10-21 14:15;2026-10-10 03:00
124244035;34838;2026-10-21 14:30;2026-10-10 03:00
124244035;34838;2026-10-21 14:45;2026-10-10 03:00
124244035;34838;2026-10-21 15:00;2026-10-10 03:00
124244035;34838;2026-10-21 15:15;2026-10-10 03:00
124244035;34838;2026-10-21 15:30;2026-10-10 03:00
124244035;34838;2026-10-21 15:45;2026-10-10 03:00
124244035;34838;2026-10-21 16:00;2026-10-10 03:00
124244035;34838;2026-10-21 16:15;2026-10-10 03:00
124244035;34838;2026-10-21 17:00;2026-10-10 03:00
124244035;34838;2026-10-21 17:15;2026-10-10 03:00
124244035;34838;2026-10-21 17:30;2026-10-10 03:00
124244035;34838;2026-10-21 17:45;2026-10-10 03:00
124244035;34838;2026-10-21 18:00;2026-10-10 03:00
124244035;34838;2026-10-21 18:15;2026-10-10 03:00
124244035;34838;2026-10-21 18:30;2026-10-10 03:00
124244035;34838;2026-10-22 07:00;2026-10-10 03:00
124244035;34838;2026-10-22 07:15;2026-10-10 03:00
124244035;34838;2026-10-22 07:30;2026-10-10 03:00
124244035;34838;2026-10-22 07:45;2026-10-10 03:00
124244035;34838;2026-10-22 08:00;2026-10-10 03:00
124244035;34838;2026-10-22 08:15;2026-10-10 03:00
124244035;34838;2026-10-22 08:45;2026-10-10 03:00
124244035;34838;2026-10-22 09:00;2026-10-10 03:00
124244035;34838;2026-10-22 09:15;2026-10-10 03:00
124244035;34838;2026-10-22 09:30;2026-10-10 03:00
124244035;34838;2026-10-22 09:45;2026-10-10 03:00
124244035;34838;2026-10-22 10:15;2026-10-10 03:00
124244035;34838;2026-10-22 10:30;2026-10-10 03:00
124244035;34838;2026-10-22 10:45;2026-10-10 03:00
124244035;34838;2026-10-22 11:30;2026-10-10 03:00
124244035;34838;2026-10-22 11:45;2026-10-10 03:00
124244035;34838;2026-10-23 13:30;2026-10-10 03:00
124244035;34838;2026-10-23 14:15;2026-10-10 03:00
124244035;34838;2026-10-23 15:00;2026-10-10 03:00
124244035;34838;2026-10-23 15:15;2026-10-10 03:00
124244035;34838;2026-10-23 15:30;2026-10-10 03:00
124244035;34838;2026-10-23 15:45;2026-10-10 03:00
124244035;34838;2026-10-23 16:00;2026-10-10 03:00
124244035;34838;2026-10-23 17:00;2026-10-10 03:00
124244035;34838;2026-10-23 17:15;2026-10-10 03:00
124244035;34838;2026-10-23 17:30;2026-10-10 03:00
124244035;34838;2026-10-23 17:45;2026-10-10 03:00
124244035;34838;2026-10-26 07:00;2026-10-10 03:00
124244035;34838;2026-10-26 07:15;2026-10-10 03:00
124244035;34838;2026-10-26 07:30;2026-10-10 03:00
124244035;34838;2026-10-26 07:45;2026-10-10 03:00
124244035;34838;2026-10-26 08:00;2026-10-10 03:00
124244035;34838;2026-10-26 08:15;2026-10-10 03:00
124244035;34838;2026-10-26 08:30;2026-10-10 03:00
124244035;34838;2026-10-26 09:00;2026-10-10 03:00
124244035;34838;2026-10-26 09:45;2026-10-10 03:00
124244035;34838;2026-10-26 10:00;2026-10-10 03:00
124244035;34838;2026-10-26 10:30;2026-10-10 03:00
124244035;34838;2026-10-26 11:30;2026-10-10 03:00
124244035;34838;2026-10-26 11:45;2026-10-10 03:00
124244035;34838;2026-10-27 13:30;2026-10-10 03:00
124244035;34838;2026-10-27 14:15;2026-10-10 03:00
124244035;34838;2026-10-27 14:30;2026-10-10 03:00
124244035;34838;2026-10-27 14:45;2026-10-10 03:00
124244035;34838;2026-10-27 15:00;2026-10-10 03:00
124244035;34838;2026-10-27 15:15;2026-10-10 03:00
124244035;34838;2026-10-27 15:30;2026-10-10 03:00
124244035;34838;2026-10-27 15:45;2026-10-10 03:00
124244035;34838;2026-10-27 16:00;2026-10-10 03:00
124244035;34838;2026-10-27 16:15;2026-10-10 03:00
124244035;34838;2026-10-27 17:00;2026-10-10 03:00
124244035;34838;2026-10-27 17:15;2026-10-10 03:00
124244035;34838;2026-10-27 17:30;2026-10-10 03:00
124244035;34838;2026-10-27 17:45;2026-10-10 03:00
124244035;34838;2026-10-27 18:00;2026-10-10 03:00
124244035;34838;2026-10-27 18:15;2026-10-10 03:00
124244035;34838;2026-10-27 18:30;2026-10-10 03:00
124244035;34838;2026-10-28 07:00;2026-10-10 03:00
124244035;34838;2026-10-28 07:15;2026-10-10 03:00
124244035;34838;2026-10-28 07:30;2026-10-10 03:00
124244035;34838;2026-10-28 08:00;2026-10-10 03:00
124244035;34838;2026-10-28 08:15;2026-10-10 03:00
124244035;34838;2026-10-28 08:30;2026-10-10 03:00
124244035;34838;2026-10-28 08:45;2026-10-10 03:00
124244035;34838;2026-10-28 09:00;2026-10-10 03:00
124244035;34838;2026-10-28 09:15;2026-10-10 03:00
124244035;34838;2026-10-28 09:30;2026-10-10 03:00
124244035;34838;2026-10-28 09:45;2026-10-10 03:00
124244035;34838;2026-10-28 10:15;2026-10-10 03:00
124244035;34838;2026-10-28 10:30;2026-10-10 03:00
124244035;34838;2026-10-28 11:30;2026-10-10 03:00
124244035;34838;2026-11-03 13:45;2026-10-10 03:00
124244035;34838;2026-11-03 14:15;2026-10-10 03:00
124244035;34838;2026-11-03 14:30;2026-10-10 03:00
124244035;34838;2026-11-03 15:00;2026-10-10 03:00
124244035;34838;2026-11-03 15:15;2026-10-10 03:00
124244035;34838;2026-11-03 15:45;2026-10-10 03:00
124244035;34838;2026-11-03 16:00;2026-10-10 03:00
124244035;34838;2026-11-03 17:00;2026-10-10 03:00
124244035;34838;2026-11-03 17:30;2026-10-10 03:00
124244035;34838;2026-11-03 17:45;2026-10-10 03:00
124244035;34838;2026-11-03 18:00;2026-10-10 03:00
124244035;34838;2026-11-03 18:15;2026-10-10 03:00
124244035;34838;2026-11-03 18:30;2026-10-10 03:00
124244035;34838;2026-11-04 07:00;2026-10-10 03:00
124244035;34838;2026-11-04 07:15;2026-10-10 03:00
124244035;34838;2026-11-04 07:30;2026-10-10 03:00
124244035;34838;2026-11-04 07:45;2026-10-10 03:00
124244035;34838;2026-11-04 08:15;2026-10-10 03:00
124244035;34838;2026-11-04 08:30;2026-10-10 03:00
124244035;34838;2026-11-04 08:45;2026-10-10 03:00
124244035;34838;2026-11-04 09:00;2026-10-10 03:00
124244035;34838;2026-11-04 09:15;2026-10-10 03:00
124244035;34838;2026-11-04 09:30;2026-10-10 03:00
124244035;34838;2026-11-04 09:45;2026-10-10 03:00
124244035;34838;2026-11-04 10:00;2026-10-10 03:00
124244035;34838;2026-11-04 10:30;2026-10-10 03:00
124244035;34838;2026-11-04 10:45;2026-10-10 03:00
124244035;34838;2026-11-04 11:30;2026-10-10 03:00
124244035;34838;2026-11-04 11:45;2026-10-10 03:00
124244035;34838;2026-11-04 12:00;2026-10-10 03:00
124244035;34838;2026-11-05 13:30;2026-10-10 03:00
124244035;34838;2026-11-05 13:45;2026-10-10 03:00
124244035;34838;2026-11-05 14:00;2026-10-10 03:00
124244035;34838;2026-11-05 14:15;2026-10-10 03:00
124244035;34838;2026-11-05 14:30;2026-10-10 03:00
124244035;34838;2026-11-05 14:45;2026-10-10 03:00
124244035;34838;2026-11-05 15:00;2026-10-10 03:00
124244035;34838;2026-11-05 15:15;2026-10-10 03:00
124244035;34838;2026-11-05 15:30;2026-10-10 03:00
124244035;34838;2026-11-05 15:45;2026-10-10 03:00
124244035;34838;2026-11-05 16:00;2026-10-10 03:00
124244035;34838;2026-11-05 16:15;2026-10-10 03:00
124244035;34838;2026-11-05 17:00;2026-10-10 03:00
124244035;34838;2026-11-05 17:15;2026-10-10 03:00
124244035;34838;2026-11-05 17:30;2026-10-10 03:00
124244035;34838;2026-11-05 17:45;2026-10-10 03:00
124244035;34838;2026-11-05 18:00;2026-10-10 03:00
124244035;34838;2026-11-05 18:15;2026-10-10 03:00
124244035;34838;2026-11-05 18:30;2026-10-10 03:00
124244035;34838;2026-11-06 07:00;2026-10-10 03:00
124244035;34838;2026-11-06 07:15;2026-10-10 03:00
124244035;34838;2026-11-06 07:30;2026-10-10 03:00
124244035;34838;2026-11-06 07:45;2026-10-10 03:00
124244035;34838;2026-11-06 08:00;2026-10-10 03:00
124244035;34838;2026-11-06 09:00;2026-10-10 03:00
124244035;34838;2026-11-06 09:15;2026-10-10 03:00
124244035;34838;2026-11-06 09:30;2026-10-10 03:00
124244035;34838;2026-11-06 10:30;2026-10-10 03:00
124244035;34838;2026-11-06 10:45;2026-10-10 03:00
124244035;34838;2026-11-06 11:30;2026-10-10 03:00
124244035;34838;2026-11-06 11:45;2026-10-10 03:00
124244035;34838;2026-11-06 12:00;2026-10-10 03:00
124244035;34838;2026-11-09 13:30;2026-10-10 03:00
124244035;34838;2026-11-09 14:00;2026-10-10 03:00
124244035;34838;2026-11-09 14:15;2026-10-10 03:00
124244035;34838;2026-11-09 14:30;2026-10-10 03:00
124244035;34838;2026-11-09 15:00;2026-10-10 03:00
124244035;34838;2026-11-09 15:15;2026-10-10 03:00
124244035;34838;2026-11-09 15:30;2026-10-10 03:00
124244035;34838;2026-11-09 15:45;2026-10-10 03:00
124244035;34838;2026-11-09 16:00;2026-10-10 03:00
124244035;34838;2026-11-09 17:00;2026-10-10 03:00
124244035;34838;2026-11-09 17:15;2026-10-10 03:00
124244035;34838;2026-11-09 17:30;2026-10-10 03:00
124244035;34838;2026-11-09 17:45;2026-10-10 03:00
124244035;34838;2026-11-09 18:00;2026-10-10 03:00
124244035;34838;2026-11-09 18:15;2026-10-10 03:00
124244035;34838;2026-11-09 18:30;2026-10-10 03:00
124244035;34838;2026-11-10 07:00;2026-10-10 03:00
124244035;34838;2026-11-10 07:15;2026-10-10 03:00
124244035;34838;2026-11-10 07:30;2026-10-10 03:00
124244035;34838;2026-11-10 07:45;2026-10-10 03:00
124244035;34838;2026-11-10 08:00;2026-10-10 03:00
124244035;34838;2026-11-10 08:15;2026-10-10 03:00
124244035;34838;2026-11-10 08:30;2026-10-10 03:00
124244035;34838;2026-11-10 08:45;2026-10-10 03:00
124244035;34838;2026-11-10 09:00;2026-10-10 03:00
124244035;34838;2026-11-10 09:15;2026-10-10 03:00
124244035;34838;2026-11-10 09:30;2026-10-10 03:00
124244035;34838;2026-11-10 09:45;2026-10-10 03:00
124244035;34838;2026-11-10 10:00;2026-10-10 03:00
124244035;34838;2026-11-10 10:15;2026-10-10 03:00
124244035;34838;2026-11-10 10:30;2026-10-10 03:00
124244035;34838;2026-11-10 10:45;2026-10-10 03:00
124244035;34838;2026-11-10 11:30;2026-10-10 03:00
124244035;34838;2026-11-10 11:45;2026-10-10 03:00
124244035;34838;2026-11-10 12:00;2026-10-10 03:00
124244035;34830;2026-10-12 09:00;2026-10-10 03:00
124244035;34830;2026-10-12 10:15;2026-10-10 03:00
124244035;34830;2026-10-12 10:30;2026-10-10 03:00
124244035;34830;2026-10-13 14:15;2026-10-10 03:00
124244035;34830;2026-10-13 15:00;2026-10-10 03:00
124244035;34830;2026-10-14 09:00;2026-10-10 03:00
124244035;34830;2026-10-14 10:30;2026-10-10 03:00
124244035;34830;2026-10-15 13:45;2026-10-10 03:00
124244035;34830;2026-10-15 14:00;2026-10-10 03:00
124244035;34830;2026-10-15 14:15;2026-10-10 03:00
124244035;34830;2026-10-15 15:00;2026-10-10 03:00
124244035;34830;2026-10-15 15:45;2026-10-10 03:00
124244035;34830;2026-10-15 16:00;2026-10-10 03:00
124244035;34830;2026-10-15 16:15;2026-10-10 03:00
124244035;34830;2026-10-15 17:00;2026-10-10 03:00
124244035;34830;2026-10-15 17:15;2026-10-10 03:00
124244035;34830;2026-10-15 17:45;2026-10-10 03:00
124244035;34830;2026-10-15 18:00;2026-10-10 03:00
124244035;34830;2026-10-16 07:15;2026-10-10 03:00
124244035;34830;2026-10-16 08:15;2026-10-10 03:00
124244035;34830;2026-10-16 09:00;2026-10-10 03:00
124244035;34830;2026-10-16 09:30;2026-10-10 03:00
124244035;34830;2026-10-16 10:30;2026-10-10 03:00
124244035;34830;2026-10-16 10:45;2026-10-10 03:00
124244035;34830;2026-10-16 12:55;2026-10-10 03:00
124244035;34830;2026-10-19 14:00;2026-10-10 03:00
124244035;34830;2026-10-19 14:15;2026-10-10 03:00
124244035;34830;2026-10-19 14:30;2026-10-10 03:00
124244035;34830;2026-10-19 15:00;2026-10-10 03:00
124244035;34830;2026-10-19 15:15;2026-10-10 03:00
124244035;34830;2026-10-19 15:30;2026-10-10 03:00
124244035;34830;2026-10-19 15:45;2026-10-10 03:00
124244035;34830;2026-10-19 16:15;2026-10-10 03:00
124244035;34830;2026-10-19 17:00;2026-10-10 03:00
124244035;34830;2026-10-19 17:15;2026-10-10 03:00
124244035;34830;2026-10-19 17:45;2026-10-10 03:00
124244035;34830;2026-10-19 18:00;2026-10-10 03:00
124244035;34830;2026-10-20 07:15;2026-10-10 03:00
124244035;34830;2026-10-20 07:30;2026-10-10 03:00
124244035;34830;2026-10-20 07:45;2026-10-10 03:00
124244035;34830;2026-10-20 08:00;2026-10-10 03:00
124244035;34830;2026-10-20 08:15;2026-10-10 03:00
124244035;34830;2026-10-20 08:30;2026-10-10 03:00
124244035;34830;2026-10-20 08:45;2026-10-10 03:00
124244035;34830;2026-10-20 09:00;2026-10-10 03:00
124244035;34830;2026-10-20 09:30;2026-10-10 03:00
124244035;34830;2026-10-20 09:45;2026-10-10 03:00
124244035;34830;2026-10-20 10:00;2026-10-10 03:00
124244035;34830;2026-10-20 10:15;2026-10-10 03:00
124244035;34830;2026-10-20 10:30;2026-10-10 03:00
124244035;34830;2026-10-20 11:30;2026-10-10 03:00
124244035;34830;2026-10-20 12:55;2026-10-10 03:00
124244035;34830;2026-10-20 13:10;2026-10-10 03:00
124244035;34830;2026-10-21 13:45;2026-10-10 03:00
124244035;34830;2026-10-21 14:00;2026-10-10 03:00
124244035;34830;2026-10-21 14:15;2026-10-10 03:00
124244035;34830;2026-10-21 14:30;2026-10-10 03:00
124244035;34830;2026-10-21 14:45;2026-10-10 03:00
124244035;34830;2026-10-21 15:00;2026-10-10 03:00
124244035;34830;2026-10-21 15:15;2026-10-10 03:00
124244035;34830;2026-10-21 15:30;2026-10-10 03:00
124244035;34830;2026-10-21 15:45;2026-10-10 03:00
124244035;34830;2026-10-21 16:00;2026-10-10 03:00
124244035;34830;2026-10-21 16:15;2026-10-10 03:00
124244035;34830;2026-10-21 17:00;2026-10-10 03:00
124244035;34830;2026-10-21 17:15;2026-10-10 03:00
124244035;34830;2026-10-21 17:30;2026-10-10 03:00
124244035;34830;2026-10-21 17:45;2026-10-10 03:00
124244035;34830;2026-10-21 18:00;2026-10-10 03:00
124244035;34830;2026-10-22 07:00;2026-10-10 03:00
124244035;34830;2026-10-22 07:15;2026-10-10 03:00
124244035;34830;2026-10-22 07:30;2026-10-10 03:00
124244035;34830;2026-10-22 07:45;2026-10-10 03:00
124244035;34830;2026-10-22 08:00;2026-10-10 03:00
124244035;34830;2026-10-22 08:15;2026-10-10 03:00
124244035;34830;2026-10-22 08:30;2026-10-10 03:00
124244035;34830;2026-10-22 08:45;2026-10-10 03:00
124244035;34830;2026-10-22 09:00;2026-10-10 03:00
124244035;34830;2026-10-22 09:30;2026-10-10 03:00
124244035;34830;2026-10-22 09:45;2026-10-10 03:00
124244035;34830;2026-10-22 10:00;2026-10-10 03:00
124244035;34830;2026-10-22 10:15;2026-10-10 03:00
124244035;34830;2026-10-22 10:30;2026-10-10 03:00
124244035;34830;2026-10-22 10:45;2026-10-10 03:00
124244035;34830;2026-10-22 11:30;2026-10-10 03:00
124244035;34830;2026-10-22 12:55;2026-10-10 03:00
124244035;34830;2026-10-22 13:10;2026-10-10 03:00
124244035;34830;2026-10-23 14:15;2026-10-10 03:00
124244035;34830;2026-10-23 14:30;2026-10-10 03:00
124244035;34830;2026-10-23 14:45;2026-10-10 03:00
124244035;34830;2026-10-23 15:00;2026-10-10 03:00
124244035;34830;2026-10-23 15:15;2026-10-10 03:00
124244035;34830;2026-10-23 15:30;2026-10-10 03:00
124244035;34830;2026-10-23 16:00;2026-10-10 03:00
124244035;34830;2026-10-23 16:15;2026-10-10 03:00
124244035;34830;2026-10-23 17:00;2026-10-10 03:00
124244035;34830;2026-10-23 17:15;2026-10-10 03:00
124244035;34830;2026-10-23 17:30;2026-10-10 03:00
124244035;34830;2026-10-23 17:45;2026-10-10 03:00
124244035;34830;2026-10-23 18:00;2026-10-10 03:00
124244035;34830;2026-10-26 07:00;2026-10-10 03:00
124244035;34830;2026-10-26 07:15;2026-10-10 03:00
124244035;34830;2026-10-26 07:30;2026-10-10 03:00
124244035;34830;2026-10-26 07:45;2026-10-10 03:00
124244035;34830;2026-10-26 08:15;2026-10-10 03:00
124244035;34830;2026-10-26 08:30;2026-10-10 03:00
124244035;34830;2026-10-26 09:00;2026-10-10 03:00
124244035;34830;2026-10-26 09:30;2026-10-10 03:00
124244035;34830;2026-10-26 10:00;2026-10-10 03:00
124244035;34830;2026-10-26 10:15;2026-10-10 03:00
124244035;34830;2026-10-26 10:30;2026-10-10 03:00
124244035;34830;2026-10-26 11:30;2026-10-10 03:00
124244035;34830;2026-10-26 12:55;2026-10-10 03:00
124244035;34830;2026-10-26 13:10;2026-10-10 03:00
124244035;34830;2026-10-27 13:45;2026-10-10 03:00
124244035;34830;2026-10-27 14:00;2026-10-10 03:00
124244035;34830;2026-10-27 14:15;2026-10-10 03:00
124244035;34830;2026-10-27 14:30;2026-10-10 03:00
124244035;34830;2026-10-27 14:45;2026-10-10 03:00
124244035;34830;2026-10-27 15:00;2026-10-10 03:00
124244035;34830;2026-10-27 15:15;2026-10-10 03:00
124244035;34830;2026-10-27 15:30;2026-10-10 03:00
124244035;34830;2026-10-27 15:45;2026-10-10 03:00
124244035;34830;2026-10-27 16:00;2026-10-10 03:00
124244035;34830;2026-10-27 16:15;2026-10-10 03:00
124244035;34830;2026-10-27 17:00;2026-10-10 03:00
124244035;34830;2026-10-27 17:15;2026-10-10 03:00
124244035;34830;2026-10-27 17:30;2026-10-10 03:00
124244035;34830;2026-10-27 17:45;2026-10-10 03:00
124244035;34830;2026-10-27 18:00;2026-10-10 03:00
124244035;34830;2026-10-28 07:00;2026-10-10 03:00
124244035;34830;2026-10-28 07:15;2026-10-10 03:00
124244035;34830;2026-10-28 07:30;2026-10-10 03:00
124244035;34830;2026-10-28 07:45;2026-10-10 03:00
124244035;34830;2026-10-28 08:00;2026-10-10 03:00
124244035;34830;2026-10-28 08:15;2026-10-10 03:00
124244035;34830;2026-10-28 08:30;2026-10-10 03:00
124244035;34830;2026-10-28 08:45;2026-10-10 03:00
124244035;34830;2026-10-28 09:00;2026-10-10 03:00
124244035;34830;2026-10-28 09:15;2026-10-10 03:00
124244035;34830;2026-10-28 09:30;2026-10-10 03:00
124244035;34830;2026-10-28 09:45;2026-10-10 03:00
124244035;34830;2026-10-28 10:00;2026-10-10 03:00
124244035;34830;2026-10-28 10:15;2026-10-10 03:00
124244035;34830;2026-10-28 10:30;2026-10-10 03:00
124244035;34830;2026-10-28 10:45;2026-10-10 03:00
124244035;34830;2026-10-28 11:30;2026-10-10 03:00
124244035;34830;2026-10-28 12:55;2026-10-10 03:00
124244035;34830;2026-10-28 13:10;2026-10-10 03:00
124244035;34830;2026-10-29 13:30;2026-10-10 03:00
124244035;34830;2026-10-29 13:45;2026-10-10 03:00
124244035;34830;2026-10-29 14:00;2026-10-10 03:00
124244035;34830;2026-10-29 14:15;2026-10-10 03:00
124244035;34830;2026-10-29 14:30;2026-10-10 03:00
124244035;34830;2026-10-29 14:45;2026-10-10 03:00
124244035;34830;2026-10-29 15:00;2026-10-10 03:00
124244035;34830;2026-10-29 15:15;2026-10-10 03:00
124244035;34830;2026-10-29 15:30;2026-10-10 03:00
124244035;34830;2026-10-29 15:45;2026-10-10 03:00
124244035;34830;2026-10-29 16:00;2026-10-10 03:00
124244035;34830;2026-10-29 16:15;2026-10-10 03:00
124244035;34830;2026-10-29 17:00;2026-10-10 03:00
124244035;34830;2026-10-29 17:15;2026-10-10 03:00
124244035;34830;2026-10-29 17:30;2026-10-10 03:00
124244035;34830;2026-10-29 17:45;2026-10-10 03:00
124244035;34830;2026-10-30 07:00;2026-10-10 03:00
124244035;34830;2026-10-30 07:15;2026-10-10 03:00
124244035;34830;2026-10-30 07:30;2026-10-10 03:00
124244035;34830;2026-10-30 07:45;2026-10-10 03:00
124244035;34830;2026-10-30 08:00;2026-10-10 03:00
124244035;34830;2026-10-30 08:15;2026-10-10 03:00
124244035;34830;2026-10-30 09:00;2026-10-10 03:00
124244035;34830;2026-10-30 09:15;2026-10-10 03:00
124244035;34830;2026-10-30 09:30;2026-10-10 03:00
124244035;34830;2026-10-30 09:45;2026-10-10 03:00
124244035;34830;2026-10-30 10:00;2026-10-10 03:00
124244035;34830;2026-10-30 10:15;2026-10-10 03:00
124244035;34830;2026-10-30 10:30;2026-10-10 03:00
124244035;34830;2026-10-30 10:45;2026-10-10 03:00
124244035;34830;2026-10-30 11:30;2026-10-10 03:00
124244035;34830;2026-10-30 12:55;2026-10-10 03:00
124244035;34830;2026-10-30 13:10;2026-10-10 03:00
124244035;34830;2026-11-03 13:45;2026-10-10 03:00
124244035;34830;2026-11-03 14:00;2026-10-10 03:00
124244035;34830;2026-11-03 14:15;2026-10-10 03:00
124244035;34830;2026-11-03 14:30;2026-10-10 03:00
124244035;34830;2026-11-03 14:45;2026-10-10 03:00
124244035;34830;2026-11-03 15:00;2026-10-10 03:00
124244035;34830;2026-11-03 15:15;2026-10-10 03:00
124244035;34830;2026-11-03 15:30;2026-10-10 03:00
124244035;34830;2026-11-03 15:45;2026-10-10 03:00
124244035;34830;2026-11-03 16:00;2026-10-10 03:00
124244035;34830;2026-11-03 16:15;2026-10-10 03:00
124244035;34830;2026-11-03 17:00;2026-10-10 03:00
124244035;34830;2026-11-03 17:15;2026-10-10 03:00
124244035;34830;2026-11-03 17:30;2026-10-10 03:00
124244035;34830;2026-11-03 17:45;2026-10-10 03:00
124244035;34830;2026-11-03 18:00;2026-10-10 03:00
124244035;34830;2026-11-04 07:00;2026-10-10 03:00
124244035;34830;2026-11-04 07:15;2026-10-10 03:00
124244035;34830;2026-11-04 07:30;2026-10-10 03:00
124244035;34830;2026-11-04 07:45;2026-10-10 03:00
124244035;34830;2026-11-04 08:00;2026-10-10 03:00
124244035;34830;2026-11-04 08:15;2026-10-10 03:00
124244035;34830;2026-11-04 08:30;2026-10-10 03:00
124244035;34830;2026-11-04 08:45;2026-10-10 03:00
124244035;34830;2026-11-04 09:00;2026-10-10 03:00
124244035;34830;2026-11-04 09:15;2026-10-10 03:00
124244035;34830;2026-11-04 09:30;2026-10-10 03:00
124244035;34830;2026-11-04 09:45;2026-10-10 03:00
124244035;34830;2026-11-04 10:00;2026-10-10 03:00
124244035;34830;2026-11-04 10:30;2026-10-10 03:00
124244035;34830;2026-11-04 10:45;2026-10-10 03:00
124244035;34830;2026-11-04 11:30;2026-10-10 03:00
124244035;34830;2026-11-04 12:55;2026-10-10 03:00
124244035;34830;2026-11-04 13:10;2026-10-10 03:00
124244035;34830;2026-11-05 13:30;2026-10-10 03:00
124244035;34830;2026-11-05 13:45;2026-10-10 03:00
124244035;34830;2026-11-05 14:00;2026-10-10 03:00
124244035;34830;2026-11-05 14:15;2026-10-10 03:00
124244035;34830;2026-11-05 14:30;2026-10-10 03:00
124244035;34830;2026-11-05 14:45;2026-10-10 03:00
124244035;34830;2026-11-05 15:00;2026-10-10 03:00
124244035;34830;2026-11-05 15:15;2026-10-10 03:00
124244035;34830;2026-11-05 15:30;2026-10-10 03:00
124244035;34830;2026-11-05 15:45;2026-10-10 03:00
124244035;34830;2026-11-05 16:00;2026-10-10 03:00
124244035;34830;2026-11-05 16:15;2026-10-10 03:00
124244035;34830;2026-11-05 17:00;2026-10-10 03:00
124244035;34830;2026-11-05 17:15;2026-10-10 03:00
124244035;34830;2026-11-05 17:30;2026-10-10 03:00
124244035;34830;2026-11-05 17:45;2026-10-10 03:00
124244035;34830;2026-11-05 18:00;2026-10-10 03:00
124244035;34830;2026-11-06 07:15;2026-10-10 03:00
124244035;34830;2026-11-06 07:30;2026-10-10 03:00
124244035;34830;2026-11-06 07:45;2026-10-10 03:00
124244035;34830;2026-11-06 08:00;2026-10-10 03:00
124244035;34830;2026-11-06 08:15;2026-10-10 03:00
124244035;34830;2026-11-06 09:00;2026-10-10 03:00
124244035;34830;2026-11-06 09:15;2026-10-10 03:00
124244035;34830;2026-11-06 09:30;2026-10-10 03:00
124244035;34830;2026-11-06 09:45;2026-10-10 03:00
124244035;34830;2026-11-06 10:00;2026-10-10 03:00
124244035;34830;2026-11-06 10:15;2026-10-10 03:00
124244035;34830;2026-11-06 10:30;2026-10-10 03:00
124244035;34830;2026-11-06 10:45;2026-10-10 03:00
124244035;34830;2026-11-06 11:30;2026-10-10 03:00
124244035;34830;2026-11-06 12:55;2026-10-10 03:00
124244035;34830;2026-11-06 13:10;2026-10-10 03:00
124244035;34830;2026-11-09 13:30;2026-10-10 03:00
124244035;34830;2026-11-09 14:00;2026-10-10 03:00
124244035;34830;2026-11-09 14:15;2026-10-10 03:00
124244035;34830;2026-11-09 14:30;2026-10-10 03:00
124244035;34830;2026-11-09 14:45;2026-10-10 03:00
124244035;34830;2026-11-09 15:00;2026-10-10 03:00
124244035;34830;2026-11-09 15:15;2026-10-10 03:00
124244035;34830;2026-11-09 15:30;2026-10-10 03:00
124244035;34830;2026-11-09 15:45;2026-10-10 03:00
124244035;34830;2026-11-09 16:00;2026-10-10 03:00
124244035;34830;2026-11-09 16:15;2026-10-10 03:00
124244035;34830;2026-11-09 17:00;2026-10-10 03:00
124244035;34830;2026-11-09 17:15;2026-10-10 03:00
124244035;34830;2026-11-09 17:30;2026-10-10 03:00
124244035;34830;2026-11-09 17:45;2026-10-10 03:00
124244035;34830;2026-11-09 18:00;2026-10-10 03:00
124244035;34830;2026-11-10 07:00;2026-10-10 03:00
124244035;34830;2026-11-10 07:15;2026-10-10 03:00
124244035;34830;2026-11-10 07:30;2026-10-10 03:00
124244035;34830;2026-11-10 07:45;2026-10-10 03:00
124244035;34830;2026-11-10 08:00;2026-10-10 03:00
124244035;34830;2026-11-10 08:15;2026-10-10 03:00
124244035;34830;2026-11-10 08:30;2026-10-10 03:00
124244035;34830;2026-11-10 08:45;2026-10-10 03:00
124244035;34830;2026-11-10 09:00;2026-10-10 03:00
124244035;34830;2026-11-10 09:15;2026-10-10 03:00
124244035;34830;2026-11-10 09:30;2026-10-10 03:00
124244035;34830;2026-11-10 09:45;2026-10-10 03:00
124244035;34830;2026-11-10 10:15;2026-10-10 03:00
124244035;34830;2026-11-10 10:30;2026-10-10 03:00
124244035;34830;2026-11-10 10:45;2026-10-10 03:00
124244035;34830;2026-11-10 11:30;2026-10-10 03:00
124244035;34830;2026-11-10 12:55;2026-10-10 03:00
124244035;34830;2026-11-10 13:10;2026-10-10 03:00
124244035;34819;2026-10-12 10:15;2026-10-10 03:00
124244035;34819;2026-10-15 15:00;2026-10-10 03:00
124244035;34819;2026-10-15 16:00;2026-10-10 03:00
124244035;34819;2026-10-19 09:15;2026-10-10 03:00
124244035;34819;2026-10-19 10:15;2026-10-10 03:00
124244035;34819;2026-10-22 15:00;2026-10-10 03:00
124244035;34819;2026-10-22 16:00;2026-10-10 03:00
124244035;34819;2026-10-26 09:15;2026-10-10 03:00
124244035;34819;2026-10-26 10:15;2026-10-10 03:00
124244035;34819;2026-10-29 15:00;2026-10-10 03:00
124244035;34819;2026-10-29 16:00;2026-10-10 03:00
124244035;34768;2026-10-12 08:30;2026-10-10 03:00
124244035;34768;2026-10-12 08:45;2026-10-10 03:00
124244035;34768;2026-10-12 09:00;2026-10-10 03:00
124244035;34768;2026-10-12 09:15;2026-10-10 03:00
124244035;34768;2026-10-13 13:30;2026-10-10 03:00
124244035;34768;2026-10-13 16:00;2026-10-10 03:00
124244035;34768;2026-10-13 16:15;2026-10-10 03:00
124244035;34768;2026-10-14 08:30;2026-10-10 03:00
124244035;34768;2026-10-14 08:45;2026-10-10 03:00
124244035;34768;2026-10-14 09:30;2026-10-10 03:00
124244035;34768;2026-10-14 10:00;2026-10-10 03:00
124244035;34768;2026-10-14 10:15;2026-10-10 03:00
124244035;34768;2026-10-15 13:30;2026-10-10 03:00
124244035;34768;2026-10-15 16:00;2026-10-10 03:00
124244035;34768;2026-10-15 16:15;2026-10-10 03:00
124244035;34768;2026-10-16 09:30;2026-10-10 03:00
124244035;34768;2026-10-19 16:00;2026-10-10 03:00
124244035;34768;2026-10-19 16:15;2026-10-10 03:00
124244035;34768;2026-10-19 16:30;2026-10-10 03:00
124244035;34768;2026-10-19 16:45;2026-10-10 03:00
124244035;34768;2026-10-20 07:30;2026-10-10 03:00
124244035;34768;2026-10-20 07:45;2026-10-10 03:00
124244035;34768;2026-10-20 08:00;2026-10-10 03:00
124244035;34768;2026-10-20 08:30;2026-10-10 03:00
124244035;34768;2026-10-20 08:45;2026-10-10 03:00
124244035;34768;2026-10-20 09:30;2026-10-10 03:00
124244035;34768;2026-10-20 09:45;2026-10-10 03:00
124244035;34768;2026-10-20 10:00;2026-10-10 03:00
124244035;34768;2026-10-20 10:15;2026-10-10 03:00
124244035;34768;2026-10-21 13:30;2026-10-10 03:00
124244035;34768;2026-10-21 13:45;2026-10-10 03:00
124244035;34768;2026-10-21 14:30;2026-10-10 03:00
124244035;34768;2026-10-21 14:45;2026-10-10 03:00
124244035;34768;2026-10-21 15:00;2026-10-10 03:00
124244035;34768;2026-10-21 16:00;2026-10-10 03:00
124244035;34768;2026-10-21 16:15;2026-10-10 03:00
124244035;34768;2026-10-21 17:45;2026-10-10 03:00
124244035;34768;2026-10-21 18:15;2026-10-10 03:00
124244035;34768;2026-10-21 18:45;2026-10-10 03:00
124244035;34768;2026-10-22 07:00;2026-10-10 03:00
124244035;34768;2026-10-22 07:15;2026-10-10 03:00
124244035;34768;2026-10-22 07:30;2026-10-10 03:00
124244035;34768;2026-10-22 07:45;2026-10-10 03:00
124244035;34768;2026-10-22 08:00;2026-10-10 03:00
124244035;34768;2026-10-22 08:15;2026-10-10 03:00
124244035;34768;2026-10-22 08:30;2026-10-10 03:00
124244035;34768;2026-10-22 08:45;2026-10-10 03:00
124244035;34768;2026-10-22 09:00;2026-10-10 03:00
124244035;34768;2026-10-22 09:30;2026-10-10 03:00
124244035;34768;2026-10-22 09:45;2026-10-10 03:00
124244035;34768;2026-10-22 10:00;2026-10-10 03:00
124244035;34768;2026-10-22 10:15;2026-10-10 03:00
124244035;34768;2026-10-22 12:15;2026-10-10 03:00
124244035;34768;2026-10-23 13:30;2026-10-10 03:00
124244035;34768;2026-10-23 14:45;2026-10-10 03:00
124244035;34768;2026-10-23 15:00;2026-10-10 03:00
124244035;34768;2026-10-23 15:15;2026-10-10 03:00
124244035;34768;2026-10-23 18:00;2026-10-10 03:00
124244035;34768;2026-10-23 18:15;2026-10-10 03:00
124244035;34768;2026-10-23 18:30;2026-10-10 03:00
124244035;34768;2026-10-23 18:45;2026-10-10 03:00
124244035;34768;2026-10-26 07:00;2026-10-10 03:00
124244035;34768;2026-10-26 07:15;2026-10-10 03:00
124244035;34768;2026-10-26 07:45;2026-10-10 03:00
124244035;34768;2026-10-26 08:00;2026-10-10 03:00
124244035;34768;2026-10-26 08:15;2026-10-10 03:00
124244035;34768;2026-10-26 08:30;2026-10-10 03:00
124244035;34768;2026-10-26 08:45;2026-10-10 03:00
124244035;34768;2026-10-26 09:00;2026-10-10 03:00
124244035;34768;2026-10-26 09:15;2026-10-10 03:00
124244035;34768;2026-10-26 12:00;2026-10-10 03:00
124244035;34768;2026-10-26 12:15;2026-10-10 03:00
124244035;34768;2026-10-27 13:30;2026-10-10 03:00
124244035;34768;2026-10-27 13:45;2026-10-10 03:00
124244035;34768;2026-10-27 15:15;2026-10-10 03:00
124244035;34768;2026-10-27 16:00;2026-10-10 03:00
124244035;34768;2026-10-27 16:15;2026-10-10 03:00
124244035;34768;2026-10-27 17:45;2026-10-10 03:00
124244035;34768;2026-10-27 18:00;2026-10-10 03:00
124244035;34768;2026-10-27 18:15;2026-10-10 03:00
124244035;34768;2026-10-27 18:30;2026-10-10 03:00
124244035;34768;2026-10-27 18:45;2026-10-10 03:00
124244035;34768;2026-10-28 07:00;2026-10-10 03:00
124244035;34768;2026-10-28 07:15;2026-10-10 03:00
124244035;34768;2026-10-28 07:30;2026-10-10 03:00
124244035;34768;2026-10-28 07:45;2026-10-10 03:00
124244035;34768;2026-10-28 08:00;2026-10-10 03:00
124244035;34768;2026-10-28 08:15;2026-10-10 03:00
124244035;34768;2026-10-28 08:30;2026-10-10 03:00
124244035;34768;2026-10-28 08:45;2026-10-10 03:00
124244035;34768;2026-10-28 09:00;2026-10-10 03:00
124244035;34768;2026-10-28 09:30;2026-10-10 03:00
124244035;34768;2026-10-28 09:45;2026-10-10 03:00
124244035;34768;2026-10-28 10:00;2026-10-10 03:00
124244035;34768;2026-10-28 10:15;2026-10-10 03:00
124244035;34768;2026-10-30 07:00;2026-10-10 03:00
124244035;34768;2026-10-30 07:15;2026-10-10 03:00
124244035;34768;2026-10-30 07:45;2026-10-10 03:00
124244035;34768;2026-10-30 08:00;2026-10-10 03:00
124244035;34768;2026-10-30 08:15;2026-10-10 03:00
124244035;34768;2026-10-30 08:45;2026-10-10 03:00
124244035;34768;2026-10-30 09:15;2026-10-10 03:00
124244035;34768;2026-10-30 09:30;2026-10-10 03:00
124244035;34768;2026-10-30 09:45;2026-10-10 03:00
124244035;34768;2026-10-30 12:15;2026-10-10 03:00
124244035;34768;2026-11-03 13:30;2026-10-10 03:00
124244035;34768;2026-11-03 13:45;2026-10-10 03:00
124244035;34768;2026-11-03 14:45;2026-10-10 03:00
124244035;34768;2026-11-03 15:00;2026-10-10 03:00
124244035;34768;2026-11-03 15:15;2026-10-10 03:00
124244035;34768;2026-11-03 16:00;2026-10-10 03:00
124244035;34768;2026-11-03 16:15;2026-10-10 03:00
124244035;34768;2026-11-03 17:45;2026-10-10 03:00
124244035;34768;2026-11-03 18:00;2026-10-10 03:00
124244035;34768;2026-11-03 18:15;2026-10-10 03:00
124244035;34768;2026-11-03 18:30;2026-10-10 03:00
124244035;34768;2026-11-03 18:45;2026-10-10 03:00
124244035;34768;2026-11-04 07:00;2026-10-10 03:00
124244035;34768;2026-11-04 07:15;2026-10-10 03:00
124244035;34768;2026-11-04 07:30;2026-10-10 03:00
124244035;34768;2026-11-04 07:45;2026-10-10 03:00
124244035;34768;2026-11-04 08:00;2026-10-10 03:00
124244035;34768;2026-11-04 08:15;2026-10-10 03:00
124244035;34768;2026-11-04 08:30;2026-10-10 03:00
124244035;34768;2026-11-04 08:45;2026-10-10 03:00
124244035;34768;2026-11-04 09:30;2026-10-10 03:00
124244035;34768;2026-11-04 09:45;2026-10-10 03:00
124244035;34768;2026-11-04 10:00;2026-10-10 03:00
124244035;34768;2026-11-04 10:15;2026-10-10 03:00
124244035;34768;2026-11-04 12:15;2026-10-10 03:00
124244035;34768;2026-11-05 13:30;2026-10-10 03:00
124244035;34768;2026-11-05 13:45;2026-10-10 03:00
124244035;34768;2026-11-05 14:30;2026-10-10 03:00
124244035;34768;2026-11-05 15:00;2026-10-10 03:00
124244035;34768;2026-11-05 15:15;2026-10-10 03:00
124244035;34768;2026-11-05 16:00;2026-10-10 03:00
124244035;34768;2026-11-05 16:15;2026-10-10 03:00
124244035;34768;2026-11-05 17:45;2026-10-10 03:00
124244035;34768;2026-11-05 18:15;2026-10-10 03:00
124244035;34768;2026-11-05 18:30;2026-10-10 03:00
124244035;34768;2026-11-06 07:00;2026-10-10 03:00
124244035;34768;2026-11-06 07:15;2026-10-10 03:00
124244035;34768;2026-11-06 07:30;2026-10-10 03:00
124244035;34768;2026-11-06 07:45;2026-10-10 03:00
124244035;34768;2026-11-06 08:00;2026-10-10 03:00
124244035;34768;2026-11-06 08:15;2026-10-10 03:00
124244035;34768;2026-11-06 08:30;2026-10-10 03:00
124244035;34768;2026-11-06 08:45;2026-10-10 03:00
124244035;34768;2026-11-06 09:00;2026-10-10 03:00
124244035;34768;2026-11-06 09:15;2026-10-10 03:00
124244035;34768;2026-11-06 09:30;2026-10-10 03:00
124244035;34768;2026-11-06 09:45;2026-10-10 03:00
124244035;34768;2026-11-06 12:15;2026-10-10 03:00
124244035;34768;2026-11-09 13:45;2026-10-10 03:00
124244035;34768;2026-11-09 14:00;2026-10-10 03:00
124244035;34768;2026-11-09 14:15;2026-10-10 03:00
124244035;34768;2026-11-09 16:00;2026-10-10 03:00
124244035;34768;2026-11-09 16:15;2026-10-10 03:00
124244035;34768;2026-11-09 16:30;2026-10-10 03:00
124244035;34768;2026-11-09 16:45;2026-10-10 03:00
124244035;34768;2026-11-09 18:30;2026-10-10 03:00
124244035;34768;2026-11-09 18:45;2026-10-10 03:00
124244035;34768;2026-11-10 07:00;2026-10-10 03:00
124244035;34768;2026-11-10 07:15;2026-10-10 03:00
124244035;34768;2026-11-10 07:30;2026-10-10 03:00
124244035;34768;2026-11-10 07:45;2026-10-10 03:00
124244035;34768;2026-11-10 08:00;2026-10-10 03:00
124244035;34768;2026-11-10 08:15;2026-10-10 03:00
124244035;34768;2026-11-10 08:30;2026-10-10 03:00
124244035;34768;2026-11-10 08:45;2026-10-10 03:00
124244035;34768;2026-11-10 09:00;2026-10-10 03:00
124244035;34768;2026-11-10 09:30;2026-10-10 03:00
124244035;34768;2026-11-10 09:45;2026-10-10 03:00
124244035;34768;2026-11-10 10:00;2026-10-10 03:00
124244035;34768;2026-11-10 10:15;2026-10-10 03:00
124244035;34768;2026-11-10 12:00;2026-10-10 03:00
124244035;34768;2026-11-10 12:15;2026-10-10 03:00
124244035;34758;2026-10-13 09:45;2026-10-10 03:00
124244035;34758;2026-10-14 09:45;2026-10-10 03:00
124244035;34758;2026-10-15 09:45;2026-10-10 03:00
124244035;34758;2026-10-19 09:45;2026-10-10 03:00
124244035;34758;2026-10-20 09:45;2026-10-10 03:00
124244035;34758;2026-10-21 09:45;2026-10-10 03:00
124244035;34758;2026-10-23 09:45;2026-10-10 03:00
124244035;34758;2026-10-26 09:45;2026-10-10 03:00
124244035;34758;2026-10-27 09:45;2026-10-10 03:00
124244035;34758;2026-10-28 09:45;2026-10-10 03:00
124244035;34758;2026-10-28 12:40;2026-10-10 03:00
124244035;34758;2026-10-28 12:50;2026-10-10 03:00
124244035;34758;2026-10-29 09:45;2026-10-10 03:00
124244035;34758;2026-10-29 12:30;2026-10-10 03:00
124244035;34758;2026-10-29 12:40;2026-10-10 03:00
124244035;34758;2026-10-29 12:50;2026-10-10 03:00
124244035;34758;2026-10-30 09:45;2026-10-10 03:00
124244035;34620;2026-10-14 09:00;2026-10-10 03:00
124244035;34620;2026-10-14 10:45;2026-10-10 03:00
124244035;34620;2026-10-15 14:15;2026-10-10 03:00
124244035;34620;2026-10-15 15:00;2026-10-10 03:00
124244035;34620;2026-10-15 17:30;2026-10-10 03:00
124244035;34620;2026-10-16 09:00;2026-10-10 03:00
124244035;34620;2026-10-16 10:45;2026-10-10 03:00
124244035;34620;2026-10-16 11:30;2026-10-10 03:00
124244035;34620;2026-10-19 14:15;2026-10-10 03:00
124244035;34620;2026-10-19 15:00;2026-10-10 03:00
124244035;34620;2026-10-19 16:45;2026-10-10 03:00
124244035;34620;2026-10-19 17:30;2026-10-10 03:00
124244035;34620;2026-10-20 09:00;2026-10-10 03:00
124244035;34620;2026-10-20 10:45;2026-10-10 03:00
124244035;34620;2026-10-20 11:30;2026-10-10 03:00
124244035;34620;2026-10-21 14:15;2026-10-10 03:00
124244035;34620;2026-10-21 15:00;2026-10-10 03:00
124244035;34620;2026-10-21 17:30;2026-10-10 03:00
124244035;34620;2026-10-22 09:00;2026-10-10 03:00
124244035;34620;2026-10-22 10:45;2026-10-10 03:00
124244035;34620;2026-10-22 11:30;2026-10-10 03:00
124244035;34620;2026-10-23 14:15;2026-10-10 03:00
124244035;34620;2026-10-23 15:00;2026-10-10 03:00
124244035;34620;2026-10-23 17:30;2026-10-10 03:00
124244035;34620;2026-10-26 07:00;2026-10-10 03:00
124244035;34620;2026-10-26 07:15;2026-10-10 03:00
124244035;34620;2026-10-26 07:45;2026-10-10 03:00
124244035;34620;2026-10-26 08:30;2026-10-10 03:00
124244035;34620;2026-10-26 08:45;2026-10-10 03:00
124244035;34620;2026-10-26 09:00;2026-10-10 03:00
124244035;34620;2026-10-26 09:15;2026-10-10 03:00
124244035;34620;2026-10-26 10:45;2026-10-10 03:00
124244035;34620;2026-10-26 11:30;2026-10-10 03:00
124244035;34620;2026-10-26 11:45;2026-10-10 03:00
124244035;34620;2026-10-26 12:00;2026-10-10 03:00
124244035;34620;2026-10-27 13:45;2026-10-10 03:00
124244035;34620;2026-10-27 14:15;2026-10-10 03:00
124244035;34620;2026-10-27 14:30;2026-10-10 03:00
124244035;34620;2026-10-27 14:45;2026-10-10 03:00
124244035;34620;2026-10-27 15:00;2026-10-10 03:00
124244035;34620;2026-10-27 15:15;2026-10-10 03:00
124244035;34620;2026-10-27 15:30;2026-10-10 03:00
124244035;34620;2026-10-27 15:45;2026-10-10 03:00
124244035;34620;2026-10-27 16:30;2026-10-10 03:00
124244035;34620;2026-10-27 16:45;2026-10-10 03:00
124244035;34620;2026-10-27 17:00;2026-10-10 03:00
124244035;34620;2026-10-27 17:15;2026-10-10 03:00
124244035;34620;2026-10-27 17:30;2026-10-10 03:00
124244035;34620;2026-10-27 17:45;2026-10-10 03:00
124244035;34620;2026-10-27 18:00;2026-10-10 03:00
124244035;34620;2026-10-28 07:00;2026-10-10 03:00
124244035;34620;2026-10-28 07:15;2026-10-10 03:00
124244035;34620;2026-10-28 07:45;2026-10-10 03:00
124244035;34620;2026-10-28 08:00;2026-10-10 03:00
124244035;34620;2026-10-28 08:15;2026-10-10 03:00
124244035;34620;2026-10-28 08:30;2026-10-10 03:00
124244035;34620;2026-10-28 08:45;2026-10-10 03:00
124244035;34620;2026-10-28 09:00;2026-10-10 03:00
124244035;34620;2026-10-28 09:15;2026-10-10 03:00
124244035;34620;2026-10-28 09:30;2026-10-10 03:00
124244035;34620;2026-10-28 09:45;2026-10-10 03:00
124244035;34620;2026-10-28 10:30;2026-10-10 03:00
124244035;34620;2026-10-28 10:45;2026-10-10 03:00
124244035;34620;2026-10-28 11:15;2026-10-10 03:00
124244035;34620;2026-10-28 11:30;2026-10-10 03:00
124244035;34620;2026-10-28 11:45;2026-10-10 03:00
124244035;34620;2026-10-30 07:00;2026-10-10 03:00
124244035;34620;2026-10-30 07:15;2026-10-10 03:00
124244035;34620;2026-10-30 07:45;2026-10-10 03:00
124244035;34620;2026-10-30 08:00;2026-10-10 03:00
124244035;34620;2026-10-30 08:15;2026-10-10 03:00
124244035;34620;2026-10-30 08:30;2026-10-10 03:00
124244035;34620;2026-10-30 08:45;2026-10-10 03:00
124244035;34620;2026-10-30 09:00;2026-10-10 03:00
124244035;34620;2026-10-30 09:15;2026-10-10 03:00
124244035;34620;2026-10-30 09:30;2026-10-10 03:00
124244035;34620;2026-10-30 09:45;2026-10-10 03:00
124244035;34620;2026-10-30 10:30;2026-10-10 03:00
124244035;34620;2026-10-30 10:45;2026-10-10 03:00
124244035;34620;2026-10-30 11:00;2026-10-10 03:00
124244035;34620;2026-10-30 11:15;2026-10-10 03:00
124244035;34620;2026-10-30 11:30;2026-10-10 03:00
124244035;34620;2026-11-03 14:00;2026-10-10 03:00
124244035;34620;2026-11-03 14:15;2026-10-10 03:00
124244035;34620;2026-11-03 14:45;2026-10-10 03:00
124244035;34620;2026-11-03 15:00;2026-10-10 03:00
124244035;34620;2026-11-03 15:15;2026-10-10 03:00
124244035;34620;2026-11-03 16:45;2026-10-10 03:00
124244035;34620;2026-11-03 17:15;2026-10-10 03:00
124244035;34620;2026-11-03 17:30;2026-10-10 03:00
124244035;34620;2026-11-03 18:00;2026-10-10 03:00
124244035;34620;2026-11-03 18:30;2026-10-10 03:00
124244035;34620;2026-11-04 07:15;2026-10-10 03:00
124244035;34620;2026-11-04 07:45;2026-10-10 03:00
124244035;34620;2026-11-04 08:15;2026-10-10 03:00
124244035;34620;2026-11-04 08:30;2026-10-10 03:00
124244035;34620;2026-11-04 08:45;2026-10-10 03:00
124244035;34620;2026-11-04 09:00;2026-10-10 03:00
124244035;34620;2026-11-04 09:30;2026-10-10 03:00
124244035;34620;2026-11-04 09:45;2026-10-10 03:00
124244035;34620;2026-11-04 10:30;2026-10-10 03:00
124244035;34620;2026-11-04 10:45;2026-10-10 03:00
124244035;34620;2026-11-04 11:00;2026-10-10 03:00
124244035;34620;2026-11-04 11:15;2026-10-10 03:00
124244035;34620;2026-11-04 11:30;2026-10-10 03:00
124244035;34620;2026-11-04 11:45;2026-10-10 03:00
124244035;34620;2026-11-05 14:15;2026-10-10 03:00
124244035;34620;2026-11-05 14:45;2026-10-10 03:00
124244035;34620;2026-11-05 15:00;2026-10-10 03:00
124244035;34620;2026-11-05 15:15;2026-10-10 03:00
124244035;34620;2026-11-05 15:30;2026-10-10 03:00
124244035;34620;2026-11-05 15:45;2026-10-10 03:00
124244035;34620;2026-11-05 16:30;2026-10-10 03:00
124244035;34620;2026-11-05 17:00;2026-10-10 03:00
124244035;34620;2026-11-05 17:15;2026-10-10 03:00
124244035;34620;2026-11-05 17:30;2026-10-10 03:00
124244035;34620;2026-11-05 17:45;2026-10-10 03:00
124244035;34620;2026-11-05 18:30;2026-10-10 03:00
124244035;34620;2026-11-06 07:00;2026-10-10 03:00
124244035;34620;2026-11-06 07:15;2026-10-10 03:00
124244035;34620;2026-11-06 07:45;2026-10-10 03:00
124244035;34620;2026-11-06 08:15;2026-10-10 03:00
124244035;34620;2026-11-06 08:30;2026-10-10 03:00
124244035;34620;2026-11-06 09:00;2026-10-10 03:00
124244035;34620;2026-11-06 09:30;2026-10-10 03:00
124244035;34620;2026-11-06 09:45;2026-10-10 03:00
124244035;34620;2026-11-06 10:30;2026-10-10 03:00
124244035;34620;2026-11-06 10:45;2026-10-10 03:00
124244035;34620;2026-11-06 11:30;2026-10-10 03:00
124244035;34620;2026-11-09 13:30;2026-10-10 03:00
124244035;34620;2026-11-09 13:45;2026-10-10 03:00
124244035;34620;2026-11-09 14:00;2026-10-10 03:00
124244035;34620;2026-11-09 14:15;2026-10-10 03:00
124244035;34620;2026-11-09 14:45;2026-10-10 03:00
124244035;34620;2026-11-09 15:00;2026-10-10 03:00
124244035;34620;2026-11-09 15:15;2026-10-10 03:00
124244035;34620;2026-11-09 15:45;2026-10-10 03:00
124244035;34620;2026-11-09 16:30;2026-10-10 03:00
124244035;34620;2026-11-09 16:45;2026-10-10 03:00
124244035;34620;2026-11-09 17:15;2026-10-10 03:00
124244035;34620;2026-11-09 17:30;2026-10-10 03:00
124244035;34620;2026-11-09 17:45;2026-10-10 03:00
124244035;34620;2026-11-09 18:30;2026-10-10 03:00
124244035;34620;2026-11-10 07:00;2026-10-10 03:00
124244035;34620;2026-11-10 07:15;2026-10-10 03:00
124244035;34620;2026-11-10 07:45;2026-10-10 03:00
124244035;34620;2026-11-10 08:00;2026-10-10 03:00
124244035;34620;2026-11-10 08:30;2026-10-10 03:00
124244035;34620;2026-11-10 08:45;2026-10-10 03:00
124244035;34620;2026-11-10 09:00;2026-10-10 03:00
124244035;34620;2026-11-10 09:30;2026-10-10 03:00
124244035;34620;2026-11-10 09:45;2026-10-10 03:00
124244035;34620;2026-11-10 10:30;2026-10-10 03:00
124244035;34620;2026-11-10 10:45;2026-10-10 03:00
124244035;34620;2026-11-10 11:15;2026-10-10 03:00
124244035;34620;2026-11-10 11:30;2026-10-10 03:00
124244035;34620;2026-11-10 11:45;2026-10-10 03:00
124244035;34620;2026-11-10 12:00;2026-10-10 03:00
124244035;34130;2026-10-12 07:30;2026-10-10 03:00
124244035;34130;2026-10-12 07:45;2026-10-10 03:00
124244035;34130;2026-10-12 08:15;2026-10-10 03:00
124244035;34130;2026-10-12 08:30;2026-10-10 03:00
124244035;34130;2026-10-12 08:45;2026-10-10 03:00
124244035;34130;2026-10-12 09:00;2026-10-10 03:00
124244035;34130;2026-10-12 09:15;2026-10-10 03:00
124244035;34130;2026-10-12 12:15;2026-10-10 03:00
124244035;34130;2026-10-13 13:50;2026-10-10 03:00
124244035;34130;2026-10-13 14:10;2026-10-10 03:00
124244035;34130;2026-10-13 14:45;2026-10-10 03:00
124244035;34130;2026-10-13 16:00;2026-10-10 03:00
124244035;34130;2026-10-13 16:15;2026-10-10 03:00
124244035;34130;2026-10-13 17:15;2026-10-10 03:00
124244035;34130;2026-10-13 18:45;2026-10-10 03:00
124244035;34130;2026-10-14 07:00;2026-10-10 03:00
124244035;34130;2026-10-14 07:15;2026-10-10 03:00
124244035;34130;2026-10-14 07:45;2026-10-10 03:00
124244035;34130;2026-10-14 08:00;2026-10-10 03:00
124244035;34130;2026-10-14 08:50;2026-10-10 03:00
124244035;34130;2026-10-14 09:10;2026-10-10 03:00
124244035;34130;2026-10-14 09:30;2026-10-10 03:00
124244035;34130;2026-10-14 09:45;2026-10-10 03:00
124244035;34130;2026-10-14 10:00;2026-10-10 03:00
124244035;34130;2026-10-14 10:15;2026-10-10 03:00
124244035;34130;2026-10-14 11:45;2026-10-10 03:00
124244035;34130;2026-10-14 12:00;2026-10-10 03:00
124244035;34130;2026-10-14 12:20;2026-10-10 03:00
124244035;34130;2026-10-15 13:50;2026-10-10 03:00
124244035;34130;2026-10-15 14:10;2026-10-10 03:00
124244035;34130;2026-10-15 14:30;2026-10-10 03:00
124244035;34130;2026-10-15 14:45;2026-10-10 03:00
124244035;34130;2026-10-15 16:00;2026-10-10 03:00
124244035;34130;2026-10-15 16:15;2026-10-10 03:00
124244035;34130;2026-10-15 17:15;2026-10-10 03:00
124244035;34130;2026-10-15 18:45;2026-10-10 03:00
124244035;34130;2026-10-16 07:00;2026-10-10 03:00
124244035;34130;2026-10-16 07:15;2026-10-10 03:00
124244035;34130;2026-10-16 07:45;2026-10-10 03:00
124244035;34130;2026-10-16 08:00;2026-10-10 03:00
124244035;34130;2026-10-16 08:30;2026-10-10 03:00
124244035;34130;2026-10-16 08:50;2026-10-10 03:00
124244035;34130;2026-10-16 09:10;2026-10-10 03:00
124244035;34130;2026-10-16 09:45;2026-10-10 03:00
124244035;34130;2026-10-16 12:20;2026-10-10 03:00
124244035;34130;2026-10-20 07:00;2026-10-10 03:00
124244035;34130;2026-10-20 07:15;2026-10-10 03:00
124244035;34130;2026-10-20 07:30;2026-10-10 03:00
124244035;34130;2026-10-20 07:45;2026-10-10 03:00
124244035;34130;2026-10-20 08:00;2026-10-10 03:00
124244035;34130;2026-10-20 08:15;2026-10-10 03:00
124244035;34130;2026-10-20 08:50;2026-10-10 03:00
124244035;34130;2026-10-20 09:10;2026-10-10 03:00
124244035;34130;2026-10-20 09:30;2026-10-10 03:00
124244035;34130;2026-10-20 09:45;2026-10-10 03:00
124244035;34130;2026-10-20 10:00;2026-10-10 03:00
124244035;34130;2026-10-20 10:15;2026-10-10 03:00
124244035;34130;2026-10-20 12:20;2026-10-10 03:00
124244035;34130;2026-10-21 13:30;2026-10-10 03:00
124244035;34130;2026-10-21 13:50;2026-10-10 03:00
124244035;34130;2026-10-21 14:30;2026-10-10 03:00
124244035;34130;2026-10-21 14:45;2026-10-10 03:00
124244035;34130;2026-10-21 15:00;2026-10-10 03:00
124244035;34130;2026-10-21 16:00;2026-10-10 03:00
124244035;34130;2026-10-21 16:15;2026-10-10 03:00
124244035;34130;2026-10-21 17:45;2026-10-10 03:00
124244035;34130;2026-10-21 18:00;2026-10-10 03:00
124244035;34130;2026-10-21 18:15;2026-10-10 03:00
124244035;34130;2026-10-21 18:30;2026-10-10 03:00
124244035;34130;2026-10-21 18:45;2026-10-10 03:00
124244035;34130;2026-10-22 07:00;2026-10-10 03:00
124244035;34130;2026-10-22 07:15;2026-10-10 03:00
124244035;34130;2026-10-22 07:30;2026-10-10 03:00
124244035;34130;2026-10-22 07:45;2026-10-10 03:00
124244035;34130;2026-10-22 08:15;2026-10-10 03:00
124244035;34130;2026-10-22 08:30;2026-10-10 03:00
124244035;34130;2026-10-22 08:50;2026-10-10 03:00
124244035;34130;2026-10-22 09:10;2026-10-10 03:00
124244035;34130;2026-10-22 09:30;2026-10-10 03:00
124244035;34130;2026-10-22 09:45;2026-10-10 03:00
124244035;34130;2026-10-22 10:00;2026-10-10 03:00
124244035;34130;2026-10-22 10:15;2026-10-10 03:00
124244035;34130;2026-10-22 12:20;2026-10-10 03:00
124244035;34130;2026-10-23 13:30;2026-10-10 03:00
124244035;34130;2026-10-23 13:50;2026-10-10 03:00
124244035;34130;2026-10-23 14:10;2026-10-10 03:00
124244035;34130;2026-10-23 14:30;2026-10-10 03:00
124244035;34130;2026-10-23 14:45;2026-10-10 03:00
124244035;34130;2026-10-23 15:00;2026-10-10 03:00
124244035;34130;2026-10-23 15:15;2026-10-10 03:00
124244035;34130;2026-10-23 17:45;2026-10-10 03:00
124244035;34130;2026-10-23 18:15;2026-10-10 03:00
124244035;34130;2026-10-23 18:45;2026-10-10 03:00
124244035;34130;2026-10-26 07:00;2026-10-10 03:00
124244035;34130;2026-10-26 07:15;2026-10-10 03:00
124244035;34130;2026-10-26 07:30;2026-10-10 03:00
124244035;34130;2026-10-26 07:45;2026-10-10 03:00
124244035;34130;2026-10-26 08:00;2026-10-10 03:00
124244035;34130;2026-10-26 08:15;2026-10-10 03:00
124244035;34130;2026-10-26 08:45;2026-10-10 03:00
124244035;34130;2026-10-26 09:00;2026-10-10 03:00
124244035;34130;2026-10-26 09:15;2026-10-10 03:00
124244035;34130;2026-10-26 12:00;2026-10-10 03:00
124244035;34130;2026-10-26 12:15;2026-10-10 03:00
124244035;34130;2026-10-27 13:30;2026-10-10 03:00
124244035;34130;2026-10-27 13:50;2026-10-10 03:00
124244035;34130;2026-10-27 14:10;2026-10-10 03:00
124244035;34130;2026-10-27 14:30;2026-10-10 03:00
124244035;34130;2026-10-27 14:45;2026-10-10 03:00
124244035;34130;2026-10-27 15:00;2026-10-10 03:00
124244035;34130;2026-10-27 15:15;2026-10-10 03:00
124244035;34130;2026-10-27 16:00;2026-10-10 03:00
124244035;34130;2026-10-27 16:15;2026-10-10 03:00
124244035;34130;2026-10-27 17:30;2026-10-10 03:00
124244035;34130;2026-10-27 17:45;2026-10-10 03:00
124244035;34130;2026-10-27 18:00;2026-10-10 03:00
124244035;34130;2026-10-27 18:15;2026-10-10 03:00
124244035;34130;2026-10-27 18:30;2026-10-10 03:00
124244035;34130;2026-10-27 18:45;2026-10-10 03:00
124244035;34130;2026-10-28 07:00;2026-10-10 03:00
124244035;34130;2026-10-28 07:15;2026-10-10 03:00
124244035;34130;2026-10-28 07:30;2026-10-10 03:00
124244035;34130;2026-10-28 07:45;2026-10-10 03:00
124244035;34130;2026-10-28 08:00;2026-10-10 03:00
124244035;34130;2026-10-28 08:15;2026-10-10 03:00
124244035;34130;2026-10-28 08:30;2026-10-10 03:00
124244035;34130;2026-10-28 08:50;2026-10-10 03:00
124244035;34130;2026-10-28 09:10;2026-10-10 03:00
124244035;34130;2026-10-28 09:30;2026-10-10 03:00
124244035;34130;2026-10-28 09:45;2026-10-10 03:00
124244035;34130;2026-10-28 10:00;2026-10-10 03:00
124244035;34130;2026-10-28 10:15;2026-10-10 03:00
124244035;34130;2026-10-28 12:20;2026-10-10 03:00
124244035;34130;2026-10-29 13:30;2026-10-10 03:00
124244035;34130;2026-10-29 13:50;2026-10-10 03:00
124244035;34130;2026-10-29 14:10;2026-10-10 03:00
124244035;34130;2026-10-29 14:30;2026-10-10 03:00
124244035;34130;2026-10-29 14:45;2026-10-10 03:00
124244035;34130;2026-10-29 15:00;2026-10-10 03:00
124244035;34130;2026-10-29 15:15;2026-10-10 03:00
124244035;34130;2026-10-29 16:00;2026-10-10 03:00
124244035;34130;2026-10-29 16:15;2026-10-10 03:00
124244035;34130;2026-10-29 17:30;2026-10-10 03:00
124244035;34130;2026-10-29 17:45;2026-10-10 03:00
124244035;34130;2026-10-29 18:00;2026-10-10 03:00
124244035;34130;2026-10-29 18:15;2026-10-10 03:00
124244035;34130;2026-10-29 18:30;2026-10-10 03:00
124244035;34130;2026-10-29 18:45;2026-10-10 03:00
124244035;34130;2026-10-30 07:00;2026-10-10 03:00
124244035;34130;2026-10-30 07:15;2026-10-10 03:00
124244035;34130;2026-10-30 07:30;2026-10-10 03:00
124244035;34130;2026-10-30 07:45;2026-10-10 03:00
124244035;34130;2026-10-30 08:00;2026-10-10 03:00
124244035;34130;2026-10-30 08:15;2026-10-10 03:00
124244035;34130;2026-10-30 08:30;2026-10-10 03:00
124244035;34130;2026-10-30 08:50;2026-10-10 03:00
124244035;34130;2026-10-30 09:30;2026-10-10 03:00
124244035;34130;2026-10-30 09:45;2026-10-10 03:00
124244035;34130;2026-10-30 12:00;2026-10-10 03:00
124244035;34130;2026-10-30 12:20;2026-10-10 03:00
124244035;34130;2026-11-09 13:30;2026-10-10 03:00
124244035;34130;2026-11-09 13:45;2026-10-10 03:00
124244035;34130;2026-11-09 14:00;2026-10-10 03:00
124244035;34130;2026-11-09 14:15;2026-10-10 03:00
124244035;34130;2026-11-09 16:00;2026-10-10 03:00
124244035;34130;2026-11-09 16:15;2026-10-10 03:00
124244035;34130;2026-11-09 16:30;2026-10-10 03:00
124244035;34130;2026-11-09 16:45;2026-10-10 03:00
124244035;34130;2026-11-09 18:30;2026-10-10 03:00
124244035;34130;2026-11-09 18:45;2026-10-10 03:00
124244035;34130;2026-11-10 07:15;2026-10-10 03:00
124244035;34130;2026-11-10 07:30;2026-10-10 03:00
124244035;34130;2026-11-10 07:45;2026-10-10 03:00
124244035;34130;2026-11-10 08:00;2026-10-10 03:00
124244035;34130;2026-11-10 08:15;2026-10-10 03:00
124244035;34130;2026-11-10 08:30;2026-10-10 03:00
124244035;34130;2026-11-10 08:50;2026-10-10 03:00
124244035;34130;2026-11-10 09:10;2026-10-10 03:00
124244035;34130;2026-11-10 09:30;2026-10-10 03:00
124244035;34130;2026-11-10 09:45;2026-10-10 03:00
124244035;34130;2026-11-10 10:00;2026-10-10 03:00
124244035;34130;2026-11-10 10:15;2026-10-10 03:00
124244035;34130;2026-11-10 11:30;2026-10-10 03:00
124244035;34130;2026-11-10 11:45;2026-10-10 03:00
124244035;34130;2026-11-10 12:20;2026-10-10 03:00
124244035;34059;2026-10-12 08:30;2026-10-10 03:00
124244035;34059;2026-10-12 08:45;2026-10-10 03:00
124244035;34059;2026-10-12 09:15;2026-10-10 03:00
124244035;34059;2026-10-13 16:00;2026-10-10 03:00
124244035;34059;2026-10-13 16:15;2026-10-10 03:00
124244035;34059;2026-10-14 09:30;2026-10-10 03:00
124244035;34059;2026-10-14 10:00;2026-10-10 03:00
124244035;34059;2026-10-14 10:15;2026-10-10 03:00
124244035;34059;2026-10-15 14:15;2026-10-10 03:00
124244035;34059;2026-10-15 16:00;2026-10-10 03:00
124244035;34059;2026-10-15 16:15;2026-10-10 03:00
124244035;34059;2026-10-15 18:45;2026-10-10 03:00
124244035;34059;2026-10-16 09:30;2026-10-10 03:00
124244035;34059;2026-10-19 16:00;2026-10-10 03:00
124244035;34059;2026-10-19 16:15;2026-10-10 03:00
124244035;34059;2026-10-19 16:30;2026-10-10 03:00
124244035;34059;2026-10-19 16:45;2026-10-10 03:00
124244035;34059;2026-10-19 18:30;2026-10-10 03:00
124244035;34059;2026-10-19 18:45;2026-10-10 03:00
124244035;34059;2026-10-20 07:00;2026-10-10 03:00
124244035;34059;2026-10-20 07:30;2026-10-10 03:00
124244035;34059;2026-10-20 07:45;2026-10-10 03:00
124244035;34059;2026-10-20 08:30;2026-10-10 03:00
124244035;34059;2026-10-20 09:30;2026-10-10 03:00
124244035;34059;2026-10-20 09:45;2026-10-10 03:00
124244035;34059;2026-10-20 10:00;2026-10-10 03:00
124244035;34059;2026-10-20 10:15;2026-10-10 03:00
124244035;34059;2026-10-21 13:30;2026-10-10 03:00
124244035;34059;2026-10-21 14:15;2026-10-10 03:00
124244035;34059;2026-10-21 14:30;2026-10-10 03:00
124244035;34059;2026-10-21 16:00;2026-10-10 03:00
124244035;34059;2026-10-21 16:15;2026-10-10 03:00
124244035;34059;2026-10-21 18:45;2026-10-10 03:00
124244035;34059;2026-10-22 07:15;2026-10-10 03:00
124244035;34059;2026-10-22 07:30;2026-10-10 03:00
124244035;34059;2026-10-22 07:45;2026-10-10 03:00
124244035;34059;2026-10-22 08:30;2026-10-10 03:00
124244035;34059;2026-10-22 08:45;2026-10-10 03:00
124244035;34059;2026-10-22 09:00;2026-10-10 03:00
124244035;34059;2026-10-22 09:15;2026-10-10 03:00
124244035;34059;2026-10-22 09:30;2026-10-10 03:00
124244035;34059;2026-10-22 09:45;2026-10-10 03:00
124244035;34059;2026-10-22 10:00;2026-10-10 03:00
124244035;34059;2026-10-22 10:15;2026-10-10 03:00
124244035;34059;2026-10-22 12:00;2026-10-10 03:00
124244035;34059;2026-10-26 07:00;2026-10-10 03:00
124244035;34059;2026-10-26 07:15;2026-10-10 03:00
124244035;34059;2026-10-26 07:45;2026-10-10 03:00
124244035;34059;2026-10-26 08:00;2026-10-10 03:00
124244035;34059;2026-10-26 08:30;2026-10-10 03:00
124244035;34059;2026-10-26 08:45;2026-10-10 03:00
124244035;34059;2026-10-26 09:00;2026-10-10 03:00
124244035;34059;2026-10-26 09:15;2026-10-10 03:00
124244035;34059;2026-10-26 12:00;2026-10-10 03:00
124244035;34059;2026-10-26 12:15;2026-10-10 03:00
124244035;34059;2026-10-27 14:15;2026-10-10 03:00
124244035;34059;2026-10-27 14:30;2026-10-10 03:00
124244035;34059;2026-10-27 14:45;2026-10-10 03:00
124244035;34059;2026-10-27 15:00;2026-10-10 03:00
124244035;34059;2026-10-27 16:00;2026-10-10 03:00
124244035;34059;2026-10-27 16:15;2026-10-10 03:00
124244035;34059;2026-10-27 18:45;2026-10-10 03:00
124244035;34059;2026-10-28 07:00;2026-10-10 03:00
124244035;34059;2026-10-28 07:15;2026-10-10 03:00
124244035;34059;2026-10-28 07:30;2026-10-10 03:00
124244035;34059;2026-10-28 07:45;2026-10-10 03:00
124244035;34059;2026-10-28 08:00;2026-10-10 03:00
124244035;34059;2026-10-28 08:15;2026-10-10 03:00
124244035;34059;2026-10-28 08:45;2026-10-10 03:00
124244035;34059;2026-10-28 09:00;2026-10-10 03:00
124244035;34059;2026-10-28 09:15;2026-10-10 03:00
124244035;34059;2026-10-28 09:30;2026-10-10 03:00
124244035;34059;2026-10-28 09:45;2026-10-10 03:00
124244035;34059;2026-10-28 10:00;2026-10-10 03:00
124244035;34059;2026-10-28 10:15;2026-10-10 03:00
124244035;34059;2026-10-28 11:00;2026-10-10 03:00
124244035;34059;2026-10-28 11:15;2026-10-10 03:00
124244035;34059;2026-10-28 12:00;2026-10-10 03:00
124244035;34059;2026-10-28 12:15;2026-10-10 03:00
124244035;34059;2026-10-29 14:15;2026-10-10 03:00
124244035;34059;2026-10-29 14:30;2026-10-10 03:00
124244035;34059;2026-10-29 14:45;2026-10-10 03:00
124244035;34059;2026-10-29 15:00;2026-10-10 03:00
124244035;34059;2026-10-29 15:15;2026-10-10 03:00
124244035;34059;2026-10-29 16:00;2026-10-10 03:00
124244035;34059;2026-10-29 16:15;2026-10-10 03:00
124244035;34059;2026-10-29 18:30;2026-10-10 03:00
124244035;34059;2026-10-29 18:45;2026-10-10 03:00
124244035;34059;2026-10-30 07:00;2026-10-10 03:00
124244035;34059;2026-10-30 07:15;2026-10-10 03:00
124244035;34059;2026-10-30 07:30;2026-10-10 03:00
124244035;34059;2026-10-30 07:45;2026-10-10 03:00
124244035;34059;2026-10-30 08:45;2026-10-10 03:00
124244035;34059;2026-10-30 09:00;2026-10-10 03:00
124244035;34059;2026-10-30 09:30;2026-10-10 03:00
124244035;34059;2026-10-30 09:45;2026-10-10 03:00
124244035;34059;2026-10-30 12:15;2026-10-10 03:00
124244035;34059;2026-11-03 14:15;2026-10-10 03:00
124244035;34059;2026-11-03 14:30;2026-10-10 03:00
124244035;34059;2026-11-03 16:00;2026-10-10 03:00
124244035;34059;2026-11-03 16:15;2026-10-10 03:00
124244035;34059;2026-11-03 17:30;2026-10-10 03:00
124244035;34059;2026-11-03 17:45;2026-10-10 03:00
124244035;34059;2026-11-03 18:45;2026-10-10 03:00
124244035;34059;2026-11-04 07:00;2026-10-10 03:00
124244035;34059;2026-11-04 07:15;2026-10-10 03:00
124244035;34059;2026-11-04 07:30;2026-10-10 03:00
124244035;34059;2026-11-04 07:45;2026-10-10 03:00
124244035;34059;2026-11-04 08:00;2026-10-10 03:00
124244035;34059;2026-11-04 08:15;2026-10-10 03:00
124244035;34059;2026-11-04 09:00;2026-10-10 03:00
124244035;34059;2026-11-04 09:15;2026-10-10 03:00
124244035;34059;2026-11-04 09:30;2026-10-10 03:00
124244035;34059;2026-11-04 09:45;2026-10-10 03:00
124244035;34059;2026-11-04 10:00;2026-10-10 03:00
124244035;34059;2026-11-04 10:15;2026-10-10 03:00
124244035;34059;2026-11-04 12:15;2026-10-10 03:00
124244035;34059;2026-11-05 13:45;2026-10-10 03:00
124244035;34059;2026-11-05 14:15;2026-10-10 03:00
124244035;34059;2026-11-05 14:30;2026-10-10 03:00
124244035;34059;2026-11-05 14:45;2026-10-10 03:00
124244035;34059;2026-11-05 15:00;2026-10-10 03:00
124244035;34059;2026-11-05 15:15;2026-10-10 03:00
124244035;34059;2026-11-05 16:00;2026-10-10 03:00
124244035;34059;2026-11-05 16:15;2026-10-10 03:00
124244035;34059;2026-11-05 17:30;2026-10-10 03:00
124244035;34059;2026-11-05 17:45;2026-10-10 03:00
124244035;34059;2026-11-05 18:00;2026-10-10 03:00
124244035;34059;2026-11-05 18:15;2026-10-10 03:00
124244035;34059;2026-11-05 18:30;2026-10-10 03:00
124244035;34059;2026-11-05 18:45;2026-10-10 03:00
124244035;34059;2026-11-06 07:00;2026-10-10 03:00
124244035;34059;2026-11-06 07:15;2026-10-10 03:00
124244035;34059;2026-11-06 07:30;2026-10-10 03:00
124244035;34059;2026-11-06 07:45;2026-10-10 03:00
124244035;34059;2026-11-06 08:00;2026-10-10 03:00
124244035;34059;2026-11-06 08:45;2026-10-10 03:00
124244035;34059;2026-11-06 09:00;2026-10-10 03:00
124244035;34059;2026-11-06 09:15;2026-10-10 03:00
124244035;34059;2026-11-06 09:30;2026-10-10 03:00
124244035;34059;2026-11-06 09:45;2026-10-10 03:00
124244035;34059;2026-11-06 12:15;2026-10-10 03:00
124244035;34059;2026-11-09 13:30;2026-10-10 03:00
124244035;34059;2026-11-09 16:00;2026-10-10 03:00
124244035;34059;2026-11-09 16:15;2026-10-10 03:00
124244035;34059;2026-11-09 16:30;2026-10-10 03:00
124244035;34059;2026-11-09 16:45;2026-10-10 03:00
124244035;34059;2026-11-09 18:30;2026-10-10 03:00
124244035;34059;2026-11-09 18:45;2026-10-10 03:00
124244035;34059;2026-11-10 07:00;2026-10-10 03:00
124244035;34059;2026-11-10 07:15;2026-10-10 03:00
124244035;34059;2026-11-10 07:30;2026-10-10 03:00
124244035;34059;2026-11-10 07:45;2026-10-10 03:00
124244035;34059;2026-11-10 08:00;2026-10-10 03:00
124244035;34059;2026-11-10 08:30;2026-10-10 03:00
124244035;34059;2026-11-10 08:45;2026-10-10 03:00
124244035;34059;2026-11-10 09:00;2026-10-10 03:00
124244035;34059;2026-11-10 09:15;2026-10-10 03:00
124244035;34059;2026-11-10 09:30;2026-10-10 03:00
124244035;34059;2026-11-10 09:45;2026-10-10 03:00
124244035;34059;2026-11-10 10:00;2026-10-10 03:00
124244035;34059;2026-11-10 10:15;2026-10-10 03:00
124244035;34059;2026-11-10 12:00;2026-10-10 03:00
124244035;34059;2026-11-10 12:15;2026-10-10 03:00
124244035;34041;2026-10-12 10:30;2026-10-10 03:00
124244035;34041;2026-10-12 11:30;2026-10-10 03:00
124244035;34041;2026-10-13 14:00;2026-10-10 03:00
124244035;34041;2026-10-13 14:15;2026-10-10 03:00
124244035;34041;2026-10-13 15:00;2026-10-10 03:00
124244035;34041;2026-10-13 17:30;2026-10-10 03:00
124244035;34041;2026-10-14 09:00;2026-10-10 03:00
124244035;34041;2026-10-14 10:30;2026-10-10 03:00
124244035;34041;2026-10-14 11:30;2026-10-10 03:00
124244035;34041;2026-10-15 14:00;2026-10-10 03:00
124244035;34041;2026-10-15 14:15;2026-10-10 03:00
124244035;34041;2026-10-15 15:00;2026-10-10 03:00
124244035;34041;2026-10-15 15:45;2026-10-10 03:00
124244035;34041;2026-10-15 17:30;2026-10-10 03:00
124244035;34041;2026-10-16 14:15;2026-10-10 03:00
124244035;34041;2026-10-16 15:00;2026-10-10 03:00
124244035;34041;2026-10-16 16:15;2026-10-10 03:00
124244035;34041;2026-10-16 17:15;2026-10-10 03:00
124244035;34041;2026-10-16 17:30;2026-10-10 03:00
124244035;34041;2026-10-19 07:30;2026-10-10 03:00
124244035;34041;2026-10-19 08:45;2026-10-10 03:00
124244035;34041;2026-10-19 09:00;2026-10-10 03:00
124244035;34041;2026-10-19 10:30;2026-10-10 03:00
124244035;34041;2026-10-19 10:45;2026-10-10 03:00
124244035;34041;2026-10-19 11:30;2026-10-10 03:00
124244035;34041;2026-10-20 13:45;2026-10-10 03:00
124244035;34041;2026-10-20 14:00;2026-10-10 03:00
124244035;34041;2026-10-20 14:15;2026-10-10 03:00
124244035;34041;2026-10-20 14:30;2026-10-10 03:00
124244035;34041;2026-10-20 14:45;2026-10-10 03:00
124244035;34041;2026-10-20 15:00;2026-10-10 03:00
124244035;34041;2026-10-20 15:15;2026-10-10 03:00
124244035;34041;2026-10-20 15:30;2026-10-10 03:00
124244035;34041;2026-10-20 15:45;2026-10-10 03:00
124244035;34041;2026-10-20 16:00;2026-10-10 03:00
124244035;34041;2026-10-20 16:15;2026-10-10 03:00
124244035;34041;2026-10-20 17:00;2026-10-10 03:00
124244035;34041;2026-10-20 17:15;2026-10-10 03:00
124244035;34041;2026-10-20 17:30;2026-10-10 03:00
124244035;34041;2026-10-20 17:45;2026-10-10 03:00
124244035;34041;2026-10-20 18:00;2026-10-10 03:00
124244035;34041;2026-10-20 18:15;2026-10-10 03:00
124244035;34041;2026-10-20 18:30;2026-10-10 03:00
124244035;34041;2026-10-21 07:00;2026-10-10 03:00
124244035;34041;2026-10-21 07:15;2026-10-10 03:00
124244035;34041;2026-10-21 07:30;2026-10-10 03:00
124244035;34041;2026-10-21 07:45;2026-10-10 03:00
124244035;34041;2026-10-21 08:00;2026-10-10 03:00
124244035;34041;2026-10-21 08:15;2026-10-10 03:00
124244035;34041;2026-10-21 08:30;2026-10-10 03:00
124244035;34041;2026-10-21 08:45;2026-10-10 03:00
124244035;34041;2026-10-21 09:00;2026-10-10 03:00
124244035;34041;2026-10-21 09:15;2026-10-10 03:00
124244035;34041;2026-10-21 09:30;2026-10-10 03:00
124244035;34041;2026-10-21 09:45;2026-10-10 03:00
124244035;34041;2026-10-21 10:00;2026-10-10 03:00
124244035;34041;2026-10-21 10:15;2026-10-10 03:00
124244035;34041;2026-10-21 10:30;2026-10-10 03:00
124244035;34041;2026-10-21 10:45;2026-10-10 03:00
124244035;34041;2026-10-21 11:30;2026-10-10 03:00
124244035;34041;2026-10-21 11:45;2026-10-10 03:00
124244035;34041;2026-10-21 12:00;2026-10-10 03:00
124244035;34041;2026-10-22 13:30;2026-10-10 03:00
124244035;34041;2026-10-22 13:45;2026-10-10 03:00
124244035;34041;2026-10-22 14:00;2026-10-10 03:00
124244035;34041;2026-10-22 14:15;2026-10-10 03:00
124244035;34041;2026-10-22 14:30;2026-10-10 03:00
124244035;34041;2026-10-22 14:45;2026-10-10 03:00
124244035;34041;2026-10-22 15:00;2026-10-10 03:00
124244035;34041;2026-10-22 15:15;2026-10-10 03:00
124244035;34041;2026-10-22 15:30;2026-10-10 03:00
124244035;34041;2026-10-22 15:45;2026-10-10 03:00
124244035;34041;2026-10-22 16:00;2026-10-10 03:00
124244035;34041;2026-10-22 16:15;2026-10-10 03:00
124244035;34041;2026-10-22 17:00;2026-10-10 03:00
124244035;34041;2026-10-22 17:15;2026-10-10 03:00
124244035;34041;2026-10-22 17:30;2026-10-10 03:00
124244035;34041;2026-10-22 17:45;2026-10-10 03:00
124244035;34041;2026-10-22 18:00;2026-10-10 03:00
124244035;34041;2026-10-22 18:15;2026-10-10 03:00
124244035;34041;2026-10-23 07:00;2026-10-10 03:00
124244035;34041;2026-10-23 07:15;2026-10-10 03:00
124244035;34041;2026-10-23 07:30;2026-10-10 03:00
124244035;34041;2026-10-23 07:45;2026-10-10 03:00
124244035;34041;2026-10-23 08:15;2026-10-10 03:00
124244035;34041;2026-10-23 09:00;2026-10-10 03:00
124244035;34041;2026-10-23 09:15;2026-10-10 03:00
124244035;34041;2026-10-23 09:30;2026-10-10 03:00
124244035;34041;2026-10-23 09:45;2026-10-10 03:00
124244035;34041;2026-10-23 10:30;2026-10-10 03:00
124244035;34041;2026-10-23 11:30;2026-10-10 03:00
124244035;34041;2026-10-26 07:00;2026-10-10 03:00
124244035;34041;2026-10-26 07:15;2026-10-10 03:00
124244035;34041;2026-10-26 07:30;2026-10-10 03:00
124244035;34041;2026-10-26 07:45;2026-10-10 03:00
124244035;34041;2026-10-26 08:15;2026-10-10 03:00
124244035;34041;2026-10-26 08:30;2026-10-10 03:00
124244035;34041;2026-10-26 08:45;2026-10-10 03:00
124244035;34041;2026-10-26 09:00;2026-10-10 03:00
124244035;34041;2026-10-26 09:15;2026-10-10 03:00
124244035;34041;2026-10-26 09:30;2026-10-10 03:00
124244035;34041;2026-10-26 10:00;2026-10-10 03:00
124244035;34041;2026-10-26 10:30;2026-10-10 03:00
124244035;34041;2026-10-26 10:45;2026-10-10 03:00
124244035;34041;2026-10-26 11:30;2026-10-10 03:00
124244035;34041;2026-10-26 11:45;2026-10-10 03:00
124244035;34041;2026-10-26 12:00;2026-10-10 03:00
124244035;34041;2026-10-27 13:30;2026-10-10 03:00
124244035;34041;2026-10-27 13:45;2026-10-10 03:00
124244035;34041;2026-10-27 14:00;2026-10-10 03:00
124244035;34041;2026-10-27 14:15;2026-10-10 03:00
124244035;34041;2026-10-27 14:30;2026-10-10 03:00
124244035;34041;2026-10-27 14:45;2026-10-10 03:00
124244035;34041;2026-10-27 15:00;2026-10-10 03:00
124244035;34041;2026-10-27 15:15;2026-10-10 03:00
124244035;34041;2026-10-27 15:30;2026-10-10 03:00
124244035;34041;2026-10-27 15:45;2026-10-10 03:00
124244035;34041;2026-10-27 16:00;2026-10-10 03:00
124244035;34041;2026-10-27 16:15;2026-10-10 03:00
124244035;34041;2026-10-27 17:00;2026-10-10 03:00
124244035;34041;2026-10-27 17:15;2026-10-10 03:00
124244035;34041;2026-10-27 17:30;2026-10-10 03:00
124244035;34041;2026-10-27 17:45;2026-10-10 03:00
124244035;34041;2026-10-27 18:00;2026-10-10 03:00
124244035;34041;2026-10-27 18:15;2026-10-10 03:00
124244035;34041;2026-10-27 18:30;2026-10-10 03:00
124244035;34041;2026-10-28 07:15;2026-10-10 03:00
124244035;34041;2026-10-28 07:30;2026-10-10 03:00
124244035;34041;2026-10-28 07:45;2026-10-10 03:00
124244035;34041;2026-10-28 08:00;2026-10-10 03:00
124244035;34041;2026-10-28 08:15;2026-10-10 03:00
124244035;34041;2026-10-28 08:30;2026-10-10 03:00
124244035;34041;2026-10-28 08:45;2026-10-10 03:00
124244035;34041;2026-10-28 09:00;2026-10-10 03:00
124244035;34041;2026-10-28 09:15;2026-10-10 03:00
124244035;34041;2026-10-28 09:30;2026-10-10 03:00
124244035;34041;2026-10-28 09:45;2026-10-10 03:00
124244035;34041;2026-10-28 10:00;2026-10-10 03:00
124244035;34041;2026-10-28 10:15;2026-10-10 03:00
124244035;34041;2026-10-28 10:30;2026-10-10 03:00
124244035;34041;2026-10-28 10:45;2026-10-10 03:00
124244035;34041;2026-10-28 11:30;2026-10-10 03:00
124244035;34041;2026-10-28 11:45;2026-10-10 03:00
124244035;34041;2026-10-28 12:00;2026-10-10 03:00
124244035;34041;2026-10-29 13:30;2026-10-10 03:00
124244035;34041;2026-10-29 13:45;2026-10-10 03:00
124244035;34041;2026-10-29 14:00;2026-10-10 03:00
124244035;34041;2026-10-29 14:15;2026-10-10 03:00
124244035;34041;2026-10-29 14:30;2026-10-10 03:00
124244035;34041;2026-10-29 14:45;2026-10-10 03:00
124244035;34041;2026-10-29 15:00;2026-10-10 03:00
124244035;34041;2026-10-29 15:15;2026-10-10 03:00
124244035;34041;2026-10-29 15:30;2026-10-10 03:00
124244035;34041;2026-10-29 15:45;2026-10-10 03:00
124244035;34041;2026-10-29 16:00;2026-10-10 03:00
124244035;34041;2026-10-29 16:15;2026-10-10 03:00
124244035;34041;2026-10-29 17:00;2026-10-10 03:00
124244035;34041;2026-10-29 17:15;2026-10-10 03:00
124244035;34041;2026-10-29 17:30;2026-10-10 03:00
124244035;34041;2026-10-29 17:45;2026-10-10 03:00
124244035;34041;2026-10-29 18:00;2026-10-10 03:00
124244035;34041;2026-10-29 18:15;2026-10-10 03:00
124244035;34041;2026-10-30 14:15;2026-10-10 03:00
124244035;34041;2026-10-30 14:30;2026-10-10 03:00
124244035;34041;2026-10-30 15:00;2026-10-10 03:00
124244035;34041;2026-10-30 15:15;2026-10-10 03:00
124244035;34041;2026-10-30 15:30;2026-10-10 03:00
124244035;34041;2026-10-30 15:45;2026-10-10 03:00
124244035;34041;2026-10-30 16:15;2026-10-10 03:00
124244035;34041;2026-10-30 17:00;2026-10-10 03:00
124244035;34041;2026-10-30 17:15;2026-10-10 03:00
124244035;34041;2026-10-30 17:30;2026-10-10 03:00
124244035;34041;2026-10-30 17:45;2026-10-10 03:00
124244035;34041;2026-10-30 18:15;2026-10-10 03:00
124244035;34041;2026-10-30 18:30;2026-10-10 03:00
124244035;34041;2026-11-03 14:00;2026-10-10 03:00
124244035;34041;2026-11-03 14:15;2026-10-10 03:00
124244035;34041;2026-11-03 15:00;2026-10-10 03:00
124244035;34041;2026-11-03 15:30;2026-10-10 03:00
124244035;34041;2026-11-03 15:45;2026-10-10 03:00
124244035;34041;2026-11-03 16:00;2026-10-10 03:00
124244035;34041;2026-11-03 16:15;2026-10-10 03:00
124244035;34041;2026-11-03 17:00;2026-10-10 03:00
124244035;34041;2026-11-03 17:15;2026-10-10 03:00
124244035;34041;2026-11-03 17:30;2026-10-10 03:00
124244035;34041;2026-11-03 17:45;2026-10-10 03:00
124244035;34041;2026-11-03 18:00;2026-10-10 03:00
124244035;34041;2026-11-03 18:15;2026-10-10 03:00
124244035;34041;2026-11-03 18:30;2026-10-10 03:00
124244035;34007;2026-10-26 14:00;2026-10-10 03:00
124244035;34007;2026-10-26 14:15;2026-10-10 03:00
124244035;34007;2026-10-26 15:00;2026-10-10 03:00
124244035;34007;2026-10-26 17:30;2026-10-10 03:00
124244035;34007;2026-10-27 09:00;2026-10-10 03:00
124244035;34007;2026-10-27 10:30;2026-10-10 03:00
124244035;34007;2026-10-27 11:30;2026-10-10 03:00
124244035;34007;2026-10-28 14:15;2026-10-10 03:00
124244035;34007;2026-10-28 15:00;2026-10-10 03:00
124244035;34007;2026-10-28 17:30;2026-10-10 03:00
124244035;34007;2026-10-29 09:00;2026-10-10 03:00
124244035;34007;2026-10-29 10:30;2026-10-10 03:00
124244035;34007;2026-10-29 11:30;2026-10-10 03:00
124244035;34007;2026-10-30 14:15;2026-10-10 03:00
124244035;34007;2026-10-30 15:00;2026-10-10 03:00
124244035;34007;2026-10-30 17:30;2026-10-10 03:00
124244035;34007;2026-11-03 09:00;2026-10-10 03:00
124244035;34007;2026-11-03 10:30;2026-10-10 03:00
124244035;34007;2026-11-03 11:30;2026-10-10 03:00
124244035;34007;2026-11-04 14:15;2026-10-10 03:00
124244035;34007;2026-11-04 15:00;2026-10-10 03:00
124244035;34007;2026-11-04 17:30;2026-10-10 03:00
124244035;34007;2026-11-04 18:15;2026-10-10 03:00
124244035;34007;2026-11-05 08:00;2026-10-10 03:00
124244035;34007;2026-11-05 08:15;2026-10-10 03:00
124244035;34007;2026-11-05 08:45;2026-10-10 03:00
124244035;34007;2026-11-05 09:00;2026-10-10 03:00
124244035;34007;2026-11-05 10:30;2026-10-10 03:00
124244035;34007;2026-11-05 11:30;2026-10-10 03:00
124244035;34007;2026-11-06 13:30;2026-10-10 03:00
124244035;34007;2026-11-06 14:15;2026-10-10 03:00
124244035;34007;2026-11-06 14:30;2026-10-10 03:00
124244035;34007;2026-11-06 14:45;2026-10-10 03:00
124244035;34007;2026-11-06 15:00;2026-10-10 03:00
124244035;34007;2026-11-06 15:15;2026-10-10 03:00
124244035;34007;2026-11-06 15:45;2026-10-10 03:00
124244035;34007;2026-11-06 16:00;2026-10-10 03:00
124244035;34007;2026-11-06 17:30;2026-10-10 03:00
124244035;34007;2026-11-09 07:15;2026-10-10 03:00
124244035;34007;2026-11-09 07:30;2026-10-10 03:00
124244035;34007;2026-11-09 08:00;2026-10-10 03:00
124244035;34007;2026-11-09 08:15;2026-10-10 03:00
124244035;34007;2026-11-09 08:30;2026-10-10 03:00
124244035;34007;2026-11-09 09:00;2026-10-10 03:00
124244035;34007;2026-11-09 09:45;2026-10-10 03:00
124244035;34007;2026-11-09 10:30;2026-10-10 03:00
124244035;34007;2026-11-09 10:45;2026-10-10 03:00
124244035;34007;2026-11-09 11:30;2026-10-10 03:00
124244035;34007;2026-11-09 11:45;2026-10-10 03:00
124244035;34007;2026-11-09 12:00;2026-10-10 03:00
124244035;34007;2026-11-10 13:30;2026-10-10 03:00
124244035;34007;2026-11-10 13:45;2026-10-10 03:00
124244035;34007;2026-11-10 14:00;2026-10-10 03:00
124244035;34007;2026-11-10 14:15;2026-10-10 03:00
124244035;34007;2026-11-10 14:30;2026-10-10 03:00
124244035;34007;2026-11-10 14:45;2026-10-10 03:00
124244035;34007;2026-11-10 15:00;2026-10-10 03:00
124244035;34007;2026-11-10 15:15;2026-10-10 03:00
124244035;34007;2026-11-10 15:45;2026-10-10 03:00
124244035;34007;2026-11-10 16:00;2026-10-10 03:00
124244035;34007;2026-11-10 16:15;2026-10-10 03:00
124244035;34007;2026-11-10 17:00;2026-10-10 03:00
124244035;34007;2026-11-10 17:30;2026-10-10 03:00
124244035;34007;2026-11-10 17:45;2026-10-10 03:00
124244035;34007;2026-11-10 18:00;2026-10-10 03:00
124244035;34007;2026-11-10 18:15;2026-10-10 03:00
124244035;34007;2026-11-10 18:30;2026-10-10 03:00
124244035;33958;2026-10-12 09:00;2026-10-10 03:00
124244035;33958;2026-10-12 10:45;2026-10-10 03:00
124244035;33958;2026-10-12 11:30;2026-10-10 03:00
124244035;33958;2026-10-13 14:15;2026-10-10 03:00
124244035;33958;2026-10-13 15:00;2026-10-10 03:00
124244035;33958;2026-10-13 17:30;2026-10-10 03:00
124244035;33958;2026-10-14 09:00;2026-10-10 03:00
124244035;33958;2026-10-14 10:45;2026-10-10 03:00
124244035;33958;2026-10-14 11:30;2026-10-10 03:00
124244035;33958;2026-10-15 14:15;2026-10-10 03:00
124244035;33958;2026-10-15 15:00;2026-10-10 03:00
124244035;33958;2026-10-15 17:30;2026-10-10 03:00
124244035;33958;2026-10-16 07:45;2026-10-10 03:00
124244035;33958;2026-10-16 09:00;2026-10-10 03:00
124244035;33958;2026-10-16 10:45;2026-10-10 03:00
124244035;33958;2026-10-16 11:30;2026-10-10 03:00
124244035;33958;2026-10-19 13:30;2026-10-10 03:00
124244035;33958;2026-10-19 13:45;2026-10-10 03:00
124244035;33958;2026-10-19 14:00;2026-10-10 03:00
124244035;33958;2026-10-19 14:15;2026-10-10 03:00
124244035;33958;2026-10-19 14:30;2026-10-10 03:00
124244035;33958;2026-10-19 14:45;2026-10-10 03:00
124244035;33958;2026-10-19 15:00;2026-10-10 03:00
124244035;33958;2026-10-19 15:15;2026-10-10 03:00
124244035;33958;2026-10-19 15:45;2026-10-10 03:00
124244035;33958;2026-10-19 16:30;2026-10-10 03:00
124244035;33958;2026-10-19 16:45;2026-10-10 03:00
124244035;33958;2026-10-19 17:15;2026-10-10 03:00
124244035;33958;2026-10-19 17:30;2026-10-10 03:00
124244035;33958;2026-10-20 07:00;2026-10-10 03:00
124244035;33958;2026-10-20 07:15;2026-10-10 03:00
124244035;33958;2026-10-20 07:45;2026-10-10 03:00
124244035;33958;2026-10-20 08:00;2026-10-10 03:00
124244035;33958;2026-10-20 08:15;2026-10-10 03:00
124244035;33958;2026-10-20 08:30;2026-10-10 03:00
124244035;33958;2026-10-20 08:45;2026-10-10 03:00
124244035;33958;2026-10-20 09:00;2026-10-10 03:00
124244035;33958;2026-10-20 09:15;2026-10-10 03:00
124244035;33958;2026-10-20 09:30;2026-10-10 03:00
124244035;33958;2026-10-20 10:45;2026-10-10 03:00
124244035;33958;2026-10-20 11:00;2026-10-10 03:00
124244035;33958;2026-10-20 11:15;2026-10-10 03:00
124244035;33958;2026-10-20 11:30;2026-10-10 03:00
124244035;33958;2026-10-20 11:45;2026-10-10 03:00
124244035;33958;2026-10-20 12:00;2026-10-10 03:00
124244035;33958;2026-10-21 13:30;2026-10-10 03:00
124244035;33958;2026-10-21 13:45;2026-10-10 03:00
124244035;33958;2026-10-21 14:00;2026-10-10 03:00
124244035;33958;2026-10-21 14:15;2026-10-10 03:00
124244035;33958;2026-10-21 14:30;2026-10-10 03:00
124244035;33958;2026-10-21 14:45;2026-10-10 03:00
124244035;33958;2026-10-21 15:00;2026-10-10 03:00
124244035;33958;2026-10-21 15:15;2026-10-10 03:00
124244035;33958;2026-10-21 15:30;2026-10-10 03:00
124244035;33958;2026-10-21 15:45;2026-10-10 03:00
124244035;33958;2026-10-21 16:30;2026-10-10 03:00
124244035;33958;2026-10-21 16:45;2026-10-10 03:00
124244035;33958;2026-10-21 17:00;2026-10-10 03:00
124244035;33958;2026-10-21 17:15;2026-10-10 03:00
124244035;33958;2026-10-21 17:30;2026-10-10 03:00
124244035;33958;2026-10-21 17:45;2026-10-10 03:00
124244035;33958;2026-10-21 18:00;2026-10-10 03:00
124244035;33958;2026-10-21 18:30;2026-10-10 03:00
124244035;33958;2026-10-22 07:00;2026-10-10 03:00
124244035;33958;2026-10-22 07:15;2026-10-10 03:00
124244035;33958;2026-10-22 07:45;2026-10-10 03:00
124244035;33958;2026-10-22 08:00;2026-10-10 03:00
124244035;33958;2026-10-22 08:30;2026-10-10 03:00
124244035;33958;2026-10-22 08:45;2026-10-10 03:00
124244035;33958;2026-10-22 09:00;2026-10-10 03:00
124244035;33958;2026-10-22 09:15;2026-10-10 03:00
124244035;33958;2026-10-22 09:30;2026-10-10 03:00
124244035;33958;2026-10-22 09:45;2026-10-10 03:00
124244035;33958;2026-10-22 10:30;2026-10-10 03:00
124244035;33958;2026-10-22 10:45;2026-10-10 03:00
124244035;33958;2026-10-22 11:00;2026-10-10 03:00
124244035;33958;2026-10-22 11:30;2026-10-10 03:00
124244035;33958;2026-10-23 13:30;2026-10-10 03:00
124244035;33958;2026-10-23 13:45;2026-10-10 03:00
124244035;33958;2026-10-23 14:00;2026-10-10 03:00
124244035;33958;2026-10-23 14:15;2026-10-10 03:00
124244035;33958;2026-10-23 14:30;2026-10-10 03:00
124244035;33958;2026-10-23 15:00;2026-10-10 03:00
124244035;33958;2026-10-23 16:30;2026-10-10 03:00
124244035;33958;2026-10-23 16:45;2026-10-10 03:00
124244035;33958;2026-10-23 17:15;2026-10-10 03:00
124244035;33958;2026-10-23 17:30;2026-10-10 03:00
124244035;33958;2026-10-23 17:45;2026-10-10 03:00
124244035;33958;2026-10-23 18:00;2026-10-10 03:00
124244035;33958;2026-10-23 18:30;2026-10-10 03:00
124244035;33958;2026-10-26 07:00;2026-10-10 03:00
124244035;33958;2026-10-26 07:15;2026-10-10 03:00
124244035;33958;2026-10-26 07:45;2026-10-10 03:00
124244035;33958;2026-10-26 08:00;2026-10-10 03:00
124244035;33958;2026-10-26 08:15;2026-10-10 03:00
124244035;33958;2026-10-26 08:30;2026-10-10 03:00
124244035;33958;2026-10-26 08:45;2026-10-10 03:00
124244035;33958;2026-10-26 09:00;2026-10-10 03:00
124244035;33958;2026-10-26 09:15;2026-10-10 03:00
124244035;33958;2026-10-26 09:45;2026-10-10 03:00
124244035;33958;2026-10-26 10:30;2026-10-10 03:00
124244035;33958;2026-10-26 10:45;2026-10-10 03:00
124244035;33958;2026-10-26 11:00;2026-10-10 03:00
124244035;33958;2026-10-26 11:15;2026-10-10 03:00
124244035;33958;2026-10-26 11:30;2026-10-10 03:00
124244035;33958;2026-10-26 11:45;2026-10-10 03:00
124244035;33958;2026-10-26 12:00;2026-10-10 03:00
124244035;33958;2026-10-27 13:30;2026-10-10 03:00
124244035;33958;2026-10-27 13:45;2026-10-10 03:00
124244035;33958;2026-10-27 14:00;2026-10-10 03:00
124244035;33958;2026-10-27 14:15;2026-10-10 03:00
124244035;33958;2026-10-27 14:30;2026-10-10 03:00
124244035;33958;2026-10-27 14:45;2026-10-10 03:00
124244035;33958;2026-10-27 15:00;2026-10-10 03:00
124244035;33958;2026-10-27 15:15;2026-10-10 03:00
124244035;33958;2026-10-27 15:30;2026-10-10 03:00
124244035;33958;2026-10-27 16:30;2026-10-10 03:00
124244035;33958;2026-10-27 16:45;2026-10-10 03:00
124244035;33958;2026-10-27 17:00;2026-10-10 03:00
124244035;33958;2026-10-27 17:30;2026-10-10 03:00
124244035;33958;2026-10-27 17:45;2026-10-10 03:00
124244035;33958;2026-10-27 18:00;2026-10-10 03:00
124244035;33958;2026-10-27 18:30;2026-10-10 03:00
124244035;33958;2026-10-28 07:00;2026-10-10 03:00
124244035;33958;2026-10-28 07:15;2026-10-10 03:00
124244035;33958;2026-10-28 07:45;2026-10-10 03:00
124244035;33958;2026-10-28 08:00;2026-10-10 03:00
124244035;33958;2026-10-28 08:15;2026-10-10 03:00
124244035;33958;2026-10-28 08:30;2026-10-10 03:00
124244035;33958;2026-10-28 08:45;2026-10-10 03:00
124244035;33958;2026-10-28 09:00;2026-10-10 03:00
124244035;33958;2026-10-28 09:30;2026-10-10 03:00
124244035;33958;2026-10-28 09:45;2026-10-10 03:00
124244035;33958;2026-10-28 10:30;2026-10-10 03:00
124244035;33958;2026-10-28 10:45;2026-10-10 03:00
124244035;33958;2026-10-28 11:00;2026-10-10 03:00
124244035;33958;2026-10-28 11:15;2026-10-10 03:00
124244035;33958;2026-10-28 11:30;2026-10-10 03:00
124244035;33958;2026-10-28 11:45;2026-10-10 03:00
124244035;33958;2026-10-28 12:00;2026-10-10 03:00
124244035;33958;2026-10-30 07:00;2026-10-10 03:00
124244035;33958;2026-10-30 07:15;2026-10-10 03:00
124244035;33958;2026-10-30 07:45;2026-10-10 03:00
124244035;33958;2026-10-30 08:00;2026-10-10 03:00
124244035;33958;2026-10-30 08:15;2026-10-10 03:00
124244035;33958;2026-10-30 08:30;2026-10-10 03:00
124244035;33958;2026-10-30 08:45;2026-10-10 03:00
124244035;33958;2026-10-30 09:00;2026-10-10 03:00
124244035;33958;2026-10-30 09:15;2026-10-10 03:00
124244035;33958;2026-10-30 09:30;2026-10-10 03:00
124244035;33958;2026-10-30 09:45;2026-10-10 03:00
124244035;33958;2026-10-30 10:30;2026-10-10 03:00
124244035;33958;2026-10-30 10:45;2026-10-10 03:00
124244035;33958;2026-10-30 11:00;2026-10-10 03:00
124244035;33958;2026-10-30 11:15;2026-10-10 03:00
124244035;33958;2026-10-30 11:30;2026-10-10 03:00
124244035;33958;2026-11-03 13:30;2026-10-10 03:00
124244035;33958;2026-11-03 13:45;2026-10-10 03:00
124244035;33958;2026-11-03 14:15;2026-10-10 03:00
124244035;33958;2026-11-03 14:30;2026-10-10 03:00
124244035;33958;2026-11-03 15:00;2026-10-10 03:00
124244035;33958;2026-11-03 15:15;2026-10-10 03:00
124244035;33958;2026-11-03 16:30;2026-10-10 03:00
124244035;33958;2026-11-03 16:45;2026-10-10 03:00
124244035;33958;2026-11-03 17:15;2026-10-10 03:00
124244035;33958;2026-11-03 17:30;2026-10-10 03:00
124244035;33958;2026-11-03 17:45;2026-10-10 03:00
124244035;33958;2026-11-03 18:30;2026-10-10 03:00
124244035;33958;2026-11-04 07:00;2026-10-10 03:00
124244035;33958;2026-11-04 07:45;2026-10-10 03:00
124244035;33958;2026-11-04 08:00;2026-10-10 03:00
124244035;33958;2026-11-04 08:15;2026-10-10 03:00
124244035;33958;2026-11-04 08:30;2026-10-10 03:00
124244035;33958;2026-11-04 08:45;2026-10-10 03:00
124244035;33958;2026-11-04 09:00;2026-10-10 03:00
124244035;33958;2026-11-04 09:15;2026-10-10 03:00
124244035;33958;2026-11-04 09:30;2026-10-10 03:00
124244035;33958;2026-11-04 09:45;2026-10-10 03:00
124244035;33958;2026-11-04 10:30;2026-10-10 03:00
124244035;33958;2026-11-04 10:45;2026-10-10 03:00
124244035;33958;2026-11-04 11:00;2026-10-10 03:00
124244035;33958;2026-11-04 11:15;2026-10-10 03:00
124244035;33958;2026-11-04 11:30;2026-10-10 03:00
124244035;33958;2026-11-04 11:45;2026-10-10 03:00
124244035;33958;2026-11-04 12:00;2026-10-10 03:00
124244035;33958;2026-11-05 13:30;2026-10-10 03:00
124244035;33958;2026-11-05 13:45;2026-10-10 03:00
124244035;33958;2026-11-05 14:00;2026-10-10 03:00
124244035;33958;2026-11-05 14:15;2026-10-10 03:00
124244035;33958;2026-11-05 14:30;2026-10-10 03:00
124244035;33958;2026-11-05 14:45;2026-10-10 03:00
124244035;33958;2026-11-05 15:00;2026-10-10 03:00
124244035;33958;2026-11-05 15:15;2026-10-10 03:00
124244035;33958;2026-11-05 15:30;2026-10-10 03:00
124244035;33958;2026-11-05 15:45;2026-10-10 03:00
124244035;33958;2026-11-05 16:30;2026-10-10 03:00
124244035;33958;2026-11-05 16:45;2026-10-10 03:00
124244035;33958;2026-11-05 17:00;2026-10-10 03:00
124244035;33958;2026-11-05 17:15;2026-10-10 03:00
124244035;33958;2026-11-05 17:30;2026-10-10 03:00
124244035;33958;2026-11-05 17:45;2026-10-10 03:00
124244035;33958;2026-11-05 18:00;2026-10-10 03:00
124244035;33958;2026-11-05 18:30;2026-10-10 03:00
124244035;33958;2026-11-06 07:00;2026-10-10 03:00
124244035;33958;2026-11-06 07:15;2026-10-10 03:00
124244035;33958;2026-11-06 07:45;2026-10-10 03:00
124244035;33958;2026-11-06 08:00;2026-10-10 03:00
124244035;33958;2026-11-06 08:15;2026-10-10 03:00
124244035;33958;2026-11-06 08:30;2026-10-10 03:00
124244035;33958;2026-11-06 08:45;2026-10-10 03:00
124244035;33958;2026-11-06 09:00;2026-10-10 03:00
124244035;33958;2026-11-06 09:15;2026-10-10 03:00
124244035;33958;2026-11-06 09:45;2026-10-10 03:00
124244035;33958;2026-11-06 10:30;2026-10-10 03:00
124244035;33958;2026-11-06 10:45;2026-10-10 03:00
124244035;33958;2026-11-06 11:00;2026-10-10 03:00
124244035;33958;2026-11-06 11:15;2026-10-10 03:00
124244035;33958;2026-11-06 11:30;2026-10-10 03:00
124244035;33958;2026-11-09 13:30;2026-10-10 03:00
124244035;33958;2026-11-09 13:45;2026-10-10 03:00
124244035;33958;2026-11-09 14:15;2026-10-10 03:00
124244035;33958;2026-11-09 14:30;2026-10-10 03:00
124244035;33958;2026-11-09 15:00;2026-10-10 03:00
124244035;33958;2026-11-09 15:15;2026-10-10 03:00
124244035;33958;2026-11-09 16:30;2026-10-10 03:00
124244035;33958;2026-11-09 16:45;2026-10-10 03:00
124244035;33958;2026-11-09 17:15;2026-10-10 03:00
124244035;33958;2026-11-09 17:30;2026-10-10 03:00
124244035;33958;2026-11-09 18:00;2026-10-10 03:00
124244035;33958;2026-11-09 18:30;2026-10-10 03:00
124244035;33958;2026-11-10 07:00;2026-10-10 03:00
124244035;33958;2026-11-10 07:15;2026-10-10 03:00
124244035;33958;2026-11-10 07:45;2026-10-10 03:00
124244035;33958;2026-11-10 08:00;2026-10-10 03:00
124244035;33958;2026-11-10 08:15;2026-10-10 03:00
124244035;33958;2026-11-10 08:30;2026-10-10 03:00
124244035;33958;2026-11-10 08:45;2026-10-10 03:00
124244035;33958;2026-11-10 09:00;2026-10-10 03:00
124244035;33958;2026-11-10 09:15;2026-10-10 03:00
124244035;33958;2026-11-10 09:30;2026-10-10 03:00
124244035;33958;2026-11-10 09:45;2026-10-10 03:00
124244035;33958;2026-11-10 10:30;2026-10-10 03:00
124244035;33958;2026-11-10 10:45;2026-10-10 03:00
124244035;33958;2026-11-10 11:00;2026-10-10 03:00
124244035;33958;2026-11-10 11:15;2026-10-10 03:00
124244035;33958;2026-11-10 11:30;2026-10-10 03:00
124244035;33958;2026-11-10 11:45;2026-10-10 03:00
124244035;33958;2026-11-10 12:00;2026-10-10 03:00
124244035;33554;2026-10-13 14:00;2026-10-10 03:00
124244035;33554;2026-10-13 14:15;2026-10-10 03:00
124244035;33554;2026-10-13 15:00;2026-10-10 03:00
124244035;33554;2026-10-13 15:30;2026-10-10 03:00
124244035;33554;2026-10-13 17:30;2026-10-10 03:00
124244035;33554;2026-10-14 09:00;2026-10-10 03:00
124244035;33554;2026-10-14 10:30;2026-10-10 03:00
124244035;33554;2026-10-14 11:30;2026-10-10 03:00
124244035;33554;2026-10-14 11:45;2026-10-10 03:00
124244035;33554;2026-10-14 12:00;2026-10-10 03:00
124244035;33554;2026-10-15 14:00;2026-10-10 03:00
124244035;33554;2026-10-15 14:15;2026-10-10 03:00
124244035;33554;2026-10-15 15:00;2026-10-10 03:00
124244035;33554;2026-10-15 17:00;2026-10-10 03:00
124244035;33554;2026-10-15 17:15;2026-10-10 03:00
124244035;33554;2026-10-15 17:30;2026-10-10 03:00
124244035;33554;2026-10-15 17:45;2026-10-10 03:00
124244035;33554;2026-10-15 18:00;2026-10-10 03:00
124244035;33554;2026-10-16 07:00;2026-10-10 03:00
124244035;33554;2026-10-16 07:45;2026-10-10 03:00
124244035;33554;2026-10-16 08:00;2026-10-10 03:00
124244035;33554;2026-10-16 08:15;2026-10-10 03:00
124244035;33554;2026-10-16 09:00;2026-10-10 03:00
124244035;33554;2026-10-16 10:30;2026-10-10 03:00
124244035;33554;2026-10-16 11:30;2026-10-10 03:00
124244035;33554;2026-10-16 12:00;2026-10-10 03:00
124244035;33554;2026-10-19 07:15;2026-10-10 03:00
124244035;33554;2026-10-19 07:30;2026-10-10 03:00
124244035;33554;2026-10-19 07:45;2026-10-10 03:00
124244035;33554;2026-10-19 08:15;2026-10-10 03:00
124244035;33554;2026-10-19 08:30;2026-10-10 03:00
124244035;33554;2026-10-19 08:45;2026-10-10 03:00
124244035;33554;2026-10-19 09:00;2026-10-10 03:00
124244035;33554;2026-10-19 09:45;2026-10-10 03:00
124244035;33554;2026-10-19 10:00;2026-10-10 03:00
124244035;33554;2026-10-19 10:30;2026-10-10 03:00
124244035;33554;2026-10-19 11:30;2026-10-10 03:00
124244035;33554;2026-10-19 11:45;2026-10-10 03:00
124244035;33554;2026-10-20 14:00;2026-10-10 03:00
124244035;33554;2026-10-20 14:15;2026-10-10 03:00
124244035;33554;2026-10-20 15:00;2026-10-10 03:00
124244035;33554;2026-10-20 15:45;2026-10-10 03:00
124244035;33554;2026-10-20 16:00;2026-10-10 03:00
124244035;33554;2026-10-20 16:15;2026-10-10 03:00
124244035;33554;2026-10-20 17:00;2026-10-10 03:00
124244035;33554;2026-10-20 17:15;2026-10-10 03:00
124244035;33554;2026-10-20 17:30;2026-10-10 03:00
124244035;33554;2026-10-20 17:45;2026-10-10 03:00
124244035;33554;2026-10-20 18:00;2026-10-10 03:00
124244035;33554;2026-10-21 07:15;2026-10-10 03:00
124244035;33554;2026-10-21 07:30;2026-10-10 03:00
124244035;33554;2026-10-21 07:45;2026-10-10 03:00
124244035;33554;2026-10-21 08:00;2026-10-10 03:00
124244035;33554;2026-10-21 08:15;2026-10-10 03:00
124244035;33554;2026-10-21 08:30;2026-10-10 03:00
124244035;33554;2026-10-21 08:45;2026-10-10 03:00
124244035;33554;2026-10-21 09:00;2026-10-10 03:00
124244035;33554;2026-10-21 09:30;2026-10-10 03:00
124244035;33554;2026-10-21 09:45;2026-10-10 03:00
124244035;33554;2026-10-21 10:15;2026-10-10 03:00
124244035;33554;2026-10-21 10:30;2026-10-10 03:00
124244035;33554;2026-10-21 11:30;2026-10-10 03:00
124244035;33554;2026-10-21 11:45;2026-10-10 03:00
124244035;33554;2026-10-21 12:00;2026-10-10 03:00
124244035;33554;2026-10-22 13:45;2026-10-10 03:00
124244035;33554;2026-10-22 14:00;2026-10-10 03:00
124244035;33554;2026-10-22 14:15;2026-10-10 03:00
124244035;33554;2026-10-22 14:30;2026-10-10 03:00
124244035;33554;2026-10-22 14:45;2026-10-10 03:00
124244035;33554;2026-10-22 15:00;2026-10-10 03:00
124244035;33554;2026-10-22 15:15;2026-10-10 03:00
124244035;33554;2026-10-22 15:30;2026-10-10 03:00
124244035;33554;2026-10-22 15:45;2026-10-10 03:00
124244035;33554;2026-10-22 16:00;2026-10-10 03:00
124244035;33554;2026-10-22 16:15;2026-10-10 03:00
124244035;33554;2026-10-22 17:00;2026-10-10 03:00
124244035;33554;2026-10-22 17:15;2026-10-10 03:00
124244035;33554;2026-10-22 17:30;2026-10-10 03:00
124244035;33554;2026-10-22 17:45;2026-10-10 03:00
124244035;33554;2026-10-22 18:00;2026-10-10 03:00
124244035;33554;2026-10-22 18:15;2026-10-10 03:00
124244035;33554;2026-10-22 18:30;2026-10-10 03:00
124244035;33554;2026-10-23 07:00;2026-10-10 03:00
124244035;33554;2026-10-23 07:15;2026-10-10 03:00
124244035;33554;2026-10-23 07:30;2026-10-10 03:00
124244035;33554;2026-10-23 07:45;2026-10-10 03:00
124244035;33554;2026-10-23 08:15;2026-10-10 03:00
124244035;33554;2026-10-23 09:00;2026-10-10 03:00
124244035;33554;2026-10-23 09:15;2026-10-10 03:00
124244035;33554;2026-10-23 09:45;2026-10-10 03:00
124244035;33554;2026-10-23 10:30;2026-10-10 03:00
124244035;33554;2026-10-23 10:45;2026-10-10 03:00
124244035;33554;2026-10-23 11:30;2026-10-10 03:00
124244035;33554;2026-10-23 11:45;2026-10-10 03:00
124244035;33554;2026-10-26 07:00;2026-10-10 03:00
124244035;33554;2026-10-26 07:15;2026-10-10 03:00
124244035;33554;2026-10-26 07:30;2026-10-10 03:00
124244035;33554;2026-10-26 07:45;2026-10-10 03:00
124244035;33554;2026-10-26 08:15;2026-10-10 03:00
124244035;33554;2026-10-26 08:30;2026-10-10 03:00
124244035;33554;2026-10-26 08:45;2026-10-10 03:00
124244035;33554;2026-10-26 09:00;2026-10-10 03:00
124244035;33554;2026-10-26 09:15;2026-10-10 03:00
124244035;33554;2026-10-26 09:45;2026-10-10 03:00
124244035;33554;2026-10-26 10:00;2026-10-10 03:00
124244035;33554;2026-10-26 10:30;2026-10-10 03:00
124244035;33554;2026-10-26 10:45;2026-10-10 03:00
124244035;33554;2026-10-26 11:30;2026-10-10 03:00
124244035;33554;2026-10-26 11:45;2026-10-10 03:00
124244035;33554;2026-10-27 13:30;2026-10-10 03:00
124244035;33554;2026-10-27 14:00;2026-10-10 03:00
124244035;33554;2026-10-27 14:15;2026-10-10 03:00
124244035;33554;2026-10-27 14:30;2026-10-10 03:00
124244035;33554;2026-10-27 15:00;2026-10-10 03:00
124244035;33554;2026-10-27 15:15;2026-10-10 03:00
124244035;33554;2026-10-27 15:30;2026-10-10 03:00
124244035;33554;2026-10-27 15:45;2026-10-10 03:00
124244035;33554;2026-10-27 16:00;2026-10-10 03:00
124244035;33554;2026-10-27 16:15;2026-10-10 03:00
124244035;33554;2026-10-27 17:00;2026-10-10 03:00
124244035;33554;2026-10-27 17:15;2026-10-10 03:00
124244035;33554;2026-10-27 17:30;2026-10-10 03:00
124244035;33554;2026-10-27 17:45;2026-10-10 03:00
124244035;33554;2026-10-27 18:00;2026-10-10 03:00
124244035;33554;2026-10-27 18:15;2026-10-10 03:00
124244035;33554;2026-10-27 18:30;2026-10-10 03:00
124244035;33554;2026-10-28 07:00;2026-10-10 03:00
124244035;33554;2026-10-28 07:15;2026-10-10 03:00
124244035;33554;2026-10-28 07:30;2026-10-10 03:00
124244035;33554;2026-10-28 07:45;2026-10-10 03:00
124244035;33554;2026-10-28 08:00;2026-10-10 03:00
124244035;33554;2026-10-28 08:15;2026-10-10 03:00
124244035;33554;2026-10-28 08:30;2026-10-10 03:00
124244035;33554;2026-10-28 08:45;2026-10-10 03:00
124244035;33554;2026-10-28 09:00;2026-10-10 03:00
124244035;33554;2026-10-28 09:15;2026-10-10 03:00
124244035;33554;2026-10-28 09:30;2026-10-10 03:00
124244035;33554;2026-10-28 09:45;2026-10-10 03:00
124244035;33554;2026-10-28 10:00;2026-10-10 03:00
124244035;33554;2026-10-28 10:15;2026-10-10 03:00
124244035;33554;2026-10-28 10:30;2026-10-10 03:00
124244035;33554;2026-10-28 10:45;2026-10-10 03:00
124244035;33554;2026-10-28 11:30;2026-10-10 03:00
124244035;33554;2026-10-28 11:45;2026-10-10 03:00
124244035;33554;2026-10-28 12:00;2026-10-10 03:00
124244035;33554;2026-10-29 13:45;2026-10-10 03:00
124244035;33554;2026-10-29 14:00;2026-10-10 03:00
124244035;33554;2026-10-29 14:15;2026-10-10 03:00
124244035;33554;2026-10-29 14:30;2026-10-10 03:00
124244035;33554;2026-10-29 14:45;2026-10-10 03:00
124244035;33554;2026-10-29 15:00;2026-10-10 03:00
124244035;33554;2026-10-29 15:30;2026-10-10 03:00
124244035;33554;2026-10-29 15:45;2026-10-10 03:00
124244035;33554;2026-10-29 16:00;2026-10-10 03:00
124244035;33554;2026-10-29 16:15;2026-10-10 03:00
124244035;33554;2026-10-29 17:00;2026-10-10 03:00
124244035;33554;2026-10-29 17:15;2026-10-10 03:00
124244035;33554;2026-10-29 17:30;2026-10-10 03:00
124244035;33554;2026-10-29 17:45;2026-10-10 03:00
124244035;33554;2026-10-29 18:00;2026-10-10 03:00
124244035;33554;2026-10-29 18:15;2026-10-10 03:00
124244035;33554;2026-10-29 18:30;2026-10-10 03:00
124244035;33554;2026-10-30 13:30;2026-10-10 03:00
124244035;33554;2026-10-30 14:15;2026-10-10 03:00
124244035;33554;2026-10-30 14:30;2026-10-10 03:00
124244035;33554;2026-10-30 15:00;2026-10-10 03:00
124244035;33554;2026-10-30 15:15;2026-10-10 03:00
124244035;33554;2026-10-30 15:45;2026-10-10 03:00
124244035;33554;2026-10-30 16:00;2026-10-10 03:00
124244035;33554;2026-10-30 16:15;2026-10-10 03:00
124244035;33554;2026-10-30 17:15;2026-10-10 03:00
124244035;33554;2026-10-30 17:30;2026-10-10 03:00
124244035;33554;2026-10-30 17:45;2026-10-10 03:00
124244035;33554;2026-10-30 18:00;2026-10-10 03:00
124244035;33554;2026-10-30 18:15;2026-10-10 03:00
124244035;33554;2026-10-30 18:30;2026-10-10 03:00
124244035;33554;2026-11-03 13:30;2026-10-10 03:00
124244035;33554;2026-11-03 13:45;2026-10-10 03:00
124244035;33554;2026-11-03 14:00;2026-10-10 03:00
124244035;33554;2026-11-03 14:15;2026-10-10 03:00
124244035;33554;2026-11-03 14:30;2026-10-10 03:00
124244035;33554;2026-11-03 14:45;2026-10-10 03:00
124244035;33554;2026-11-03 15:00;2026-10-10 03:00
124244035;33554;2026-11-03 15:15;2026-10-10 03:00
124244035;33554;2026-11-03 15:30;2026-10-10 03:00
124244035;33554;2026-11-03 15:45;2026-10-10 03:00
124244035;33554;2026-11-03 16:00;2026-10-10 03:00
124244035;33554;2026-11-03 16:15;2026-10-10 03:00
124244035;33554;2026-11-03 17:00;2026-10-10 03:00
124244035;33554;2026-11-03 17:15;2026-10-10 03:00
124244035;33554;2026-11-03 17:30;2026-10-10 03:00
124244035;33554;2026-11-03 17:45;2026-10-10 03:00
124244035;33554;2026-11-03 18:00;2026-10-10 03:00
124244035;33554;2026-11-03 18:15;2026-10-10 03:00
124244035;33554;2026-11-03 18:30;2026-10-10 03:00
124244035;33554;2026-11-04 07:00;2026-10-10 03:00
124244035;33554;2026-11-04 07:15;2026-10-10 03:00
124244035;33554;2026-11-04 07:30;2026-10-10 03:00
124244035;33554;2026-11-04 07:45;2026-10-10 03:00
124244035;33554;2026-11-04 08:00;2026-10-10 03:00
124244035;33554;2026-11-04 08:15;2026-10-10 03:00
124244035;33554;2026-11-04 08:30;2026-10-10 03:00
124244035;33554;2026-11-04 08:45;2026-10-10 03:00
124244035;33554;2026-11-04 09:00;2026-10-10 03:00
124244035;33554;2026-11-04 09:30;2026-10-10 03:00
124244035;33554;2026-11-04 09:45;2026-10-10 03:00
124244035;33554;2026-11-04 10:00;2026-10-10 03:00
124244035;33554;2026-11-04 10:30;2026-10-10 03:00
124244035;33554;2026-11-04 11:30;2026-10-10 03:00
124244035;33554;2026-11-04 11:45;2026-10-10 03:00
124244035;33554;2026-11-04 12:00;2026-10-10 03:00
124244035;33554;2026-11-05 13:30;2026-10-10 03:00
124244035;33554;2026-11-05 13:45;2026-10-10 03:00
124244035;33554;2026-11-05 14:00;2026-10-10 03:00
124244035;33554;2026-11-05 14:15;2026-10-10 03:00
124244035;33554;2026-11-05 14:30;2026-10-10 03:00
124244035;33554;2026-11-05 14:45;2026-10-10 03:00
124244035;33554;2026-11-05 15:00;2026-10-10 03:00
124244035;33554;2026-11-05 15:15;2026-10-10 03:00
124244035;33554;2026-11-05 15:30;2026-10-10 03:00
124244035;33554;2026-11-05 15:45;2026-10-10 03:00
124244035;33554;2026-11-05 16:00;2026-10-10 03:00
124244035;33554;2026-11-05 16:15;2026-10-10 03:00
124244035;33554;2026-11-05 17:00;2026-10-10 03:00
124244035;33554;2026-11-05 17:15;2026-10-10 03:00
124244035;33554;2026-11-05 17:30;2026-10-10 03:00
124244035;33554;2026-11-05 17:45;2026-10-10 03:00
124244035;33554;2026-11-05 18:00;2026-10-10 03:00
124244035;33554;2026-11-05 18:15;2026-10-10 03:00
124244035;33554;2026-11-05 18:30;2026-10-10 03:00
124244035;33554;2026-11-06 13:30;2026-10-10 03:00
124244035;33554;2026-11-06 14:15;2026-10-10 03:00
124244035;33554;2026-11-06 14:30;2026-10-10 03:00
124244035;33554;2026-11-06 14:45;2026-10-10 03:00
124244035;33554;2026-11-06 15:00;2026-10-10 03:00
124244035;33554;2026-11-06 15:15;2026-10-10 03:00
124244035;33554;2026-11-06 15:30;2026-10-10 03:00
124244035;33554;2026-11-06 15:45;2026-10-10 03:00
124244035;33554;2026-11-06 16:00;2026-10-10 03:00
124244035;33554;2026-11-06 16:15;2026-10-10 03:00
124244035;33554;2026-11-06 17:00;2026-10-10 03:00
124244035;33554;2026-11-06 17:15;2026-10-10 03:00
124244035;33554;2026-11-06 17:30;2026-10-10 03:00
124244035;33554;2026-11-06 17:45;2026-10-10 03:00
124244035;33554;2026-11-06 18:00;2026-10-10 03:00
124244035;33554;2026-11-06 18:15;2026-10-10 03:00
124244035;33554;2026-11-06 18:30;2026-10-10 03:00
124244035;33554;2026-11-09 07:00;2026-10-10 03:00
124244035;33554;2026-11-09 07:15;2026-10-10 03:00
124244035;33554;2026-11-09 07:30;2026-10-10 03:00
124244035;33554;2026-11-09 07:45;2026-10-10 03:00
124244035;33554;2026-11-09 08:00;2026-10-10 03:00
124244035;33554;2026-11-09 08:15;2026-10-10 03:00
124244035;33554;2026-11-09 08:30;2026-10-10 03:00
124244035;33554;2026-11-09 08:45;2026-10-10 03:00
124244035;33554;2026-11-09 09:00;2026-10-10 03:00
124244035;33554;2026-11-09 09:15;2026-10-10 03:00
124244035;33554;2026-11-09 09:30;2026-10-10 03:00
124244035;33554;2026-11-09 09:45;2026-10-10 03:00
124244035;33554;2026-11-09 10:00;2026-10-10 03:00
124244035;33554;2026-11-09 10:15;2026-10-10 03:00
124244035;33554;2026-11-09 10:30;2026-10-10 03:00
124244035;33554;2026-11-09 10:45;2026-10-10 03:00
124244035;33554;2026-11-09 11:30;2026-10-10 03:00
124244035;33554;2026-11-09 11:45;2026-10-10 03:00
124244035;33554;2026-11-09 12:00;2026-10-10 03:00
124244035;33554;2026-11-10 13:30;2026-10-10 03:00
124244035;33554;2026-11-10 13:45;2026-10-10 03:00
124244035;33554;2026-11-10 14:00;2026-10-10 03:00
124244035;33554;2026-11-10 14:15;2026-10-10 03:00
124244035;33554;2026-11-10 14:30;2026-10-10 03:00
124244035;33554;2026-11-10 14:45;2026-10-10 03:00
124244035;33554;2026-11-10 15:00;2026-10-10 03:00
124244035;33554;2026-11-10 15:15;2026-10-10 03:00
124244035;33554;2026-11-10 15:30;2026-10-10 03:00
124244035;33554;2026-11-10 15:45;2026-10-10 03:00
124244035;33554;2026-11-10 16:00;2026-10-10 03:00
124244035;33554;2026-11-10 16:15;2026-10-10 03:00
124244035;33554;2026-11-10 17:00;2026-10-10 03:00
124244035;33554;2026-11-10 17:15;2026-10-10 03:00
124244035;33554;2026-11-10 17:30;2026-10-10 03:00
124244035;33554;2026-11-10 17:45;2026-10-10 03:00
124244035;33554;2026-11-10 18:00;2026-10-10 03:00
124244035;33554;2026-11-10 18:15;2026-10-10 03:00
124244035;33554;2026-11-10 18:30;2026-10-10 03:00
124244035;33492;2026-10-19 14:15;2026-10-10 03:00
124244035;33492;2026-10-19 15:00;2026-10-10 03:00
124244035;33492;2026-10-19 17:30;2026-10-10 03:00
124244035;33492;2026-10-20 09:00;2026-10-10 03:00
124244035;33492;2026-10-20 10:30;2026-10-10 03:00
124244035;33492;2026-10-20 11:30;2026-10-10 03:00
124244035;33492;2026-10-20 11:45;2026-10-10 03:00
124244035;33492;2026-10-21 14:15;2026-10-10 03:00
124244035;33492;2026-10-21 15:00;2026-10-10 03:00
124244035;33492;2026-10-21 17:30;2026-10-10 03:00
124244035;33492;2026-10-22 07:00;2026-10-10 03:00
124244035;33492;2026-10-22 07:30;2026-10-10 03:00
124244035;33492;2026-10-22 08:15;2026-10-10 03:00
124244035;33492;2026-10-22 08:30;2026-10-10 03:00
124244035;33492;2026-10-22 09:00;2026-10-10 03:00
124244035;33492;2026-10-22 09:30;2026-10-10 03:00
124244035;33492;2026-10-22 09:45;2026-10-10 03:00
124244035;33492;2026-10-22 10:00;2026-10-10 03:00
124244035;33492;2026-10-22 10:15;2026-10-10 03:00
124244035;33492;2026-10-22 10:30;2026-10-10 03:00
124244035;33492;2026-10-22 11:30;2026-10-10 03:00
124244035;33492;2026-10-22 11:45;2026-10-10 03:00
124244035;33492;2026-10-23 14:15;2026-10-10 03:00
124244035;33492;2026-10-23 14:30;2026-10-10 03:00
124244035;33492;2026-10-23 14:45;2026-10-10 03:00
124244035;33492;2026-10-23 15:00;2026-10-10 03:00
124244035;33492;2026-10-23 15:15;2026-10-10 03:00
124244035;33492;2026-10-23 16:15;2026-10-10 03:00
124244035;33492;2026-10-23 17:00;2026-10-10 03:00
124244035;33492;2026-10-23 17:15;2026-10-10 03:00
124244035;33492;2026-10-23 17:30;2026-10-10 03:00
124244035;33492;2026-10-23 17:45;2026-10-10 03:00
124244035;33492;2026-10-23 18:00;2026-10-10 03:00
124244035;33492;2026-10-23 18:15;2026-10-10 03:00
124244035;33492;2026-10-23 18:30;2026-10-10 03:00
124244035;33492;2026-10-26 13:45;2026-10-10 03:00
124244035;33492;2026-10-26 14:00;2026-10-10 03:00
124244035;33492;2026-10-26 14:15;2026-10-10 03:00
124244035;33492;2026-10-26 14:30;2026-10-10 03:00
124244035;33492;2026-10-26 14:45;2026-10-10 03:00
124244035;33492;2026-10-26 15:00;2026-10-10 03:00
124244035;33492;2026-10-26 15:15;2026-10-10 03:00
124244035;33492;2026-10-26 15:30;2026-10-10 03:00
124244035;33492;2026-10-26 15:45;2026-10-10 03:00
124244035;33492;2026-10-26 16:00;2026-10-10 03:00
124244035;33492;2026-10-26 16:15;2026-10-10 03:00
124244035;33492;2026-10-26 17:00;2026-10-10 03:00
124244035;33492;2026-10-26 17:15;2026-10-10 03:00
124244035;33492;2026-10-26 17:30;2026-10-10 03:00
124244035;33492;2026-10-26 17:45;2026-10-10 03:00
124244035;33492;2026-10-26 18:00;2026-10-10 03:00
124244035;33492;2026-10-26 18:15;2026-10-10 03:00
124244035;33492;2026-10-26 18:30;2026-10-10 03:00
124244035;33492;2026-10-27 07:00;2026-10-10 03:00
124244035;33492;2026-10-27 07:15;2026-10-10 03:00
124244035;33492;2026-10-27 07:30;2026-10-10 03:00
124244035;33492;2026-10-27 07:45;2026-10-10 03:00
124244035;33492;2026-10-27 08:00;2026-10-10 03:00
124244035;33492;2026-10-27 08:15;2026-10-10 03:00
124244035;33492;2026-10-27 08:30;2026-10-10 03:00
124244035;33492;2026-10-27 08:45;2026-10-10 03:00
124244035;33492;2026-10-27 09:00;2026-10-10 03:00
124244035;33492;2026-10-27 09:15;2026-10-10 03:00
124244035;33492;2026-10-27 09:30;2026-10-10 03:00
124244035;33492;2026-10-27 09:45;2026-10-10 03:00
124244035;33492;2026-10-27 10:00;2026-10-10 03:00
124244035;33492;2026-10-27 10:15;2026-10-10 03:00
124244035;33492;2026-10-27 10:30;2026-10-10 03:00
124244035;33492;2026-10-27 10:45;2026-10-10 03:00
124244035;33492;2026-10-27 11:30;2026-10-10 03:00
124244035;33492;2026-10-27 11:45;2026-10-10 03:00
124244035;33492;2026-10-27 12:00;2026-10-10 03:00
124244035;33492;2026-10-28 13:30;2026-10-10 03:00
124244035;33492;2026-10-28 13:45;2026-10-10 03:00
124244035;33492;2026-10-28 14:00;2026-10-10 03:00
124244035;33492;2026-10-28 14:15;2026-10-10 03:00
124244035;33492;2026-10-28 14:30;2026-10-10 03:00
124244035;33492;2026-10-28 14:45;2026-10-10 03:00
124244035;33492;2026-10-28 15:00;2026-10-10 03:00
124244035;33492;2026-10-28 15:15;2026-10-10 03:00
124244035;33492;2026-10-28 15:30;2026-10-10 03:00
124244035;33492;2026-10-28 15:45;2026-10-10 03:00
124244035;33492;2026-10-28 16:00;2026-10-10 03:00
124244035;33492;2026-10-28 16:15;2026-10-10 03:00
124244035;33492;2026-10-28 17:00;2026-10-10 03:00
124244035;33492;2026-10-28 17:15;2026-10-10 03:00
124244035;33492;2026-10-28 17:30;2026-10-10 03:00
124244035;33492;2026-10-28 17:45;2026-10-10 03:00
124244035;33492;2026-10-28 18:00;2026-10-10 03:00
124244035;33492;2026-10-28 18:15;2026-10-10 03:00
124244035;33492;2026-10-28 18:30;2026-10-10 03:00
124244035;33492;2026-10-29 07:00;2026-10-10 03:00
124244035;33492;2026-10-29 07:15;2026-10-10 03:00
124244035;33492;2026-10-29 07:30;2026-10-10 03:00
124244035;33492;2026-10-29 07:45;2026-10-10 03:00
124244035;33492;2026-10-29 08:00;2026-10-10 03:00
124244035;33492;2026-10-29 08:15;2026-10-10 03:00
124244035;33492;2026-10-29 08:30;2026-10-10 03:00
124244035;33492;2026-10-29 08:45;2026-10-10 03:00
124244035;33492;2026-10-29 09:00;2026-10-10 03:00
124244035;33492;2026-10-29 09:15;2026-10-10 03:00
124244035;33492;2026-10-29 09:30;2026-10-10 03:00
124244035;33492;2026-10-29 09:45;2026-10-10 03:00
124244035;33492;2026-10-29 10:00;2026-10-10 03:00
124244035;33492;2026-10-29 10:30;2026-10-10 03:00
124244035;33492;2026-10-29 10:45;2026-10-10 03:00
124244035;33492;2026-10-29 11:30;2026-10-10 03:00
124244035;33492;2026-10-29 11:45;2026-10-10 03:00
124244035;33492;2026-10-29 12:00;2026-10-10 03:00
124244035;33492;2026-10-30 07:00;2026-10-10 03:00
124244035;33492;2026-10-30 07:15;2026-10-10 03:00
124244035;33492;2026-10-30 07:30;2026-10-10 03:00
124244035;33492;2026-10-30 07:45;2026-10-10 03:00
124244035;33492;2026-10-30 08:00;2026-10-10 03:00
124244035;33492;2026-10-30 08:15;2026-10-10 03:00
124244035;33492;2026-10-30 09:00;2026-10-10 03:00
124244035;33492;2026-10-30 09:15;2026-10-10 03:00
124244035;33492;2026-10-30 09:30;2026-10-10 03:00
124244035;33492;2026-10-30 09:45;2026-10-10 03:00
124244035;33492;2026-10-30 10:00;2026-10-10 03:00
124244035;33492;2026-10-30 10:15;2026-10-10 03:00
124244035;33492;2026-10-30 10:30;2026-10-10 03:00
124244035;33492;2026-10-30 10:45;2026-10-10 03:00
124244035;33492;2026-10-30 11:30;2026-10-10 03:00
124244035;33492;2026-10-30 11:45;2026-10-10 03:00
124244035;33492;2026-10-30 12:00;2026-10-10 03:00
124244035;33492;2026-11-03 07:00;2026-10-10 03:00
124244035;33492;2026-11-03 07:15;2026-10-10 03:00
124244035;33492;2026-11-03 07:30;2026-10-10 03:00
124244035;33492;2026-11-03 07:45;2026-10-10 03:00
124244035;33492;2026-11-03 08:00;2026-10-10 03:00
124244035;33492;2026-11-03 08:15;2026-10-10 03:00
124244035;33492;2026-11-03 08:30;2026-10-10 03:00
124244035;33492;2026-11-03 08:45;2026-10-10 03:00
124244035;33492;2026-11-03 09:00;2026-10-10 03:00
124244035;33492;2026-11-03 09:15;2026-10-10 03:00
124244035;33492;2026-11-03 09:30;2026-10-10 03:00
124244035;33492;2026-11-03 09:45;2026-10-10 03:00
124244035;33492;2026-11-03 10:00;2026-10-10 03:00
124244035;33492;2026-11-03 10:15;2026-10-10 03:00
124244035;33492;2026-11-03 10:30;2026-10-10 03:00
124244035;33492;2026-11-03 10:45;2026-10-10 03:00
124244035;33492;2026-11-03 11:30;2026-10-10 03:00
124244035;33492;2026-11-03 11:45;2026-10-10 03:00
124244035;33492;2026-11-03 12:00;2026-10-10 03:00
124244035;33492;2026-11-04 13:30;2026-10-10 03:00
124244035;33492;2026-11-04 13:45;2026-10-10 03:00
124244035;33492;2026-11-04 14:00;2026-10-10 03:00
124244035;33492;2026-11-04 14:15;2026-10-10 03:00
124244035;33492;2026-11-04 14:30;2026-10-10 03:00
124244035;33492;2026-11-04 14:45;2026-10-10 03:00
124244035;33492;2026-11-04 15:00;2026-10-10 03:00
124244035;33492;2026-11-04 15:15;2026-10-10 03:00
124244035;33492;2026-11-04 15:30;2026-10-10 03:00
124244035;33492;2026-11-04 15:45;2026-10-10 03:00
124244035;33492;2026-11-04 16:00;2026-10-10 03:00
124244035;33492;2026-11-04 16:15;2026-10-10 03:00
124244035;33492;2026-11-04 17:00;2026-10-10 03:00
124244035;33492;2026-11-04 17:15;2026-10-10 03:00
124244035;33492;2026-11-04 17:30;2026-10-10 03:00
124244035;33492;2026-11-04 17:45;2026-10-10 03:00
124244035;33492;2026-11-04 18:15;2026-10-10 03:00
124244035;33492;2026-11-04 18:30;2026-10-10 03:00
124244035;33492;2026-11-05 07:00;2026-10-10 03:00
124244035;33492;2026-11-05 07:15;2026-10-10 03:00
124244035;33492;2026-11-05 07:30;2026-10-10 03:00
124244035;33492;2026-11-05 07:45;2026-10-10 03:00
124244035;33492;2026-11-05 08:00;2026-10-10 03:00
124244035;33492;2026-11-05 08:15;2026-10-10 03:00
124244035;33492;2026-11-05 08:30;2026-10-10 03:00
124244035;33492;2026-11-05 08:45;2026-10-10 03:00
124244035;33492;2026-11-05 09:00;2026-10-10 03:00
124244035;33492;2026-11-05 09:15;2026-10-10 03:00
124244035;33492;2026-11-05 09:30;2026-10-10 03:00
124244035;33492;2026-11-05 09:45;2026-10-10 03:00
124244035;33492;2026-11-05 10:00;2026-10-10 03:00
124244035;33492;2026-11-05 10:15;2026-10-10 03:00
124244035;33492;2026-11-05 10:30;2026-10-10 03:00
124244035;33492;2026-11-05 10:45;2026-10-10 03:00
124244035;33492;2026-11-05 11:30;2026-10-10 03:00
124244035;33492;2026-11-05 11:45;2026-10-10 03:00
124244035;33492;2026-11-05 12:00;2026-10-10 03:00
124244035;33492;2026-11-06 07:00;2026-10-10 03:00
124244035;33492;2026-11-06 07:15;2026-10-10 03:00
124244035;33492;2026-11-06 07:30;2026-10-10 03:00
124244035;33492;2026-11-06 07:45;2026-10-10 03:00
124244035;33492;2026-11-06 08:00;2026-10-10 03:00
124244035;33492;2026-11-06 08:15;2026-10-10 03:00
124244035;33492;2026-11-06 09:00;2026-10-10 03:00
124244035;33492;2026-11-06 09:15;2026-10-10 03:00
124244035;33492;2026-11-06 09:30;2026-10-10 03:00
124244035;33492;2026-11-06 09:45;2026-10-10 03:00
124244035;33492;2026-11-06 10:00;2026-10-10 03:00
124244035;33492;2026-11-06 10:15;2026-10-10 03:00
124244035;33492;2026-11-06 10:30;2026-10-10 03:00
124244035;33492;2026-11-06 10:45;2026-10-10 03:00
124244035;33492;2026-11-06 11:30;2026-10-10 03:00
124244035;33492;2026-11-06 11:45;2026-10-10 03:00
124244035;33492;2026-11-06 12:00;2026-10-10 03:00
124244035;33492;2026-11-09 13:30;2026-10-10 03:00
124244035;33492;2026-11-09 13:45;2026-10-10 03:00
124244035;33492;2026-11-09 14:00;2026-10-10 03:00
124244035;33492;2026-11-09 14:15;2026-10-10 03:00
124244035;33492;2026-11-09 14:30;2026-10-10 03:00
124244035;33492;2026-11-09 14:45;2026-10-10 03:00
124244035;33492;2026-11-09 15:00;2026-10-10 03:00
124244035;33492;2026-11-09 15:15;2026-10-10 03:00
124244035;33492;2026-11-09 15:30;2026-10-10 03:00
124244035;33492;2026-11-09 15:45;2026-10-10 03:00
124244035;33492;2026-11-09 16:00;2026-10-10 03:00
124244035;33492;2026-11-09 16:15;2026-10-10 03:00
124244035;33492;2026-11-09 17:00;2026-10-10 03:00
124244035;33492;2026-11-09 17:15;2026-10-10 03:00
124244035;33492;2026-11-09 17:30;2026-10-10 03:00
124244035;33492;2026-11-09 17:45;2026-10-10 03:00
124244035;33492;2026-11-09 18:00;2026-10-10 03:00
124244035;33492;2026-11-09 18:15;2026-10-10 03:00
124244035;33492;2026-11-09 18:30;2026-10-10 03:00
124244035;33492;2026-11-10 07:00;2026-10-10 03:00
124244035;33492;2026-11-10 07:15;2026-10-10 03:00
124244035;33492;2026-11-10 07:30;2026-10-10 03:00
124244035;33492;2026-11-10 07:45;2026-10-10 03:00
124244035;33492;2026-11-10 08:00;2026-10-10 03:00
124244035;33492;2026-11-10 08:15;2026-10-10 03:00
124244035;33492;2026-11-10 08:30;2026-10-10 03:00
124244035;33492;2026-11-10 08:45;2026-10-10 03:00
124244035;33492;2026-11-10 09:00;2026-10-10 03:00
124244035;33492;2026-11-10 09:15;2026-10-10 03:00
124244035;33492;2026-11-10 09:30;2026-10-10 03:00
124244035;33492;2026-11-10 09:45;2026-10-10 03:00
124244035;33492;2026-11-10 10:00;2026-10-10 03:00
124244035;33492;2026-11-10 10:15;2026-10-10 03:00
124244035;33492;2026-11-10 10:30;2026-10-10 03:00
124244035;33492;2026-11-10 10:45;2026-10-10 03:00
124244035;33492;2026-11-10 11:30;2026-10-10 03:00
124244035;33492;2026-11-10 11:45;2026-10-10 03:00
124244035;33492;2026-11-10 12:00;2026-10-10 03:00
124244035;33225;2026-10-12 10:00;2026-10-10 03:00
124244035;33225;2026-10-14 07:00;2026-10-10 03:00
124244035;33225;2026-10-14 07:45;2026-10-10 03:00
124244035;33225;2026-10-14 08:45;2026-10-10 03:00
124244035;33225;2026-10-15 07:00;2026-10-10 03:00
124244035;33225;2026-10-15 07:15;2026-10-10 03:00
124244035;33225;2026-10-15 07:30;2026-10-10 03:00
124244035;33225;2026-10-15 07:45;2026-10-10 03:00
124244035;33225;2026-10-15 08:45;2026-10-10 03:00
124244035;33225;2026-10-15 09:00;2026-10-10 03:00
124244035;33225;2026-10-15 12:00;2026-10-10 03:00
124244035;33225;2026-10-15 12:35;2026-10-10 03:00
124244035;33225;2026-10-19 09:50;2026-10-10 03:00
124244035;33225;2026-10-19 09:55;2026-10-10 03:00
124244035;33225;2026-10-19 10:00;2026-10-10 03:00
124244035;33225;2026-10-19 10:15;2026-10-10 03:00
124244035;33225;2026-10-19 16:15;2026-10-10 03:00
124244035;33225;2026-10-19 16:45;2026-10-10 03:00
124244035;33225;2026-10-19 17:30;2026-10-10 03:00
124244035;33225;2026-10-19 17:45;2026-10-10 03:00
124244035;33225;2026-10-20 07:15;2026-10-10 03:00
124244035;33225;2026-10-20 07:30;2026-10-10 03:00
124244035;33225;2026-10-20 07:45;2026-10-10 03:00
124244035;33225;2026-10-20 08:45;2026-10-10 03:00
124244035;33225;2026-10-20 09:00;2026-10-10 03:00
124244035;33225;2026-10-20 09:15;2026-10-10 03:00
124244035;33225;2026-10-20 12:00;2026-10-10 03:00
124244035;33225;2026-10-20 12:35;2026-10-10 03:00
124244035;33225;2026-10-21 07:00;2026-10-10 03:00
124244035;33225;2026-10-21 07:30;2026-10-10 03:00
124244035;33225;2026-10-21 07:45;2026-10-10 03:00
124244035;33225;2026-10-21 12:00;2026-10-10 03:00
124244035;33225;2026-10-21 12:35;2026-10-10 03:00
124244035;33225;2026-10-22 07:00;2026-10-10 03:00
124244035;33225;2026-10-22 07:15;2026-10-10 03:00
124244035;33225;2026-10-22 07:30;2026-10-10 03:00
124244035;33225;2026-10-22 07:45;2026-10-10 03:00
124244035;33225;2026-10-22 08:45;2026-10-10 03:00
124244035;33225;2026-10-22 09:00;2026-10-10 03:00
124244035;33225;2026-10-22 09:15;2026-10-10 03:00
124244035;33225;2026-10-22 12:00;2026-10-10 03:00
124244035;33225;2026-10-22 12:35;2026-10-10 03:00
124244035;33225;2026-10-23 07:00;2026-10-10 03:00
124244035;33225;2026-10-23 07:15;2026-10-10 03:00
124244035;33225;2026-10-23 07:30;2026-10-10 03:00
124244035;33225;2026-10-23 07:45;2026-10-10 03:00
124244035;33225;2026-10-23 08:45;2026-10-10 03:00
124244035;33225;2026-10-23 09:00;2026-10-10 03:00
124244035;33225;2026-10-23 09:15;2026-10-10 03:00
124244035;33225;2026-10-23 12:00;2026-10-10 03:00
124244035;33225;2026-10-23 12:35;2026-10-10 03:00
124244035;33225;2026-10-26 09:50;2026-10-10 03:00
124244035;33225;2026-10-26 09:55;2026-10-10 03:00
124244035;33225;2026-10-26 10:00;2026-10-10 03:00
124244035;33225;2026-10-26 10:15;2026-10-10 03:00
124244035;33225;2026-10-26 16:15;2026-10-10 03:00
124244035;33225;2026-10-27 07:00;2026-10-10 03:00
124244035;33225;2026-10-27 07:15;2026-10-10 03:00
124244035;33225;2026-10-27 07:30;2026-10-10 03:00
124244035;33225;2026-10-27 07:45;2026-10-10 03:00
124244035;33225;2026-10-27 08:45;2026-10-10 03:00
124244035;33225;2026-10-27 09:15;2026-10-10 03:00
124244035;33225;2026-10-27 12:00;2026-10-10 03:00
124244035;33225;2026-10-27 12:35;2026-10-10 03:00
124244035;33225;2026-10-28 07:00;2026-10-10 03:00
124244035;33225;2026-10-28 07:15;2026-10-10 03:00
124244035;33225;2026-10-28 07:30;2026-10-10 03:00
124244035;33225;2026-10-28 07:45;2026-10-10 03:00
124244035;33225;2026-10-28 08:45;2026-10-10 03:00
124244035;33225;2026-10-28 09:00;2026-10-10 03:00
124244035;33225;2026-10-28 09:15;2026-10-10 03:00
124244035;33225;2026-10-28 12:00;2026-10-10 03:00
124244035;33225;2026-10-28 12:35;2026-10-10 03:00
124244035;33225;2026-10-29 07:00;2026-10-10 03:00
124244035;33225;2026-10-29 07:15;2026-10-10 03:00
124244035;33225;2026-10-29 07:30;2026-10-10 03:00
124244035;33225;2026-10-29 07:45;2026-10-10 03:00
124244035;33225;2026-10-29 08:45;2026-10-10 03:00
124244035;33225;2026-10-29 09:00;2026-10-10 03:00
124244035;33225;2026-10-29 09:15;2026-10-10 03:00
124244035;33225;2026-10-29 12:00;2026-10-10 03:00
124244035;33225;2026-10-29 12:35;2026-10-10 03:00
124244035;33225;2026-10-30 07:00;2026-10-10 03:00
124244035;33225;2026-10-30 07:15;2026-10-10 03:00
124244035;33225;2026-10-30 07:30;2026-10-10 03:00
124244035;33225;2026-10-30 07:45;2026-10-10 03:00
124244035;33225;2026-10-30 08:45;2026-10-10 03:00
124244035;33225;2026-10-30 09:15;2026-10-10 03:00
124244035;33225;2026-10-30 12:35;2026-10-10 03:00
124244035;33225;2026-11-03 07:00;2026-10-10 03:00
124244035;33225;2026-11-03 07:15;2026-10-10 03:00
124244035;33225;2026-11-03 07:30;2026-10-10 03:00
124244035;33225;2026-11-03 07:45;2026-10-10 03:00
124244035;33225;2026-11-03 08:45;2026-10-10 03:00
124244035;33225;2026-11-03 12:00;2026-10-10 03:00
124244035;33225;2026-11-03 12:35;2026-10-10 03:00
124244035;33225;2026-11-04 07:15;2026-10-10 03:00
124244035;33225;2026-11-04 07:30;2026-10-10 03:00
124244035;33225;2026-11-04 08:45;2026-10-10 03:00
124244035;33225;2026-11-04 09:00;2026-10-10 03:00
124244035;33225;2026-11-04 09:15;2026-10-10 03:00
124244035;33225;2026-11-04 12:00;2026-10-10 03:00
124244035;33225;2026-11-04 12:35;2026-10-10 03:00
124244035;33225;2026-11-05 07:00;2026-10-10 03:00
124244035;33225;2026-11-05 07:15;2026-10-10 03:00
124244035;33225;2026-11-05 07:30;2026-10-10 03:00
124244035;33225;2026-11-05 07:45;2026-10-10 03:00
124244035;33225;2026-11-05 08:45;2026-10-10 03:00
124244035;33225;2026-11-05 09:15;2026-10-10 03:00
124244035;33225;2026-11-05 12:00;2026-10-10 03:00
124244035;33225;2026-11-05 12:35;2026-10-10 03:00
124244035;33225;2026-11-06 07:00;2026-10-10 03:00
124244035;33225;2026-11-06 07:15;2026-10-10 03:00
124244035;33225;2026-11-06 07:30;2026-10-10 03:00
124244035;33225;2026-11-06 07:45;2026-10-10 03:00
124244035;33225;2026-11-06 08:45;2026-10-10 03:00
124244035;33225;2026-11-06 09:00;2026-10-10 03:00
124244035;33225;2026-11-06 09:15;2026-10-10 03:00
124244035;33225;2026-11-06 12:00;2026-10-10 03:00
124244035;33225;2026-11-06 12:35;2026-10-10 03:00
124244035;33225;2026-11-09 09:50;2026-10-10 03:00
124244035;33225;2026-11-09 09:55;2026-10-10 03:00
124244035;33225;2026-11-09 10:00;2026-10-10 03:00
124244035;33225;2026-11-09 10:15;2026-10-10 03:00
124244035;33225;2026-11-09 10:30;2026-10-10 03:00
124244035;33225;2026-11-09 16:15;2026-10-10 03:00
124244035;33225;2026-11-09 16:30;2026-10-10 03:00
124244035;33225;2026-11-09 16:45;2026-10-10 03:00
124244035;33225;2026-11-09 17:00;2026-10-10 03:00
124244035;33225;2026-11-09 17:15;2026-10-10 03:00
124244035;33225;2026-11-09 17:45;2026-10-10 03:00
124244035;33225;2026-11-10 07:00;2026-10-10 03:00
124244035;33225;2026-11-10 07:15;2026-10-10 03:00
124244035;33225;2026-11-10 07:30;2026-10-10 03:00
124244035;33225;2026-11-10 07:45;2026-10-10 03:00
124244035;33225;2026-11-10 08:45;2026-10-10 03:00
124244035;33225;2026-11-10 09:00;2026-10-10 03:00
124244035;33225;2026-11-10 12:00;2026-10-10 03:00
124244035;33225;2026-11-10 12:35;2026-10-10 03:00
124244035;33210;2026-10-12 08:30;2026-10-10 03:00
124244035;33210;2026-10-12 08:45;2026-10-10 03:00
124244035;33210;2026-10-12 09:00;2026-10-10 03:00
124244035;33210;2026-10-12 09:15;2026-10-10 03:00
124244035;33210;2026-10-13 14:15;2026-10-10 03:00
124244035;33210;2026-10-13 14:30;2026-10-10 03:00
124244035;33210;2026-10-13 16:15;2026-10-10 03:00
124244035;33210;2026-10-13 18:15;2026-10-10 03:00
124244035;33210;2026-10-13 18:30;2026-10-10 03:00
124244035;33210;2026-10-14 07:30;2026-10-10 03:00
124244035;33210;2026-10-14 07:45;2026-10-10 03:00
124244035;33210;2026-10-14 08:30;2026-10-10 03:00
124244035;33210;2026-10-14 08:45;2026-10-10 03:00
124244035;33210;2026-10-14 09:00;2026-10-10 03:00
124244035;33210;2026-10-14 09:15;2026-10-10 03:00
124244035;33210;2026-10-14 09:30;2026-10-10 03:00
124244035;33210;2026-10-14 10:15;2026-10-10 03:00
124244035;33210;2026-10-15 14:15;2026-10-10 03:00
124244035;33210;2026-10-15 14:30;2026-10-10 03:00
124244035;33210;2026-10-15 16:00;2026-10-10 03:00
124244035;33210;2026-10-16 07:00;2026-10-10 03:00
124244035;33210;2026-10-16 07:15;2026-10-10 03:00
124244035;33210;2026-10-16 07:30;2026-10-10 03:00
124244035;33210;2026-10-16 07:45;2026-10-10 03:00
124244035;33210;2026-10-16 08:00;2026-10-10 03:00
124244035;33210;2026-10-16 08:30;2026-10-10 03:00
124244035;33210;2026-10-16 09:30;2026-10-10 03:00
124244035;33210;2026-10-16 09:45;2026-10-10 03:00
124244035;33210;2026-10-16 10:00;2026-10-10 03:00
124244035;33210;2026-10-16 10:15;2026-10-10 03:00
124244035;33210;2026-10-16 11:45;2026-10-10 03:00
124244035;33210;2026-10-19 13:45;2026-10-10 03:00
124244035;33210;2026-10-19 14:00;2026-10-10 03:00
124244035;33210;2026-10-19 14:15;2026-10-10 03:00
124244035;33210;2026-10-19 16:00;2026-10-10 03:00
124244035;33210;2026-10-19 16:15;2026-10-10 03:00
124244035;33210;2026-10-19 16:30;2026-10-10 03:00
124244035;33210;2026-10-19 16:45;2026-10-10 03:00
124244035;33210;2026-10-19 18:30;2026-10-10 03:00
124244035;33210;2026-10-19 18:45;2026-10-10 03:00
124244035;33210;2026-10-20 07:00;2026-10-10 03:00
124244035;33210;2026-10-20 07:15;2026-10-10 03:00
124244035;33210;2026-10-20 07:30;2026-10-10 03:00
124244035;33210;2026-10-20 08:15;2026-10-10 03:00
124244035;33210;2026-10-20 08:30;2026-10-10 03:00
124244035;33210;2026-10-20 08:45;2026-10-10 03:00
124244035;33210;2026-10-20 09:30;2026-10-10 03:00
124244035;33210;2026-10-20 09:45;2026-10-10 03:00
124244035;33210;2026-10-20 10:00;2026-10-10 03:00
124244035;33210;2026-10-20 10:15;2026-10-10 03:00
124244035;33210;2026-10-20 12:15;2026-10-10 03:00
124244035;33210;2026-10-21 14:00;2026-10-10 03:00
124244035;33210;2026-10-21 14:15;2026-10-10 03:00
124244035;33210;2026-10-21 14:30;2026-10-10 03:00
124244035;33210;2026-10-21 14:45;2026-10-10 03:00
124244035;33210;2026-10-21 15:15;2026-10-10 03:00
124244035;33210;2026-10-21 16:00;2026-10-10 03:00
124244035;33210;2026-10-21 16:15;2026-10-10 03:00
124244035;33210;2026-10-21 17:30;2026-10-10 03:00
124244035;33210;2026-10-21 18:30;2026-10-10 03:00
124244035;33210;2026-10-21 18:45;2026-10-10 03:00
124244035;33210;2026-10-22 07:00;2026-10-10 03:00
124244035;33210;2026-10-22 07:15;2026-10-10 03:00
124244035;33210;2026-10-22 07:30;2026-10-10 03:00
124244035;33210;2026-10-22 07:45;2026-10-10 03:00
124244035;33210;2026-10-22 08:00;2026-10-10 03:00
124244035;33210;2026-10-22 08:15;2026-10-10 03:00
124244035;33210;2026-10-22 08:30;2026-10-10 03:00
124244035;33210;2026-10-22 08:45;2026-10-10 03:00
124244035;33210;2026-10-22 09:00;2026-10-10 03:00
124244035;33210;2026-10-22 09:15;2026-10-10 03:00
124244035;33210;2026-10-22 09:30;2026-10-10 03:00
124244035;33210;2026-10-22 09:45;2026-10-10 03:00
124244035;33210;2026-10-22 10:00;2026-10-10 03:00
124244035;33210;2026-10-22 10:15;2026-10-10 03:00
124244035;33210;2026-10-22 12:15;2026-10-10 03:00
124244035;33210;2026-10-23 13:30;2026-10-10 03:00
124244035;33210;2026-10-23 13:45;2026-10-10 03:00
124244035;33210;2026-10-23 14:00;2026-10-10 03:00
124244035;33210;2026-10-23 14:15;2026-10-10 03:00
124244035;33210;2026-10-23 14:30;2026-10-10 03:00
124244035;33210;2026-10-23 16:00;2026-10-10 03:00
124244035;33210;2026-10-23 16:15;2026-10-10 03:00
124244035;33210;2026-10-23 17:30;2026-10-10 03:00
124244035;33210;2026-10-23 17:45;2026-10-10 03:00
124244035;33210;2026-10-23 18:15;2026-10-10 03:00
124244035;33210;2026-10-23 18:30;2026-10-10 03:00
124244035;33210;2026-10-23 18:45;2026-10-10 03:00
124244035;33210;2026-10-26 07:00;2026-10-10 03:00
124244035;33210;2026-10-26 07:15;2026-10-10 03:00
124244035;33210;2026-10-26 07:30;2026-10-10 03:00
124244035;33210;2026-10-26 07:45;2026-10-10 03:00
124244035;33210;2026-10-26 08:00;2026-10-10 03:00
124244035;33210;2026-10-26 08:15;2026-10-10 03:00
124244035;33210;2026-10-26 08:30;2026-10-10 03:00
124244035;33210;2026-10-26 08:45;2026-10-10 03:00
124244035;33210;2026-10-26 09:15;2026-10-10 03:00
124244035;33210;2026-10-26 12:00;2026-10-10 03:00
124244035;33210;2026-10-26 12:15;2026-10-10 03:00
124244035;33210;2026-10-27 14:15;2026-10-10 03:00
124244035;33210;2026-10-27 14:30;2026-10-10 03:00
124244035;33210;2026-10-27 16:00;2026-10-10 03:00
124244035;33210;2026-10-27 16:15;2026-10-10 03:00
124244035;33210;2026-10-27 17:30;2026-10-10 03:00
124244035;33210;2026-10-27 17:45;2026-10-10 03:00
124244035;33210;2026-10-27 18:15;2026-10-10 03:00
124244035;33210;2026-10-27 18:30;2026-10-10 03:00
124244035;33210;2026-10-27 18:45;2026-10-10 03:00
124244035;33210;2026-10-28 07:00;2026-10-10 03:00
124244035;33210;2026-10-28 07:15;2026-10-10 03:00
124244035;33210;2026-10-28 07:30;2026-10-10 03:00
124244035;33210;2026-10-28 08:00;2026-10-10 03:00
124244035;33210;2026-10-28 08:15;2026-10-10 03:00
124244035;33210;2026-10-28 08:30;2026-10-10 03:00
124244035;33210;2026-10-28 09:00;2026-10-10 03:00
124244035;33210;2026-10-28 09:30;2026-10-10 03:00
124244035;33210;2026-10-28 09:45;2026-10-10 03:00
124244035;33210;2026-10-28 10:00;2026-10-10 03:00
124244035;33210;2026-10-28 10:15;2026-10-10 03:00
124244035;33210;2026-10-28 12:00;2026-10-10 03:00
124244035;33210;2026-10-28 12:15;2026-10-10 03:00
124244035;33210;2026-10-29 13:30;2026-10-10 03:00
124244035;33210;2026-10-29 13:45;2026-10-10 03:00
124244035;33210;2026-10-29 14:00;2026-10-10 03:00
124244035;33210;2026-10-29 14:15;2026-10-10 03:00
124244035;33210;2026-10-29 14:30;2026-10-10 03:00
124244035;33210;2026-10-29 14:45;2026-10-10 03:00
124244035;33210;2026-10-29 15:00;2026-10-10 03:00
124244035;33210;2026-10-29 15:15;2026-10-10 03:00
124244035;33210;2026-10-29 16:00;2026-10-10 03:00
124244035;33210;2026-10-29 16:15;2026-10-10 03:00
124244035;33210;2026-10-29 18:00;2026-10-10 03:00
124244035;33210;2026-10-29 18:15;2026-10-10 03:00
124244035;33210;2026-10-29 18:30;2026-10-10 03:00
124244035;33210;2026-10-29 18:45;2026-10-10 03:00
124244035;33210;2026-10-30 07:00;2026-10-10 03:00
124244035;33210;2026-10-30 07:15;2026-10-10 03:00
124244035;33210;2026-10-30 07:30;2026-10-10 03:00
124244035;33210;2026-10-30 07:45;2026-10-10 03:00
124244035;33210;2026-10-30 08:00;2026-10-10 03:00
124244035;33210;2026-10-30 08:15;2026-10-10 03:00
124244035;33210;2026-10-30 08:30;2026-10-10 03:00
124244035;33210;2026-10-30 08:45;2026-10-10 03:00
124244035;33210;2026-10-30 09:00;2026-10-10 03:00
124244035;33210;2026-10-30 09:15;2026-10-10 03:00
124244035;33210;2026-10-30 09:30;2026-10-10 03:00
124244035;33210;2026-10-30 09:45;2026-10-10 03:00
124244035;33210;2026-10-30 10:00;2026-10-10 03:00
124244035;33210;2026-10-30 10:15;2026-10-10 03:00
124244035;33210;2026-10-30 12:00;2026-10-10 03:00
124244035;33210;2026-11-09 13:45;2026-10-10 03:00
124244035;33210;2026-11-09 14:00;2026-10-10 03:00
124244035;33210;2026-11-09 14:15;2026-10-10 03:00
124244035;33210;2026-11-09 16:15;2026-10-10 03:00
124244035;33210;2026-11-09 16:30;2026-10-10 03:00
124244035;33210;2026-11-09 16:45;2026-10-10 03:00
124244035;33210;2026-11-09 18:45;2026-10-10 03:00
124244035;33210;2026-11-10 07:00;2026-10-10 03:00
124244035;33210;2026-11-10 07:15;2026-10-10 03:00
124244035;33210;2026-11-10 07:30;2026-10-10 03:00
124244035;33210;2026-11-10 07:45;2026-10-10 03:00
124244035;33210;2026-11-10 08:15;2026-10-10 03:00
124244035;33210;2026-11-10 08:30;2026-10-10 03:00
124244035;33210;2026-11-10 08:45;2026-10-10 03:00
124244035;33210;2026-11-10 09:30;2026-10-10 03:00
124244035;33210;2026-11-10 09:45;2026-10-10 03:00
124244035;33210;2026-11-10 10:00;2026-10-10 03:00
124244035;33210;2026-11-10 10:15;2026-10-10 03:00
124244035;33210;2026-11-10 12:15;2026-10-10 03:00
124244035;33203;2026-10-12 16:00;2026-10-10 03:00
124244035;33203;2026-10-12 16:15;2026-10-10 03:00
124244035;33203;2026-10-12 16:30;2026-10-10 03:00
124244035;33203;2026-10-12 16:45;2026-10-10 03:00
124244035;33203;2026-10-12 18:45;2026-10-10 03:00
124244035;33203;2026-10-13 09:00;2026-10-10 03:00
124244035;33203;2026-10-13 09:15;2026-10-10 03:00
124244035;33203;2026-10-13 09:30;2026-10-10 03:00
124244035;33203;2026-10-13 10:00;2026-10-10 03:00
124244035;33203;2026-10-13 10:15;2026-10-10 03:00
124244035;33203;2026-10-14 14:00;2026-10-10 03:00
124244035;33203;2026-10-14 14:15;2026-10-10 03:00
124244035;33203;2026-10-14 16:00;2026-10-10 03:00
124244035;33203;2026-10-14 16:15;2026-10-10 03:00
124244035;33203;2026-10-15 08:30;2026-10-10 03:00
124244035;33203;2026-10-15 08:45;2026-10-10 03:00
124244035;33203;2026-10-15 09:00;2026-10-10 03:00
124244035;33203;2026-10-15 09:30;2026-10-10 03:00
124244035;33203;2026-10-15 10:00;2026-10-10 03:00
124244035;33203;2026-10-15 10:15;2026-10-10 03:00
124244035;33203;2026-10-16 14:15;2026-10-10 03:00
124244035;33203;2026-10-19 08:30;2026-10-10 03:00
124244035;33203;2026-10-19 08:45;2026-10-10 03:00
124244035;33203;2026-10-19 09:00;2026-10-10 03:00
124244035;33203;2026-10-19 09:15;2026-10-10 03:00
124244035;33203;2026-10-20 13:30;2026-10-10 03:00
124244035;33203;2026-10-20 13:45;2026-10-10 03:00
124244035;33203;2026-10-20 14:00;2026-10-10 03:00
124244035;33203;2026-10-20 14:15;2026-10-10 03:00
124244035;33203;2026-10-20 16:00;2026-10-10 03:00
124244035;33203;2026-10-20 16:15;2026-10-10 03:00
124244035;33203;2026-10-21 08:45;2026-10-10 03:00
124244035;33203;2026-10-21 09:30;2026-10-10 03:00
124244035;33203;2026-10-21 09:45;2026-10-10 03:00
124244035;33203;2026-10-21 10:00;2026-10-10 03:00
124244035;33203;2026-10-21 10:15;2026-10-10 03:00
124244035;33203;2026-10-21 12:15;2026-10-10 03:00
124244035;33203;2026-10-22 14:15;2026-10-10 03:00
124244035;33203;2026-10-22 14:30;2026-10-10 03:00
124244035;33203;2026-10-22 15:00;2026-10-10 03:00
124244035;33203;2026-10-22 15:15;2026-10-10 03:00
124244035;33203;2026-10-22 16:00;2026-10-10 03:00
124244035;33203;2026-10-22 16:15;2026-10-10 03:00
124244035;33203;2026-10-22 17:00;2026-10-10 03:00
124244035;33203;2026-10-22 17:15;2026-10-10 03:00
124244035;33203;2026-10-22 18:15;2026-10-10 03:00
124244035;33203;2026-10-22 18:30;2026-10-10 03:00
124244035;33203;2026-10-22 18:45;2026-10-10 03:00
124244035;33203;2026-10-23 07:00;2026-10-10 03:00
124244035;33203;2026-10-23 07:15;2026-10-10 03:00
124244035;33203;2026-10-23 07:30;2026-10-10 03:00
124244035;33203;2026-10-23 07:45;2026-10-10 03:00
124244035;33203;2026-10-23 08:00;2026-10-10 03:00
124244035;33203;2026-10-23 08:15;2026-10-10 03:00
124244035;33203;2026-10-23 08:30;2026-10-10 03:00
124244035;33203;2026-10-23 08:45;2026-10-10 03:00
124244035;33203;2026-10-23 09:15;2026-10-10 03:00
124244035;33203;2026-10-23 09:30;2026-10-10 03:00
124244035;33203;2026-10-23 11:45;2026-10-10 03:00
124244035;33203;2026-10-26 16:00;2026-10-10 03:00
124244035;33203;2026-10-26 16:15;2026-10-10 03:00
124244035;33203;2026-10-26 16:30;2026-10-10 03:00
124244035;33203;2026-10-26 16:45;2026-10-10 03:00
124244035;33203;2026-10-26 18:30;2026-10-10 03:00
124244035;33203;2026-10-26 18:45;2026-10-10 03:00
124244035;33203;2026-10-27 07:00;2026-10-10 03:00
124244035;33203;2026-10-27 07:15;2026-10-10 03:00
124244035;33203;2026-10-27 07:30;2026-10-10 03:00
124244035;33203;2026-10-27 08:45;2026-10-10 03:00
124244035;33203;2026-10-27 09:30;2026-10-10 03:00
124244035;33203;2026-10-27 09:45;2026-10-10 03:00
124244035;33203;2026-10-27 10:00;2026-10-10 03:00
124244035;33203;2026-10-27 10:15;2026-10-10 03:00
124244035;33203;2026-10-27 11:30;2026-10-10 03:00
124244035;33203;2026-10-27 11:45;2026-10-10 03:00
124244035;33203;2026-10-27 12:00;2026-10-10 03:00
124244035;33203;2026-10-27 12:15;2026-10-10 03:00
124244035;33203;2026-10-28 13:30;2026-10-10 03:00
124244035;33203;2026-10-28 13:45;2026-10-10 03:00
124244035;33203;2026-10-28 14:15;2026-10-10 03:00
124244035;33203;2026-10-28 14:30;2026-10-10 03:00
124244035;33203;2026-10-28 16:00;2026-10-10 03:00
124244035;33203;2026-10-28 16:15;2026-10-10 03:00
124244035;33203;2026-10-28 17:00;2026-10-10 03:00
124244035;33203;2026-10-28 17:15;2026-10-10 03:00
124244035;33203;2026-10-28 18:45;2026-10-10 03:00
124244035;33203;2026-10-29 07:15;2026-10-10 03:00
124244035;33203;2026-10-29 07:45;2026-10-10 03:00
124244035;33203;2026-10-29 08:00;2026-10-10 03:00
124244035;33203;2026-10-29 08:15;2026-10-10 03:00
124244035;33203;2026-10-29 08:30;2026-10-10 03:00
124244035;33203;2026-10-29 09:30;2026-10-10 03:00
124244035;33203;2026-10-29 09:45;2026-10-10 03:00
124244035;33203;2026-10-29 10:00;2026-10-10 03:00
124244035;33203;2026-10-29 10:15;2026-10-10 03:00
124244035;33203;2026-10-29 11:45;2026-10-10 03:00
124244035;33203;2026-10-29 12:00;2026-10-10 03:00
124244035;33203;2026-10-29 12:15;2026-10-10 03:00
124244035;33172;2026-10-12 14:30;2026-10-10 03:00
124244035;33172;2026-10-12 16:00;2026-10-10 03:00
124244035;33172;2026-10-12 17:00;2026-10-10 03:00
124244035;33172;2026-10-13 10:30;2026-10-10 03:00
124244035;33172;2026-10-13 13:00;2026-10-10 03:00
124244035;33172;2026-10-14 14:30;2026-10-10 03:00
124244035;33172;2026-10-14 17:00;2026-10-10 03:00
124244035;33172;2026-10-16 14:30;2026-10-10 03:00
124244035;33172;2026-10-16 16:00;2026-10-10 03:00
124244035;33172;2026-10-16 17:00;2026-10-10 03:00
124244035;33172;2026-10-19 10:30;2026-10-10 03:00
124244035;33172;2026-10-19 12:00;2026-10-10 03:00
124244035;33172;2026-10-19 13:00;2026-10-10 03:00
124244035;33172;2026-10-20 14:30;2026-10-10 03:00
124244035;33172;2026-10-20 17:00;2026-10-10 03:00
124244035;33172;2026-10-21 10:30;2026-10-10 03:00
124244035;33172;2026-10-21 13:00;2026-10-10 03:00
124244035;33172;2026-10-23 09:30;2026-10-10 03:00
124244035;33172;2026-10-23 10:15;2026-10-10 03:00
124244035;33172;2026-10-23 10:30;2026-10-10 03:00
124244035;33172;2026-10-23 11:45;2026-10-10 03:00
124244035;33172;2026-10-23 12:00;2026-10-10 03:00
124244035;33172;2026-10-23 13:00;2026-10-10 03:00
124244035;33172;2026-10-23 13:30;2026-10-10 03:00
124244035;33172;2026-10-23 13:45;2026-10-10 03:00
124244035;33172;2026-10-26 12:30;2026-10-10 03:00
124244035;33172;2026-10-26 12:45;2026-10-10 03:00
124244035;33172;2026-10-26 13:15;2026-10-10 03:00
124244035;33172;2026-10-26 13:30;2026-10-10 03:00
124244035;33172;2026-10-26 13:45;2026-10-10 03:00
124244035;33172;2026-10-26 14:00;2026-10-10 03:00
124244035;33172;2026-10-26 14:15;2026-10-10 03:00
124244035;33172;2026-10-26 14:30;2026-10-10 03:00
124244035;33172;2026-10-26 15:45;2026-10-10 03:00
124244035;33172;2026-10-26 16:00;2026-10-10 03:00
124244035;33172;2026-10-26 16:15;2026-10-10 03:00
124244035;33172;2026-10-26 17:00;2026-10-10 03:00
124244035;33172;2026-10-26 17:45;2026-10-10 03:00
124244035;33172;2026-10-27 08:30;2026-10-10 03:00
124244035;33172;2026-10-27 08:45;2026-10-10 03:00
124244035;33172;2026-10-27 09:00;2026-10-10 03:00
124244035;33172;2026-10-27 09:15;2026-10-10 03:00
124244035;33172;2026-10-27 09:45;2026-10-10 03:00
124244035;33172;2026-10-27 10:15;2026-10-10 03:00
124244035;33172;2026-10-27 10:30;2026-10-10 03:00
124244035;33172;2026-10-27 10:45;2026-10-10 03:00
124244035;33172;2026-10-27 11:30;2026-10-10 03:00
124244035;33172;2026-10-27 11:45;2026-10-10 03:00
124244035;33172;2026-10-27 12:00;2026-10-10 03:00
124244035;33172;2026-10-27 12:15;2026-10-10 03:00
124244035;33172;2026-10-27 13:00;2026-10-10 03:00
124244035;33172;2026-10-27 13:15;2026-10-10 03:00
124244035;33172;2026-10-27 13:30;2026-10-10 03:00
124244035;33172;2026-10-27 13:45;2026-10-10 03:00
124244035;33172;2026-10-28 12:30;2026-10-10 03:00
124244035;33172;2026-10-28 12:45;2026-10-10 03:00
124244035;33172;2026-10-28 13:00;2026-10-10 03:00
124244035;33172;2026-10-28 13:15;2026-10-10 03:00
124244035;33172;2026-10-28 13:30;2026-10-10 03:00
124244035;33172;2026-10-28 13:45;2026-10-10 03:00
124244035;33172;2026-10-28 14:00;2026-10-10 03:00
124244035;33172;2026-10-28 14:15;2026-10-10 03:00
124244035;33172;2026-10-28 14:30;2026-10-10 03:00
124244035;33172;2026-10-28 14:45;2026-10-10 03:00
124244035;33172;2026-10-28 15:30;2026-10-10 03:00
124244035;33172;2026-10-28 15:45;2026-10-10 03:00
124244035;33172;2026-10-28 16:00;2026-10-10 03:00
124244035;33172;2026-10-28 16:15;2026-10-10 03:00
124244035;33172;2026-10-28 17:00;2026-10-10 03:00
124244035;33172;2026-10-28 17:15;2026-10-10 03:00
124244035;33172;2026-11-04 12:30;2026-10-10 03:00
124244035;33172;2026-11-04 12:45;2026-10-10 03:00
124244035;33172;2026-11-04 13:15;2026-10-10 03:00
124244035;33172;2026-11-04 13:30;2026-10-10 03:00
124244035;33172;2026-11-04 13:45;2026-10-10 03:00
124244035;33172;2026-11-04 14:00;2026-10-10 03:00
124244035;33172;2026-11-04 14:30;2026-10-10 03:00
124244035;33172;2026-11-04 14:45;2026-10-10 03:00
124244035;33172;2026-11-04 15:30;2026-10-10 03:00
124244035;33172;2026-11-04 15:45;2026-10-10 03:00
124244035;33172;2026-11-04 16:00;2026-10-10 03:00
124244035;33172;2026-11-04 16:15;2026-10-10 03:00
124244035;33172;2026-11-04 17:00;2026-10-10 03:00
124244035;33172;2026-11-04 17:15;2026-10-10 03:00
124244035;33172;2026-11-04 17:30;2026-10-10 03:00
124244035;33172;2026-11-04 17:45;2026-10-10 03:00
124244035;33172;2026-11-06 12:30;2026-10-10 03:00
124244035;33172;2026-11-06 12:45;2026-10-10 03:00
124244035;33172;2026-11-06 13:00;2026-10-10 03:00
124244035;33172;2026-11-06 13:15;2026-10-10 03:00
124244035;33172;2026-11-06 13:30;2026-10-10 03:00
124244035;33172;2026-11-06 13:45;2026-10-10 03:00
124244035;33172;2026-11-06 14:00;2026-10-10 03:00
124244035;33172;2026-11-06 14:15;2026-10-10 03:00
124244035;33172;2026-11-06 14:30;2026-10-10 03:00
124244035;33172;2026-11-06 15:30;2026-10-10 03:00
124244035;33172;2026-11-06 15:45;2026-10-10 03:00
124244035;33172;2026-11-06 16:00;2026-10-10 03:00
124244035;33172;2026-11-06 16:15;2026-10-10 03:00
124244035;33172;2026-11-06 17:00;2026-10-10 03:00
124244035;33172;2026-11-06 17:15;2026-10-10 03:00
124244035;33172;2026-11-06 17:30;2026-10-10 03:00
124244035;33172;2026-11-06 17:45;2026-10-10 03:00
124244035;33172;2026-11-09 08:30;2026-10-10 03:00
124244035;33172;2026-11-09 08:45;2026-10-10 03:00
124244035;33172;2026-11-09 09:00;2026-10-10 03:00
124244035;33172;2026-11-09 09:15;2026-10-10 03:00
124244035;33172;2026-11-09 09:30;2026-10-10 03:00
124244035;33172;2026-11-09 09:45;2026-10-10 03:00
124244035;33172;2026-11-09 10:00;2026-10-10 03:00
124244035;33172;2026-11-09 10:15;2026-10-10 03:00
124244035;33172;2026-11-09 10:30;2026-10-10 03:00
124244035;33172;2026-11-09 10:45;2026-10-10 03:00
124244035;33172;2026-11-09 11:30;2026-10-10 03:00
124244035;33172;2026-11-09 11:45;2026-10-10 03:00
124244035;33172;2026-11-09 12:00;2026-10-10 03:00
124244035;33172;2026-11-09 12:15;2026-10-10 03:00
124244035;33172;2026-11-09 13:00;2026-10-10 03:00
124244035;33172;2026-11-09 13:15;2026-10-10 03:00
124244035;33172;2026-11-09 13:30;2026-10-10 03:00
124244035;33172;2026-11-09 13:45;2026-10-10 03:00
124244035;33172;2026-11-10 12:30;2026-10-10 03:00
124244035;33172;2026-11-10 12:45;2026-10-10 03:00
124244035;33172;2026-11-10 13:00;2026-10-10 03:00
124244035;33172;2026-11-10 13:15;2026-10-10 03:00
124244035;33172;2026-11-10 13:30;2026-10-10 03:00
124244035;33172;2026-11-10 13:45;2026-10-10 03:00
124244035;33172;2026-11-10 14:00;2026-10-10 03:00
124244035;33172;2026-11-10 14:15;2026-10-10 03:00
124244035;33172;2026-11-10 14:30;2026-10-10 03:00
124244035;33172;2026-11-10 14:45;2026-10-10 03:00
124244035;33172;2026-11-10 15:30;2026-10-10 03:00
124244035;33172;2026-11-10 15:45;2026-10-10 03:00
124244035;33172;2026-11-10 16:00;2026-10-10 03:00
124244035;33172;2026-11-10 16:15;2026-10-10 03:00
124244035;33172;2026-11-10 17:00;2026-10-10 03:00
124244035;33172;2026-11-10 17:15;2026-10-10 03:00
124244035;33172;2026-11-10 17:45;2026-10-10 03:00
124244035;33161;2026-10-12 08:30;2026-10-10 03:00
124244035;33161;2026-10-12 08:45;2026-10-10 03:00
124244035;33161;2026-10-12 09:00;2026-10-10 03:00
124244035;33161;2026-10-12 09:15;2026-10-10 03:00
124244035;33161;2026-10-13 16:00;2026-10-10 03:00
124244035;33161;2026-10-13 16:15;2026-10-10 03:00
124244035;33161;2026-10-14 08:30;2026-10-10 03:00
124244035;33161;2026-10-14 08:50;2026-10-10 03:00
124244035;33161;2026-10-14 10:00;2026-10-10 03:00
124244035;33161;2026-10-14 10:15;2026-10-10 03:00
124244035;33161;2026-10-15 16:00;2026-10-10 03:00
124244035;33161;2026-10-15 16:15;2026-10-10 03:00
124244035;33161;2026-10-16 08:30;2026-10-10 03:00
124244035;33161;2026-10-16 09:30;2026-10-10 03:00
124244035;33161;2026-10-16 12:00;2026-10-10 03:00
124244035;33161;2026-10-19 16:00;2026-10-10 03:00
124244035;33161;2026-10-19 16:15;2026-10-10 03:00
124244035;33161;2026-10-19 16:30;2026-10-10 03:00
124244035;33161;2026-10-19 16:45;2026-10-10 03:00
124244035;33161;2026-10-20 08:30;2026-10-10 03:00
124244035;33161;2026-10-20 09:30;2026-10-10 03:00
124244035;33161;2026-10-20 10:15;2026-10-10 03:00
124244035;33161;2026-10-22 10:00;2026-10-10 03:00
124244035;33161;2026-10-22 10:15;2026-10-10 03:00
124244035;33161;2026-10-27 14:30;2026-10-10 03:00
124244035;33161;2026-10-27 16:00;2026-10-10 03:00
124244035;33161;2026-10-27 16:15;2026-10-10 03:00
124244035;33161;2026-10-28 08:30;2026-10-10 03:00
124244035;33161;2026-10-28 08:50;2026-10-10 03:00
124244035;33161;2026-10-28 09:30;2026-10-10 03:00
124244035;33161;2026-10-28 10:00;2026-10-10 03:00
124244035;33161;2026-10-28 10:15;2026-10-10 03:00
124244035;33161;2026-10-29 14:30;2026-10-10 03:00
124244035;33161;2026-10-29 16:00;2026-10-10 03:00
124244035;33161;2026-10-29 16:15;2026-10-10 03:00
124244035;33161;2026-10-29 18:45;2026-10-10 03:00
124244035;33161;2026-10-30 07:00;2026-10-10 03:00
124244035;33161;2026-10-30 08:30;2026-10-10 03:00
124244035;33161;2026-10-30 09:30;2026-10-10 03:00
124244035;33161;2026-10-30 09:45;2026-10-10 03:00
124244035;33161;2026-10-30 12:20;2026-10-10 03:00
124244035;33161;2026-11-10 07:00;2026-10-10 03:00
124244035;33161;2026-11-10 07:15;2026-10-10 03:00
124244035;33161;2026-11-10 07:30;2026-10-10 03:00
124244035;33161;2026-11-10 07:45;2026-10-10 03:00
124244035;33161;2026-11-10 08:00;2026-10-10 03:00
124244035;33161;2026-11-10 09:30;2026-10-10 03:00
124244035;33161;2026-11-10 09:45;2026-10-10 03:00
124244035;33161;2026-11-10 10:00;2026-10-10 03:00
124244035;33161;2026-11-10 10:15;2026-10-10 03:00
124244035;33161;2026-11-10 11:30;2026-10-10 03:00
124244035;33161;2026-11-10 12:20;2026-10-10 03:00
124244035;32757;2026-10-12 07:45;2026-10-10 03:00
124244035;32757;2026-10-13 17:05;2026-10-10 03:00
124244035;32757;2026-10-14 07:45;2026-10-10 03:00
124244035;32757;2026-10-15 17:05;2026-10-10 03:00
124244035;32757;2026-10-16 07:45;2026-10-10 03:00
124244035;32757;2026-10-20 07:45;2026-10-10 03:00
124244035;32757;2026-10-21 16:35;2026-10-10 03:00
124244035;32757;2026-10-21 16:50;2026-10-10 03:00
124244035;32757;2026-10-21 17:05;2026-10-10 03:00
124244035;32757;2026-10-22 07:15;2026-10-10 03:00
124244035;32757;2026-10-22 07:45;2026-10-10 03:00
124244035;32757;2026-10-26 07:15;2026-10-10 03:00
124244035;32757;2026-10-26 07:30;2026-10-10 03:00
124244035;32757;2026-10-26 07:45;2026-10-10 03:00
124244035;32757;2026-10-27 16:20;2026-10-10 03:00
124244035;32757;2026-10-27 17:05;2026-10-10 03:00
124244035;32757;2026-10-28 07:00;2026-10-10 03:00
124244035;32757;2026-10-28 07:15;2026-10-10 03:00
124244035;32757;2026-10-28 07:30;2026-10-10 03:00
124244035;32757;2026-10-28 07:45;2026-10-10 03:00
124244035;32757;2026-10-29 16:20;2026-10-10 03:00
124244035;32757;2026-10-29 16:35;2026-10-10 03:00
124244035;32757;2026-10-29 16:50;2026-10-10 03:00
124244035;32757;2026-10-29 17:05;2026-10-10 03:00
124244035;32757;2026-10-30 07:15;2026-10-10 03:00
124244035;32757;2026-10-30 07:30;2026-10-10 03:00
124244035;32757;2026-10-30 07:45;2026-10-10 03:00
124244035;32757;2026-10-30 08:20;2026-10-10 03:00
124244035;32757;2026-11-03 16:20;2026-10-10 03:00
124244035;32757;2026-11-03 16:35;2026-10-10 03:00
124244035;32757;2026-11-03 16:50;2026-10-10 03:00
124244035;32757;2026-11-03 17:05;2026-10-10 03:00
124244035;32757;2026-11-03 17:40;2026-10-10 03:00
124244035;32757;2026-11-04 07:00;2026-10-10 03:00
124244035;32757;2026-11-04 07:15;2026-10-10 03:00
124244035;32757;2026-11-04 07:30;2026-10-10 03:00
124244035;32757;2026-11-04 07:45;2026-10-10 03:00
124244035;32757;2026-11-04 08:20;2026-10-10 03:00
124244035;32757;2026-11-05 16:35;2026-10-10 03:00
124244035;32757;2026-11-05 16:50;2026-10-10 03:00
124244035;32757;2026-11-05 17:05;2026-10-10 03:00
124244035;32757;2026-11-05 17:40;2026-10-10 03:00
124244035;32757;2026-11-06 07:00;2026-10-10 03:00
124244035;32757;2026-11-06 07:15;2026-10-10 03:00
124244035;32757;2026-11-06 07:45;2026-10-10 03:00
124244035;32757;2026-11-06 08:20;2026-10-10 03:00
124244035;32757;2026-11-09 16:20;2026-10-10 03:00
124244035;32757;2026-11-09 16:35;2026-10-10 03:00
124244035;32757;2026-11-09 16:50;2026-10-10 03:00
124244035;32757;2026-11-09 17:05;2026-10-10 03:00
124244035;32757;2026-11-09 17:40;2026-10-10 03:00
124244035;32757;2026-11-10 07:00;2026-10-10 03:00
124244035;32757;2026-11-10 07:15;2026-10-10 03:00
124244035;32757;2026-11-10 07:30;2026-10-10 03:00
124244035;32757;2026-11-10 07:45;2026-10-10 03:00
124244035;32757;2026-11-10 08:20;2026-10-10 03:00
124244035;31886;2026-10-12 09:00;2026-10-10 03:00
124244035;31886;2026-10-13 07:45;2026-10-10 03:00
124244035;31886;2026-10-13 09:00;2026-10-10 03:00
124244035;31886;2026-10-14 07:00;2026-10-10 03:00
124244035;31886;2026-10-14 07:15;2026-10-10 03:00
124244035;31886;2026-10-14 07:30;2026-10-10 03:00
124244035;31886;2026-10-14 07:45;2026-10-10 03:00
124244035;31886;2026-10-14 09:00;2026-10-10 03:00
124244035;31886;2026-10-15 07:00;2026-10-10 03:00
124244035;31886;2026-10-15 07:15;2026-10-10 03:00
124244035;31886;2026-10-15 07:30;2026-10-10 03:00
124244035;31886;2026-10-15 09:00;2026-10-10 03:00
124244035;31886;2026-10-16 07:00;2026-10-10 03:00
124244035;31886;2026-10-16 07:15;2026-10-10 03:00
124244035;31886;2026-10-16 08:30;2026-10-10 03:00
124244035;31886;2026-10-16 09:00;2026-10-10 03:00
124244035;31886;2026-10-20 07:15;2026-10-10 03:00
124244035;31886;2026-10-20 07:30;2026-10-10 03:00
124244035;31886;2026-10-20 07:45;2026-10-10 03:00
124244035;31886;2026-10-20 08:15;2026-10-10 03:00
124244035;31886;2026-10-20 08:30;2026-10-10 03:00
124244035;31886;2026-10-20 08:45;2026-10-10 03:00
124244035;31886;2026-10-20 09:00;2026-10-10 03:00
124244035;31886;2026-10-20 15:15;2026-10-10 03:00
124244035;31886;2026-10-20 15:30;2026-10-10 03:00
124244035;31886;2026-10-21 07:00;2026-10-10 03:00
124244035;31886;2026-10-21 07:15;2026-10-10 03:00
124244035;31886;2026-10-21 07:30;2026-10-10 03:00
124244035;31886;2026-10-21 07:45;2026-10-10 03:00
124244035;31886;2026-10-21 08:00;2026-10-10 03:00
124244035;31886;2026-10-21 08:15;2026-10-10 03:00
124244035;31886;2026-10-21 08:30;2026-10-10 03:00
124244035;31886;2026-10-21 09:00;2026-10-10 03:00
124244035;31886;2026-10-22 07:00;2026-10-10 03:00
124244035;31886;2026-10-22 07:15;2026-10-10 03:00
124244035;31886;2026-10-22 07:30;2026-10-10 03:00
124244035;31886;2026-10-22 07:45;2026-10-10 03:00
124244035;31886;2026-10-22 08:00;2026-10-10 03:00
124244035;31886;2026-10-22 09:00;2026-10-10 03:00
124244035;31886;2026-10-23 07:00;2026-10-10 03:00
124244035;31886;2026-10-23 07:15;2026-10-10 03:00
124244035;31886;2026-10-23 07:30;2026-10-10 03:00
124244035;31886;2026-10-23 07:45;2026-10-10 03:00
124244035;31886;2026-10-23 08:00;2026-10-10 03:00
124244035;31886;2026-10-23 08:15;2026-10-10 03:00
124244035;31886;2026-10-23 08:30;2026-10-10 03:00
124244035;31886;2026-10-23 09:00;2026-10-10 03:00
124244035;31886;2026-10-26 07:00;2026-10-10 03:00
124244035;31886;2026-10-26 07:15;2026-10-10 03:00
124244035;31886;2026-10-26 07:30;2026-10-10 03:00
124244035;31886;2026-10-26 07:45;2026-10-10 03:00
124244035;31886;2026-10-26 08:00;2026-10-10 03:00
124244035;31886;2026-10-26 08:15;2026-10-10 03:00
124244035;31886;2026-10-26 08:30;2026-10-10 03:00
124244035;31886;2026-10-26 09:00;2026-10-10 03:00
124244035;31886;2026-10-26 15:30;2026-10-10 03:00
124244035;31886;2026-10-27 07:00;2026-10-10 03:00
124244035;31886;2026-10-27 07:15;2026-10-10 03:00
124244035;31886;2026-10-27 07:30;2026-10-10 03:00
124244035;31886;2026-10-27 07:45;2026-10-10 03:00
124244035;31886;2026-10-27 08:00;2026-10-10 03:00
124244035;31886;2026-10-27 08:15;2026-10-10 03:00
124244035;31886;2026-10-27 08:30;2026-10-10 03:00
124244035;31886;2026-10-27 08:45;2026-10-10 03:00
124244035;31886;2026-10-27 09:00;2026-10-10 03:00
124244035;31886;2026-10-28 07:00;2026-10-10 03:00
124244035;31886;2026-10-28 07:15;2026-10-10 03:00
124244035;31886;2026-10-28 07:30;2026-10-10 03:00
124244035;31886;2026-10-28 07:45;2026-10-10 03:00
124244035;31886;2026-10-28 08:00;2026-10-10 03:00
124244035;31886;2026-10-28 08:15;2026-10-10 03:00
124244035;31886;2026-10-28 08:30;2026-10-10 03:00
124244035;31886;2026-10-28 09:00;2026-10-10 03:00
124244035;31886;2026-10-28 15:30;2026-10-10 03:00
124244035;31886;2026-10-29 07:00;2026-10-10 03:00
124244035;31886;2026-10-29 07:15;2026-10-10 03:00
124244035;31886;2026-10-29 07:30;2026-10-10 03:00
124244035;31886;2026-10-29 07:45;2026-10-10 03:00
124244035;31886;2026-10-29 08:00;2026-10-10 03:00
124244035;31886;2026-10-29 08:15;2026-10-10 03:00
124244035;31886;2026-10-29 08:30;2026-10-10 03:00
124244035;31886;2026-10-29 09:00;2026-10-10 03:00
124244035;31886;2026-10-30 07:15;2026-10-10 03:00
124244035;31886;2026-10-30 07:30;2026-10-10 03:00
124244035;31886;2026-10-30 07:45;2026-10-10 03:00
124244035;31886;2026-10-30 08:00;2026-10-10 03:00
124244035;31886;2026-10-30 08:15;2026-10-10 03:00
124244035;31886;2026-10-30 08:30;2026-10-10 03:00
124244035;31886;2026-10-30 08:45;2026-10-10 03:00
124244035;31886;2026-10-30 09:00;2026-10-10 03:00
124244035;31559;2026-10-12 09:00;2026-10-10 03:00
124244035;31559;2026-10-12 10:30;2026-10-10 03:00
124244035;31559;2026-10-12 11:30;2026-10-10 03:00
124244035;31559;2026-10-12 11:45;2026-10-10 03:00
124244035;31559;2026-10-13 14:15;2026-10-10 03:00
124244035;31559;2026-10-13 15:00;2026-10-10 03:00
124244035;31559;2026-10-13 17:30;2026-10-10 03:00
124244035;31559;2026-10-14 09:00;2026-10-10 03:00
124244035;31559;2026-10-14 10:30;2026-10-10 03:00
124244035;31559;2026-10-14 11:30;2026-10-10 03:00
124244035;31559;2026-10-15 14:15;2026-10-10 03:00
124244035;31559;2026-10-15 15:00;2026-10-10 03:00
124244035;31559;2026-10-15 17:30;2026-10-10 03:00
124244035;31559;2026-10-16 07:15;2026-10-10 03:00
124244035;31559;2026-10-16 09:00;2026-10-10 03:00
124244035;31559;2026-10-16 10:30;2026-10-10 03:00
124244035;31559;2026-10-16 11:30;2026-10-10 03:00
124244035;31559;2026-10-19 14:00;2026-10-10 03:00
124244035;31559;2026-10-19 14:15;2026-10-10 03:00
124244035;31559;2026-10-19 14:45;2026-10-10 03:00
124244035;31559;2026-10-19 15:00;2026-10-10 03:00
124244035;31559;2026-10-19 16:00;2026-10-10 03:00
124244035;31559;2026-10-19 16:15;2026-10-10 03:00
124244035;31559;2026-10-19 17:00;2026-10-10 03:00
124244035;31559;2026-10-19 17:15;2026-10-10 03:00
124244035;31559;2026-10-19 17:30;2026-10-10 03:00
124244035;31559;2026-10-20 07:00;2026-10-10 03:00
124244035;31559;2026-10-20 07:15;2026-10-10 03:00
124244035;31559;2026-10-20 07:30;2026-10-10 03:00
124244035;31559;2026-10-20 08:15;2026-10-10 03:00
124244035;31559;2026-10-20 08:30;2026-10-10 03:00
124244035;31559;2026-10-20 08:45;2026-10-10 03:00
124244035;31559;2026-10-20 09:00;2026-10-10 03:00
124244035;31559;2026-10-20 09:45;2026-10-10 03:00
124244035;31559;2026-10-20 10:30;2026-10-10 03:00
124244035;31559;2026-10-20 11:30;2026-10-10 03:00
124244035;31559;2026-10-20 12:00;2026-10-10 03:00
124244035;31559;2026-10-21 13:45;2026-10-10 03:00
124244035;31559;2026-10-21 14:00;2026-10-10 03:00
124244035;31559;2026-10-21 14:15;2026-10-10 03:00
124244035;31559;2026-10-21 14:30;2026-10-10 03:00
124244035;31559;2026-10-21 14:45;2026-10-10 03:00
124244035;31559;2026-10-21 15:00;2026-10-10 03:00
124244035;31559;2026-10-21 15:30;2026-10-10 03:00
124244035;31559;2026-10-21 15:45;2026-10-10 03:00
124244035;31559;2026-10-21 16:00;2026-10-10 03:00
124244035;31559;2026-10-21 16:15;2026-10-10 03:00
124244035;31559;2026-10-21 17:15;2026-10-10 03:00
124244035;31559;2026-10-21 17:30;2026-10-10 03:00
124244035;31559;2026-10-21 17:45;2026-10-10 03:00
124244035;31559;2026-10-21 18:00;2026-10-10 03:00
124244035;31559;2026-10-22 07:15;2026-10-10 03:00
124244035;31559;2026-10-22 07:30;2026-10-10 03:00
124244035;31559;2026-10-22 07:45;2026-10-10 03:00
124244035;31559;2026-10-22 09:00;2026-10-10 03:00
124244035;31559;2026-10-22 09:15;2026-10-10 03:00
124244035;31559;2026-10-22 09:45;2026-10-10 03:00
124244035;31559;2026-10-22 10:15;2026-10-10 03:00
124244035;31559;2026-10-22 10:30;2026-10-10 03:00
124244035;31559;2026-10-22 10:45;2026-10-10 03:00
124244035;31559;2026-10-22 11:30;2026-10-10 03:00
124244035;31559;2026-10-22 11:45;2026-10-10 03:00
124244035;31559;2026-10-23 14:15;2026-10-10 03:00
124244035;31559;2026-10-23 14:30;2026-10-10 03:00
124244035;31559;2026-10-23 15:00;2026-10-10 03:00
124244035;31559;2026-10-23 15:15;2026-10-10 03:00
124244035;31559;2026-10-23 15:45;2026-10-10 03:00
124244035;31559;2026-10-23 16:15;2026-10-10 03:00
124244035;31559;2026-10-23 17:15;2026-10-10 03:00
124244035;31559;2026-10-23 17:30;2026-10-10 03:00
124244035;31559;2026-10-23 17:45;2026-10-10 03:00
124244035;31559;2026-11-10 07:00;2026-10-10 03:00
124244035;31559;2026-11-10 07:15;2026-10-10 03:00
124244035;31559;2026-11-10 08:00;2026-10-10 03:00
124244035;31559;2026-11-10 08:30;2026-10-10 03:00
124244035;31559;2026-11-10 09:00;2026-10-10 03:00
124244035;31559;2026-11-10 10:30;2026-10-10 03:00
124244035;31559;2026-11-10 10:45;2026-10-10 03:00
124244035;31559;2026-11-10 11:30;2026-10-10 03:00
124244035;31559;2026-11-10 11:45;2026-10-10 03:00
124244035;31553;2026-10-12 11:30;2026-10-10 03:00
124244035;31553;2026-10-13 15:00;2026-10-10 03:00
124244035;31553;2026-10-13 17:30;2026-10-10 03:00
124244035;31553;2026-10-14 09:00;2026-10-10 03:00
124244035;31553;2026-10-14 10:45;2026-10-10 03:00
124244035;31553;2026-10-14 11:30;2026-10-10 03:00
124244035;31553;2026-10-15 14:15;2026-10-10 03:00
124244035;31553;2026-10-15 15:00;2026-10-10 03:00
124244035;31553;2026-10-15 17:30;2026-10-10 03:00
124244035;31553;2026-10-16 10:45;2026-10-10 03:00
124244035;31553;2026-10-16 11:30;2026-10-10 03:00
124244035;31553;2026-10-19 14:15;2026-10-10 03:00
124244035;31553;2026-10-19 15:00;2026-10-10 03:00
124244035;31553;2026-10-19 16:45;2026-10-10 03:00
124244035;31553;2026-10-19 17:15;2026-10-10 03:00
124244035;31553;2026-10-19 17:30;2026-10-10 03:00
124244035;31553;2026-10-20 09:00;2026-10-10 03:00
124244035;31553;2026-10-20 10:30;2026-10-10 03:00
124244035;31553;2026-10-20 10:45;2026-10-10 03:00
124244035;31553;2026-10-20 11:30;2026-10-10 03:00
124244035;31553;2026-10-21 14:15;2026-10-10 03:00
124244035;31553;2026-10-21 15:00;2026-10-10 03:00
124244035;31553;2026-10-21 15:45;2026-10-10 03:00
124244035;31553;2026-10-21 16:30;2026-10-10 03:00
124244035;31553;2026-10-21 17:15;2026-10-10 03:00
124244035;31553;2026-10-21 17:30;2026-10-10 03:00
124244035;31553;2026-10-22 07:15;2026-10-10 03:00
124244035;31553;2026-10-22 07:45;2026-10-10 03:00
124244035;31553;2026-10-22 08:45;2026-10-10 03:00
124244035;31553;2026-10-22 09:00;2026-10-10 03:00
124244035;31553;2026-10-22 09:15;2026-10-10 03:00
124244035;31553;2026-10-22 09:30;2026-10-10 03:00
124244035;31553;2026-10-22 09:45;2026-10-10 03:00
124244035;31553;2026-10-22 10:30;2026-10-10 03:00
124244035;31553;2026-10-22 10:45;2026-10-10 03:00
124244035;31553;2026-10-22 11:30;2026-10-10 03:00
124244035;31553;2026-10-23 14:15;2026-10-10 03:00
124244035;31553;2026-10-23 15:00;2026-10-10 03:00
124244035;31553;2026-10-23 16:45;2026-10-10 03:00
124244035;31553;2026-10-23 17:30;2026-10-10 03:00
124244035;31553;2026-10-23 18:00;2026-10-10 03:00
124244035;31553;2026-10-26 07:45;2026-10-10 03:00
124244035;31553;2026-10-26 08:00;2026-10-10 03:00
124244035;31553;2026-10-26 08:30;2026-10-10 03:00
124244035;31553;2026-10-26 08:45;2026-10-10 03:00
124244035;31553;2026-10-26 09:00;2026-10-10 03:00
124244035;31553;2026-10-26 09:30;2026-10-10 03:00
124244035;31553;2026-10-26 09:45;2026-10-10 03:00
124244035;31553;2026-10-26 10:45;2026-10-10 03:00
124244035;31553;2026-10-26 11:15;2026-10-10 03:00
124244035;31553;2026-10-26 11:30;2026-10-10 03:00
124244035;31553;2026-10-26 12:00;2026-10-10 03:00
124244035;31553;2026-10-27 13:30;2026-10-10 03:00
124244035;31553;2026-10-27 13:45;2026-10-10 03:00
124244035;31553;2026-10-27 14:15;2026-10-10 03:00
124244035;31553;2026-10-27 14:30;2026-10-10 03:00
124244035;31553;2026-10-27 15:00;2026-10-10 03:00
124244035;31553;2026-10-27 15:15;2026-10-10 03:00
124244035;31553;2026-10-27 15:30;2026-10-10 03:00
124244035;31553;2026-10-27 15:45;2026-10-10 03:00
124244035;31553;2026-10-27 16:30;2026-10-10 03:00
124244035;31553;2026-10-27 16:45;2026-10-10 03:00
124244035;31553;2026-10-27 17:00;2026-10-10 03:00
124244035;31553;2026-10-27 17:15;2026-10-10 03:00
124244035;31553;2026-10-27 17:30;2026-10-10 03:00
124244035;31553;2026-10-27 18:00;2026-10-10 03:00
124244035;31553;2026-10-27 18:30;2026-10-10 03:00
124244035;31553;2026-10-28 07:00;2026-10-10 03:00
124244035;31553;2026-10-28 07:15;2026-10-10 03:00
124244035;31553;2026-10-28 07:45;2026-10-10 03:00
124244035;31553;2026-10-28 08:00;2026-10-10 03:00
124244035;31553;2026-10-28 08:30;2026-10-10 03:00
124244035;31553;2026-10-28 08:45;2026-10-10 03:00
124244035;31553;2026-10-28 09:00;2026-10-10 03:00
124244035;31553;2026-10-28 09:30;2026-10-10 03:00
124244035;31553;2026-10-28 09:45;2026-10-10 03:00
124244035;31553;2026-10-28 10:30;2026-10-10 03:00
124244035;31553;2026-10-28 10:45;2026-10-10 03:00
124244035;31553;2026-10-28 11:15;2026-10-10 03:00
124244035;31553;2026-10-28 11:30;2026-10-10 03:00
124244035;31553;2026-10-28 11:45;2026-10-10 03:00
124244035;31553;2026-10-29 13:30;2026-10-10 03:00
124244035;31553;2026-10-29 13:45;2026-10-10 03:00
124244035;31553;2026-10-29 14:00;2026-10-10 03:00
124244035;31553;2026-10-29 14:15;2026-10-10 03:00
124244035;31553;2026-10-29 14:45;2026-10-10 03:00
124244035;31553;2026-10-29 15:00;2026-10-10 03:00
124244035;31553;2026-10-29 15:30;2026-10-10 03:00
124244035;31553;2026-10-29 15:45;2026-10-10 03:00
124244035;31553;2026-10-29 16:30;2026-10-10 03:00
124244035;31553;2026-10-29 16:45;2026-10-10 03:00
124244035;31553;2026-10-29 17:00;2026-10-10 03:00
124244035;31553;2026-10-29 17:15;2026-10-10 03:00
124244035;31553;2026-10-29 17:30;2026-10-10 03:00
124244035;31553;2026-10-30 07:00;2026-10-10 03:00
124244035;31553;2026-10-30 07:15;2026-10-10 03:00
124244035;31553;2026-10-30 07:45;2026-10-10 03:00
124244035;31553;2026-10-30 08:00;2026-10-10 03:00
124244035;31553;2026-10-30 08:30;2026-10-10 03:00
124244035;31553;2026-10-30 08:45;2026-10-10 03:00
124244035;31553;2026-10-30 09:00;2026-10-10 03:00
124244035;31553;2026-10-30 09:30;2026-10-10 03:00
124244035;31553;2026-10-30 09:45;2026-10-10 03:00
124244035;31553;2026-10-30 10:30;2026-10-10 03:00
124244035;31553;2026-10-30 10:45;2026-10-10 03:00
124244035;31553;2026-10-30 11:30;2026-10-10 03:00
124244035;31553;2026-11-03 13:30;2026-10-10 03:00
124244035;31553;2026-11-03 13:45;2026-10-10 03:00
124244035;31553;2026-11-03 14:00;2026-10-10 03:00
124244035;31553;2026-11-03 14:15;2026-10-10 03:00
124244035;31553;2026-11-03 14:30;2026-10-10 03:00
124244035;31553;2026-11-03 14:45;2026-10-10 03:00
124244035;31553;2026-11-03 15:00;2026-10-10 03:00
124244035;31553;2026-11-03 15:15;2026-10-10 03:00
124244035;31553;2026-11-03 15:30;2026-10-10 03:00
124244035;31553;2026-11-03 15:45;2026-10-10 03:00
124244035;31553;2026-11-03 16:30;2026-10-10 03:00
124244035;31553;2026-11-03 16:45;2026-10-10 03:00
124244035;31553;2026-11-03 17:00;2026-10-10 03:00
124244035;31553;2026-11-03 17:15;2026-10-10 03:00
124244035;31553;2026-11-03 17:30;2026-10-10 03:00
124244035;31553;2026-11-03 17:45;2026-10-10 03:00
124244035;31553;2026-11-03 18:00;2026-10-10 03:00
124244035;31553;2026-11-03 18:30;2026-10-10 03:00
124244035;31553;2026-11-04 07:15;2026-10-10 03:00
124244035;31553;2026-11-04 07:45;2026-10-10 03:00
124244035;31553;2026-11-04 08:00;2026-10-10 03:00
124244035;31553;2026-11-04 08:30;2026-10-10 03:00
124244035;31553;2026-11-04 08:45;2026-10-10 03:00
124244035;31553;2026-11-04 09:00;2026-10-10 03:00
124244035;31553;2026-11-04 09:30;2026-10-10 03:00
124244035;31553;2026-11-04 09:45;2026-10-10 03:00
124244035;31553;2026-11-04 10:30;2026-10-10 03:00
124244035;31553;2026-11-04 10:45;2026-10-10 03:00
124244035;31553;2026-11-04 11:00;2026-10-10 03:00
124244035;31553;2026-11-04 11:15;2026-10-10 03:00
124244035;31553;2026-11-04 11:30;2026-10-10 03:00
124244035;31553;2026-11-04 11:45;2026-10-10 03:00
124244035;31553;2026-11-04 12:00;2026-10-10 03:00
124244035;31553;2026-11-05 13:45;2026-10-10 03:00
124244035;31553;2026-11-05 14:00;2026-10-10 03:00
124244035;31553;2026-11-05 14:15;2026-10-10 03:00
124244035;31553;2026-11-05 14:30;2026-10-10 03:00
124244035;31553;2026-11-05 14:45;2026-10-10 03:00
124244035;31553;2026-11-05 15:00;2026-10-10 03:00
124244035;31553;2026-11-05 15:15;2026-10-10 03:00
124244035;31553;2026-11-05 15:30;2026-10-10 03:00
124244035;31553;2026-11-05 15:45;2026-10-10 03:00
124244035;31553;2026-11-05 16:30;2026-10-10 03:00
124244035;31553;2026-11-05 16:45;2026-10-10 03:00
124244035;31553;2026-11-05 17:00;2026-10-10 03:00
124244035;31553;2026-11-05 17:15;2026-10-10 03:00
124244035;31553;2026-11-05 17:30;2026-10-10 03:00
124244035;31553;2026-11-05 17:45;2026-10-10 03:00
124244035;31553;2026-11-05 18:00;2026-10-10 03:00
124244035;31553;2026-11-05 18:30;2026-10-10 03:00
124244035;31553;2026-11-06 07:00;2026-10-10 03:00
124244035;31553;2026-11-06 07:15;2026-10-10 03:00
124244035;31553;2026-11-06 07:45;2026-10-10 03:00
124244035;31553;2026-11-06 08:00;2026-10-10 03:00
124244035;31553;2026-11-06 08:15;2026-10-10 03:00
124244035;31553;2026-11-06 08:30;2026-10-10 03:00
124244035;31553;2026-11-06 08:45;2026-10-10 03:00
124244035;31553;2026-11-06 09:00;2026-10-10 03:00
124244035;31553;2026-11-06 09:15;2026-10-10 03:00
124244035;31553;2026-11-06 09:30;2026-10-10 03:00
124244035;31553;2026-11-06 09:45;2026-10-10 03:00
124244035;31553;2026-11-06 10:30;2026-10-10 03:00
124244035;31553;2026-11-06 10:45;2026-10-10 03:00
124244035;31553;2026-11-06 11:00;2026-10-10 03:00
124244035;31553;2026-11-06 11:15;2026-10-10 03:00
124244035;31553;2026-11-06 11:30;2026-10-10 03:00
124244035;31553;2026-11-09 13:30;2026-10-10 03:00
124244035;31553;2026-11-09 13:45;2026-10-10 03:00
124244035;31553;2026-11-09 14:00;2026-10-10 03:00
124244035;31553;2026-11-09 14:15;2026-10-10 03:00
124244035;31553;2026-11-09 14:30;2026-10-10 03:00
124244035;31553;2026-11-09 14:45;2026-10-10 03:00
124244035;31553;2026-11-09 15:00;2026-10-10 03:00
124244035;31553;2026-11-09 15:15;2026-10-10 03:00
124244035;31553;2026-11-09 15:30;2026-10-10 03:00
124244035;31553;2026-11-09 15:45;2026-10-10 03:00
124244035;31553;2026-11-09 16:30;2026-10-10 03:00
124244035;31553;2026-11-09 16:45;2026-10-10 03:00
124244035;31553;2026-11-09 17:00;2026-10-10 03:00
124244035;31553;2026-11-09 17:15;2026-10-10 03:00
124244035;31553;2026-11-09 17:30;2026-10-10 03:00
124244035;31553;2026-11-09 17:45;2026-10-10 03:00
124244035;31553;2026-11-09 18:00;2026-10-10 03:00
124244035;31553;2026-11-09 18:30;2026-10-10 03:00
124244035;31553;2026-11-10 07:00;2026-10-10 03:00
124244035;31553;2026-11-10 07:15;2026-10-10 03:00
124244035;31553;2026-11-10 07:45;2026-10-10 03:00
124244035;31553;2026-11-10 08:00;2026-10-10 03:00
124244035;31553;2026-11-10 08:15;2026-10-10 03:00
124244035;31553;2026-11-10 08:30;2026-10-10 03:00
124244035;31553;2026-11-10 08:45;2026-10-10 03:00
124244035;31553;2026-11-10 09:00;2026-10-10 03:00
124244035;31553;2026-11-10 09:15;2026-10-10 03:00
124244035;31553;2026-11-10 09:30;2026-10-10 03:00
124244035;31553;2026-11-10 09:45;2026-10-10 03:00
124244035;31553;2026-11-10 10:30;2026-10-10 03:00
124244035;31553;2026-11-10 10:45;2026-10-10 03:00
124244035;31553;2026-11-10 11:00;2026-10-10 03:00
124244035;31553;2026-11-10 11:15;2026-10-10 03:00
124244035;31553;2026-11-10 11:30;2026-10-10 03:00
124244035;31553;2026-11-10 11:45;2026-10-10 03:00
124244035;31553;2026-11-10 12:00;2026-10-10 03:00
124244035;30814;2026-10-12 16:30;2026-10-10 03:00
124244035;30814;2026-10-12 16:45;2026-10-10 03:00
124244035;30814;2026-10-13 08:45;2026-10-10 03:00
124244035;30814;2026-10-14 13:30;2026-10-10 03:00
124244035;30814;2026-10-14 16:00;2026-10-10 03:00
124244035;30814;2026-10-14 16:15;2026-10-10 03:00
124244035;30814;2026-10-15 09:30;2026-10-10 03:00
124244035;30814;2026-10-15 10:15;2026-10-10 03:00
124244035;30814;2026-10-16 13:30;2026-10-10 03:00
124244035;30814;2026-10-19 08:45;2026-10-10 03:00
124244035;30814;2026-10-19 09:00;2026-10-10 03:00
124244035;30814;2026-10-19 09:15;2026-10-10 03:00
124244035;30814;2026-10-20 13:30;2026-10-10 03:00
124244035;30814;2026-10-20 16:00;2026-10-10 03:00
124244035;30814;2026-10-20 16:15;2026-10-10 03:00
124244035;30814;2026-10-21 09:30;2026-10-10 03:00
124244035;30814;2026-10-21 10:00;2026-10-10 03:00
124244035;30814;2026-10-21 10:15;2026-10-10 03:00
124244035;30814;2026-10-22 13:30;2026-10-10 03:00
124244035;30814;2026-10-22 16:00;2026-10-10 03:00
124244035;30814;2026-10-22 16:15;2026-10-10 03:00
124244035;30814;2026-10-23 08:30;2026-10-10 03:00
124244035;30814;2026-10-23 08:45;2026-10-10 03:00
124244035;30814;2026-10-23 09:15;2026-10-10 03:00
124244035;30814;2026-10-23 09:30;2026-10-10 03:00
124244035;30814;2026-10-26 16:00;2026-10-10 03:00
124244035;30814;2026-10-26 16:15;2026-10-10 03:00
124244035;30814;2026-10-26 16:30;2026-10-10 03:00
124244035;30814;2026-10-26 16:45;2026-10-10 03:00
124244035;30814;2026-10-27 08:45;2026-10-10 03:00
124244035;30814;2026-10-27 09:30;2026-10-10 03:00
124244035;30814;2026-10-27 10:15;2026-10-10 03:00
124244035;30814;2026-10-28 13:30;2026-10-10 03:00
124244035;30814;2026-10-28 14:15;2026-10-10 03:00
124244035;30814;2026-10-28 16:00;2026-10-10 03:00
124244035;30814;2026-10-28 16:15;2026-10-10 03:00
124244035;30814;2026-11-09 08:30;2026-10-10 03:00
124244035;30814;2026-11-09 08:45;2026-10-10 03:00
124244035;30814;2026-11-09 09:00;2026-10-10 03:00
124244035;30814;2026-11-09 13:00;2026-10-10 03:00
124244035;30814;2026-11-09 13:15;2026-10-10 03:00
124244035;30814;2026-11-10 13:30;2026-10-10 03:00
124244035;30814;2026-11-10 13:45;2026-10-10 03:00
124244035;30814;2026-11-10 16:00;2026-10-10 03:00
124244035;30814;2026-11-10 16:15;2026-10-10 03:00
124244035;30814;2026-11-10 19:45;2026-10-10 03:00
124244035;30758;2026-10-12 08:30;2026-10-10 03:00
124244035;30758;2026-10-12 08:45;2026-10-10 03:00
124244035;30758;2026-10-12 09:00;2026-10-10 03:00
124244035;30758;2026-10-13 16:00;2026-10-10 03:00
124244035;30758;2026-10-13 16:15;2026-10-10 03:00
124244035;30758;2026-10-14 08:30;2026-10-10 03:00
124244035;30758;2026-10-14 08:50;2026-10-10 03:00
124244035;30758;2026-10-14 09:10;2026-10-10 03:00
124244035;30758;2026-10-14 09:30;2026-10-10 03:00
124244035;30758;2026-10-14 10:00;2026-10-10 03:00
124244035;30758;2026-10-14 10:15;2026-10-10 03:00
124244035;30758;2026-10-16 09:30;2026-10-10 03:00
124244035;30758;2026-10-19 16:00;2026-10-10 03:00
124244035;30758;2026-10-19 16:15;2026-10-10 03:00
124244035;30758;2026-10-19 16:30;2026-10-10 03:00
124244035;30758;2026-10-19 16:45;2026-10-10 03:00
124244035;30758;2026-10-20 08:30;2026-10-10 03:00
124244035;30758;2026-10-20 08:50;2026-10-10 03:00
124244035;30758;2026-10-20 09:10;2026-10-10 03:00
124244035;30758;2026-10-20 09:30;2026-10-10 03:00
124244035;30758;2026-10-20 10:00;2026-10-10 03:00
124244035;30758;2026-10-20 10:15;2026-10-10 03:00
124244035;30758;2026-10-20 12:00;2026-10-10 03:00
124244035;30758;2026-10-21 13:50;2026-10-10 03:00
124244035;30758;2026-10-21 14:10;2026-10-10 03:00
124244035;30758;2026-10-21 14:30;2026-10-10 03:00
124244035;30758;2026-10-21 16:00;2026-10-10 03:00
124244035;30758;2026-10-21 16:15;2026-10-10 03:00
124244035;30758;2026-10-21 18:00;2026-10-10 03:00
124244035;30758;2026-10-21 18:15;2026-10-10 03:00
124244035;30758;2026-10-21 18:45;2026-10-10 03:00
124244035;30758;2026-10-22 07:00;2026-10-10 03:00
124244035;30758;2026-10-22 07:30;2026-10-10 03:00
124244035;30758;2026-10-22 07:45;2026-10-10 03:00
124244035;30758;2026-10-22 08:00;2026-10-10 03:00
124244035;30758;2026-10-22 09:30;2026-10-10 03:00
124244035;30758;2026-10-22 09:45;2026-10-10 03:00
124244035;30758;2026-10-22 10:00;2026-10-10 03:00
124244035;30758;2026-10-22 10:15;2026-10-10 03:00
124244035;30758;2026-10-22 12:20;2026-10-10 03:00
124244035;30758;2026-10-26 07:15;2026-10-10 03:00
124244035;30758;2026-10-26 07:30;2026-10-10 03:00
124244035;30758;2026-10-26 07:45;2026-10-10 03:00
124244035;30758;2026-10-26 08:00;2026-10-10 03:00
124244035;30758;2026-10-26 08:45;2026-10-10 03:00
124244035;30758;2026-10-26 09:00;2026-10-10 03:00
124244035;30758;2026-10-26 09:15;2026-10-10 03:00
124244035;30758;2026-10-26 12:00;2026-10-10 03:00
124244035;30758;2026-10-26 12:15;2026-10-10 03:00
124244035;30758;2026-10-27 13:50;2026-10-10 03:00
124244035;30758;2026-10-27 14:10;2026-10-10 03:00
124244035;30758;2026-10-27 14:30;2026-10-10 03:00
124244035;30758;2026-10-27 14:45;2026-10-10 03:00
124244035;30758;2026-10-27 15:00;2026-10-10 03:00
124244035;30758;2026-10-27 16:00;2026-10-10 03:00
124244035;30758;2026-10-27 16:15;2026-10-10 03:00
124244035;30758;2026-10-27 18:45;2026-10-10 03:00
124244035;30758;2026-10-28 07:15;2026-10-10 03:00
124244035;30758;2026-10-28 07:30;2026-10-10 03:00
124244035;30758;2026-10-28 07:45;2026-10-10 03:00
124244035;30758;2026-10-28 08:00;2026-10-10 03:00
124244035;30758;2026-10-28 08:30;2026-10-10 03:00
124244035;30758;2026-10-28 08:50;2026-10-10 03:00
124244035;30758;2026-10-28 09:10;2026-10-10 03:00
124244035;30758;2026-10-28 09:30;2026-10-10 03:00
124244035;30758;2026-10-28 09:45;2026-10-10 03:00
124244035;30758;2026-10-28 10:00;2026-10-10 03:00
124244035;30758;2026-10-28 10:15;2026-10-10 03:00
124244035;30758;2026-10-28 12:00;2026-10-10 03:00
124244035;30758;2026-10-28 12:20;2026-10-10 03:00
124244035;30758;2026-10-29 14:10;2026-10-10 03:00
124244035;30758;2026-10-29 14:30;2026-10-10 03:00
124244035;30758;2026-10-29 14:45;2026-10-10 03:00
124244035;30758;2026-10-29 15:00;2026-10-10 03:00
124244035;30758;2026-10-29 16:00;2026-10-10 03:00
124244035;30758;2026-10-29 16:15;2026-10-10 03:00
124244035;30758;2026-10-29 17:30;2026-10-10 03:00
124244035;30758;2026-10-29 18:00;2026-10-10 03:00
124244035;30758;2026-10-30 07:00;2026-10-10 03:00
124244035;30758;2026-10-30 07:15;2026-10-10 03:00
124244035;30758;2026-10-30 07:30;2026-10-10 03:00
124244035;30758;2026-10-30 07:45;2026-10-10 03:00
124244035;30758;2026-10-30 08:00;2026-10-10 03:00
124244035;30758;2026-10-30 09:30;2026-10-10 03:00
124244035;30758;2026-10-30 09:45;2026-10-10 03:00
124244035;30758;2026-10-30 12:20;2026-10-10 03:00
124244035;30758;2026-11-09 16:00;2026-10-10 03:00
124244035;30758;2026-11-09 16:15;2026-10-10 03:00
124244035;30758;2026-11-09 16:30;2026-10-10 03:00
124244035;30758;2026-11-09 16:45;2026-10-10 03:00
124244035;30758;2026-11-09 18:30;2026-10-10 03:00
124244035;30758;2026-11-09 18:45;2026-10-10 03:00
124244035;30758;2026-11-10 07:00;2026-10-10 03:00
124244035;30758;2026-11-10 07:15;2026-10-10 03:00
124244035;30758;2026-11-10 07:30;2026-10-10 03:00
124244035;30758;2026-11-10 07:45;2026-10-10 03:00
124244035;30758;2026-11-10 09:30;2026-10-10 03:00
124244035;30758;2026-11-10 09:45;2026-10-10 03:00
124244035;30758;2026-11-10 10:00;2026-10-10 03:00
124244035;30758;2026-11-10 10:15;2026-10-10 03:00
124244035;30758;2026-11-10 12:20;2026-10-10 03:00
124244035;30089;2026-10-12 08:30;2026-10-10 03:00
124244035;30089;2026-10-12 08:45;2026-10-10 03:00
124244035;30089;2026-10-12 09:15;2026-10-10 03:00
124244035;30089;2026-10-13 16:15;2026-10-10 03:00
124244035;30089;2026-10-14 08:30;2026-10-10 03:00
124244035;30089;2026-10-14 08:45;2026-10-10 03:00
124244035;30089;2026-10-14 09:15;2026-10-10 03:00
124244035;30089;2026-10-14 10:00;2026-10-10 03:00
124244035;30089;2026-10-14 10:15;2026-10-10 03:00
124244035;30089;2026-10-15 13:30;2026-10-10 03:00
124244035;30089;2026-10-15 16:00;2026-10-10 03:00
124244035;30089;2026-10-15 16:15;2026-10-10 03:00
124244035;30089;2026-10-16 08:30;2026-10-10 03:00
124244035;30089;2026-10-16 08:45;2026-10-10 03:00
124244035;30089;2026-10-16 09:30;2026-10-10 03:00
124244035;30089;2026-10-19 16:00;2026-10-10 03:00
124244035;30089;2026-10-19 16:15;2026-10-10 03:00
124244035;30089;2026-10-19 16:30;2026-10-10 03:00
124244035;30089;2026-10-19 16:45;2026-10-10 03:00
124244035;30089;2026-10-19 19:30;2026-10-10 03:00
124244035;30089;2026-10-19 19:45;2026-10-10 03:00
124244035;30089;2026-10-20 08:30;2026-10-10 03:00
124244035;30089;2026-10-20 08:45;2026-10-10 03:00
124244035;30089;2026-10-20 09:00;2026-10-10 03:00
124244035;30089;2026-10-20 09:15;2026-10-10 03:00
124244035;30089;2026-10-20 09:30;2026-10-10 03:00
124244035;30089;2026-10-20 09:45;2026-10-10 03:00
124244035;30089;2026-10-20 10:00;2026-10-10 03:00
124244035;30089;2026-10-20 10:15;2026-10-10 03:00
124244035;30089;2026-10-20 13:15;2026-10-10 03:00
124244035;30089;2026-10-21 13:30;2026-10-10 03:00
124244035;30089;2026-10-21 13:45;2026-10-10 03:00
124244035;30089;2026-10-21 14:00;2026-10-10 03:00
124244035;30089;2026-10-21 14:15;2026-10-10 03:00
124244035;30089;2026-10-21 14:30;2026-10-10 03:00
124244035;30089;2026-10-21 16:00;2026-10-10 03:00
124244035;30089;2026-10-21 16:15;2026-10-10 03:00
124244035;30089;2026-10-21 19:45;2026-10-10 03:00
124244035;30089;2026-10-22 08:30;2026-10-10 03:00
124244035;30089;2026-10-22 08:45;2026-10-10 03:00
124244035;30089;2026-10-22 09:00;2026-10-10 03:00
124244035;30089;2026-10-22 09:15;2026-10-10 03:00
124244035;30089;2026-10-22 09:30;2026-10-10 03:00
124244035;30089;2026-10-22 09:45;2026-10-10 03:00
124244035;30089;2026-10-22 10:00;2026-10-10 03:00
124244035;30089;2026-10-22 10:15;2026-10-10 03:00
124244035;30089;2026-10-22 13:15;2026-10-10 03:00
124244035;30089;2026-10-23 13:30;2026-10-10 03:00
124244035;30089;2026-10-23 13:45;2026-10-10 03:00
124244035;30089;2026-10-23 19:45;2026-10-10 03:00
124244035;30089;2026-10-26 07:00;2026-10-10 03:00
124244035;30089;2026-10-26 08:30;2026-10-10 03:00
124244035;30089;2026-10-26 08:45;2026-10-10 03:00
124244035;30089;2026-10-26 09:00;2026-10-10 03:00
124244035;30089;2026-10-26 09:15;2026-10-10 03:00
124244035;30089;2026-10-26 13:00;2026-10-10 03:00
124244035;30089;2026-10-26 13:15;2026-10-10 03:00
124244035;30089;2026-10-27 13:30;2026-10-10 03:00
124244035;30089;2026-10-27 13:45;2026-10-10 03:00
124244035;30089;2026-10-27 15:15;2026-10-10 03:00
124244035;30089;2026-10-27 16:00;2026-10-10 03:00
124244035;30089;2026-10-27 16:15;2026-10-10 03:00
124244035;30089;2026-10-27 17:15;2026-10-10 03:00
124244035;30089;2026-10-27 19:45;2026-10-10 03:00
124244035;30089;2026-10-28 07:00;2026-10-10 03:00
124244035;30089;2026-10-28 07:15;2026-10-10 03:00
124244035;30089;2026-10-28 07:30;2026-10-10 03:00
124244035;30089;2026-10-28 07:45;2026-10-10 03:00
124244035;30089;2026-10-28 08:00;2026-10-10 03:00
124244035;30089;2026-10-28 08:30;2026-10-10 03:00
124244035;30089;2026-10-28 08:45;2026-10-10 03:00
124244035;30089;2026-10-28 09:00;2026-10-10 03:00
124244035;30089;2026-10-28 09:15;2026-10-10 03:00
124244035;30089;2026-10-28 09:30;2026-10-10 03:00
124244035;30089;2026-10-28 09:45;2026-10-10 03:00
124244035;30089;2026-10-28 10:00;2026-10-10 03:00
124244035;30089;2026-10-28 10:15;2026-10-10 03:00
124244035;30089;2026-10-28 13:15;2026-10-10 03:00
124244035;30089;2026-10-29 13:30;2026-10-10 03:00
124244035;30089;2026-10-29 13:45;2026-10-10 03:00
124244035;30089;2026-10-29 14:45;2026-10-10 03:00
124244035;30089;2026-10-29 15:15;2026-10-10 03:00
124244035;30089;2026-10-29 16:00;2026-10-10 03:00
124244035;30089;2026-10-29 16:15;2026-10-10 03:00
124244035;30089;2026-10-29 18:15;2026-10-10 03:00
124244035;30089;2026-10-29 18:30;2026-10-10 03:00
124244035;30089;2026-10-29 19:45;2026-10-10 03:00
124244035;30089;2026-10-30 07:00;2026-10-10 03:00
124244035;30089;2026-10-30 07:15;2026-10-10 03:00
124244035;30089;2026-10-30 07:30;2026-10-10 03:00
124244035;30089;2026-10-30 07:45;2026-10-10 03:00
124244035;30089;2026-10-30 08:30;2026-10-10 03:00
124244035;30089;2026-10-30 08:45;2026-10-10 03:00
124244035;30089;2026-10-30 09:00;2026-10-10 03:00
124244035;30089;2026-10-30 09:30;2026-10-10 03:00
124244035;30089;2026-10-30 09:45;2026-10-10 03:00
124244035;30089;2026-10-30 12:00;2026-10-10 03:00
124244035;30089;2026-10-30 13:15;2026-10-10 03:00
124244035;30089;2026-11-03 13:30;2026-10-10 03:00
124244035;30089;2026-11-03 13:45;2026-10-10 03:00
124244035;30089;2026-11-03 14:15;2026-10-10 03:00
124244035;30089;2026-11-03 14:30;2026-10-10 03:00
124244035;30089;2026-11-03 14:45;2026-10-10 03:00
124244035;30089;2026-11-03 15:00;2026-10-10 03:00
124244035;30089;2026-11-03 15:15;2026-10-10 03:00
124244035;30089;2026-11-03 16:00;2026-10-10 03:00
124244035;30089;2026-11-03 16:15;2026-10-10 03:00
124244035;30089;2026-11-03 17:00;2026-10-10 03:00
124244035;30089;2026-11-03 17:15;2026-10-10 03:00
124244035;30089;2026-11-03 17:30;2026-10-10 03:00
124244035;30089;2026-11-03 17:45;2026-10-10 03:00
124244035;30089;2026-11-03 18:00;2026-10-10 03:00
124244035;30089;2026-11-03 19:45;2026-10-10 03:00
124244035;30089;2026-11-04 07:15;2026-10-10 03:00
124244035;30089;2026-11-04 07:30;2026-10-10 03:00
124244035;30089;2026-11-04 07:45;2026-10-10 03:00
124244035;30089;2026-11-04 08:00;2026-10-10 03:00
124244035;30089;2026-11-04 08:15;2026-10-10 03:00
124244035;30089;2026-11-04 09:30;2026-10-10 03:00
124244035;30089;2026-11-04 09:45;2026-10-10 03:00
124244035;30089;2026-11-04 10:00;2026-10-10 03:00
124244035;30089;2026-11-04 10:15;2026-10-10 03:00
124244035;30089;2026-11-04 11:45;2026-10-10 03:00
124244035;30089;2026-11-04 12:00;2026-10-10 03:00
124244035;30089;2026-11-04 13:15;2026-10-10 03:00
124244035;30089;2026-11-05 13:30;2026-10-10 03:00
124244035;30089;2026-11-05 13:45;2026-10-10 03:00
124244035;30089;2026-11-05 14:30;2026-10-10 03:00
124244035;30089;2026-11-05 14:45;2026-10-10 03:00
124244035;30089;2026-11-05 15:00;2026-10-10 03:00
124244035;30089;2026-11-05 15:15;2026-10-10 03:00
124244035;30089;2026-11-05 16:00;2026-10-10 03:00
124244035;30089;2026-11-05 16:15;2026-10-10 03:00
124244035;30089;2026-11-05 17:00;2026-10-10 03:00
124244035;30089;2026-11-05 17:15;2026-10-10 03:00
124244035;30089;2026-11-05 17:30;2026-10-10 03:00
124244035;30089;2026-11-05 17:45;2026-10-10 03:00
124244035;30089;2026-11-05 18:15;2026-10-10 03:00
124244035;30089;2026-11-05 18:30;2026-10-10 03:00
124244035;30089;2026-11-05 19:45;2026-10-10 03:00
124244035;30089;2026-11-06 07:00;2026-10-10 03:00
124244035;30089;2026-11-06 07:15;2026-10-10 03:00
124244035;30089;2026-11-06 07:30;2026-10-10 03:00
124244035;30089;2026-11-06 07:45;2026-10-10 03:00
124244035;30089;2026-11-06 08:00;2026-10-10 03:00
124244035;30089;2026-11-06 08:15;2026-10-10 03:00
124244035;30089;2026-11-06 09:30;2026-10-10 03:00
124244035;30089;2026-11-06 09:45;2026-10-10 03:00
124244035;30089;2026-11-06 11:45;2026-10-10 03:00
124244035;30089;2026-11-06 12:00;2026-10-10 03:00
124244035;30089;2026-11-06 13:15;2026-10-10 03:00
124244035;30089;2026-11-09 13:45;2026-10-10 03:00
124244035;30089;2026-11-09 14:00;2026-10-10 03:00
124244035;30089;2026-11-09 14:15;2026-10-10 03:00
124244035;30089;2026-11-09 16:00;2026-10-10 03:00
124244035;30089;2026-11-09 16:15;2026-10-10 03:00
124244035;30089;2026-11-09 16:30;2026-10-10 03:00
124244035;30089;2026-11-09 16:45;2026-10-10 03:00
124244035;30089;2026-11-09 19:30;2026-10-10 03:00
124244035;30089;2026-11-09 19:45;2026-10-10 03:00
124244035;30089;2026-11-10 07:00;2026-10-10 03:00
124244035;30089;2026-11-10 07:15;2026-10-10 03:00
124244035;30089;2026-11-10 07:30;2026-10-10 03:00
124244035;30089;2026-11-10 07:45;2026-10-10 03:00
124244035;30089;2026-11-10 08:00;2026-10-10 03:00
124244035;30089;2026-11-10 08:15;2026-10-10 03:00
124244035;30089;2026-11-10 08:30;2026-10-10 03:00
124244035;30089;2026-11-10 09:15;2026-10-10 03:00
124244035;30089;2026-11-10 09:30;2026-10-10 03:00
124244035;30089;2026-11-10 09:45;2026-10-10 03:00
124244035;30089;2026-11-10 10:00;2026-10-10 03:00
124244035;30089;2026-11-10 10:15;2026-10-10 03:00
124244035;30089;2026-11-10 11:30;2026-10-10 03:00
124244035;30089;2026-11-10 11:45;2026-10-10 03:00
124244035;30089;2026-11-10 12:00;2026-10-10 03:00
124244035;30089;2026-11-10 13:15;2026-10-10 03:00
124244035;26311;2026-10-12 16:00;2026-10-10 03:00
124244035;26311;2026-10-12 16:15;2026-10-10 03:00
124244035;26311;2026-10-12 16:30;2026-10-10 03:00
124244035;26311;2026-10-12 16:45;2026-10-10 03:00
124244035;26311;2026-10-13 08:00;2026-10-10 03:00
124244035;26311;2026-10-13 09:30;2026-10-10 03:00
124244035;26311;2026-10-13 10:00;2026-10-10 03:00
124244035;26311;2026-10-13 10:15;2026-10-10 03:00
124244035;26311;2026-10-22 14:15;2026-10-10 03:00
124244035;26311;2026-10-22 16:00;2026-10-10 03:00
124244035;26311;2026-10-22 16:15;2026-10-10 03:00
124244035;26311;2026-10-23 09:30;2026-10-10 03:00
124244035;26311;2026-10-26 16:00;2026-10-10 03:00
124244035;26311;2026-10-26 16:15;2026-10-10 03:00
124244035;26311;2026-10-26 16:30;2026-10-10 03:00
124244035;26311;2026-10-26 16:45;2026-10-10 03:00
124244035;26311;2026-10-27 09:30;2026-10-10 03:00
124244035;26311;2026-10-27 10:00;2026-10-10 03:00
124244035;26311;2026-10-27 10:15;2026-10-10 03:00
124244035;26311;2026-10-28 14:15;2026-10-10 03:00
124244035;26311;2026-10-28 14:30;2026-10-10 03:00
124244035;26311;2026-10-28 16:00;2026-10-10 03:00
124244035;26311;2026-10-28 16:15;2026-10-10 03:00
124244035;26311;2026-10-28 17:30;2026-10-10 03:00
124244035;26311;2026-10-28 19:45;2026-10-10 03:00
124244035;26311;2026-10-30 14:15;2026-10-10 03:00
124244035;26311;2026-10-30 14:30;2026-10-10 03:00
124244035;26311;2026-10-30 17:15;2026-10-10 03:00
124244035;26311;2026-10-30 17:30;2026-10-10 03:00
124244035;26311;2026-10-30 17:45;2026-10-10 03:00
124244035;26311;2026-10-30 18:00;2026-10-10 03:00
124244035;26311;2026-11-03 07:30;2026-10-10 03:00
124244035;26311;2026-11-03 07:45;2026-10-10 03:00
124244035;26311;2026-11-03 08:15;2026-10-10 03:00
124244035;26311;2026-11-03 08:30;2026-10-10 03:00
124244035;26311;2026-11-03 09:30;2026-10-10 03:00
124244035;26311;2026-11-03 10:00;2026-10-10 03:00
124244035;26311;2026-11-03 10:15;2026-10-10 03:00
124244035;26311;2026-11-03 11:30;2026-10-10 03:00
124244035;26311;2026-11-03 11:45;2026-10-10 03:00
124244035;26311;2026-11-03 12:00;2026-10-10 03:00
124244035;26311;2026-11-04 14:15;2026-10-10 03:00
124244035;26311;2026-11-04 14:30;2026-10-10 03:00
124244035;26311;2026-11-04 15:00;2026-10-10 03:00
124244035;26311;2026-11-04 15:15;2026-10-10 03:00
124244035;26311;2026-11-04 16:00;2026-10-10 03:00
124244035;26311;2026-11-04 16:15;2026-10-10 03:00
124244035;26311;2026-11-04 17:00;2026-10-10 03:00
124244035;26311;2026-11-04 17:15;2026-10-10 03:00
124244035;26311;2026-11-04 17:30;2026-10-10 03:00
124244035;26311;2026-11-04 17:45;2026-10-10 03:00
124244035;26311;2026-11-04 19:45;2026-10-10 03:00
124244035;26311;2026-11-05 07:00;2026-10-10 03:00
124244035;26311;2026-11-05 07:15;2026-10-10 03:00
124244035;26311;2026-11-05 07:30;2026-10-10 03:00
124244035;26311;2026-11-05 07:45;2026-10-10 03:00
124244035;26311;2026-11-05 08:00;2026-10-10 03:00
124244035;26311;2026-11-05 08:15;2026-10-10 03:00
124244035;26311;2026-11-05 08:30;2026-10-10 03:00
124244035;26311;2026-11-05 08:45;2026-10-10 03:00
124244035;26311;2026-11-05 09:30;2026-10-10 03:00
124244035;26311;2026-11-05 09:45;2026-10-10 03:00
124244035;26311;2026-11-05 10:00;2026-10-10 03:00
124244035;26311;2026-11-05 10:15;2026-10-10 03:00
124244035;26311;2026-11-05 11:45;2026-10-10 03:00
124244035;26311;2026-11-05 12:00;2026-10-10 03:00
124244035;26311;2026-11-05 13:15;2026-10-10 03:00
124244035;26311;2026-11-09 07:15;2026-10-10 03:00
124244035;26311;2026-11-09 07:30;2026-10-10 03:00
124244035;26311;2026-11-09 07:45;2026-10-10 03:00
124244035;26311;2026-11-09 08:00;2026-10-10 03:00
124244035;26311;2026-11-09 08:15;2026-10-10 03:00
124244035;26311;2026-11-09 08:30;2026-10-10 03:00
124244035;26311;2026-11-09 08:45;2026-10-10 03:00
124244035;26311;2026-11-09 09:00;2026-10-10 03:00
124244035;26311;2026-11-09 09:15;2026-10-10 03:00
124244035;26311;2026-11-10 14:15;2026-10-10 03:00
124244035;26311;2026-11-10 14:30;2026-10-10 03:00
124244035;26311;2026-11-10 14:45;2026-10-10 03:00
124244035;26311;2026-11-10 15:00;2026-10-10 03:00
124244035;26311;2026-11-10 15:15;2026-10-10 03:00
124244035;26311;2026-11-10 16:00;2026-10-10 03:00
124244035;26311;2026-11-10 16:15;2026-10-10 03:00
124244035;26311;2026-11-10 17:00;2026-10-10 03:00
124244035;26311;2026-11-10 17:15;2026-10-10 03:00
124244035;26311;2026-11-10 17:30;2026-10-10 03:00
124244035;26311;2026-11-10 19:45;2026-10-10 03:00
124244035;26261;2026-10-12 09:00;2026-10-10 03:00
124244035;26261;2026-10-12 10:30;2026-10-10 03:00
124244035;26261;2026-10-13 14:15;2026-10-10 03:00
124244035;26261;2026-10-13 15:00;2026-10-10 03:00
124244035;26261;2026-10-13 17:30;2026-10-10 03:00
124244035;26261;2026-10-14 09:00;2026-10-10 03:00
124244035;26261;2026-10-14 10:30;2026-10-10 03:00
124244035;26261;2026-10-14 11:30;2026-10-10 03:00
124244035;26261;2026-10-15 14:15;2026-10-10 03:00
124244035;26261;2026-10-15 15:00;2026-10-10 03:00
124244035;26261;2026-10-15 17:30;2026-10-10 03:00
124244035;26261;2026-10-16 11:30;2026-10-10 03:00
124244035;26261;2026-10-19 14:15;2026-10-10 03:00
124244035;26261;2026-10-19 14:45;2026-10-10 03:00
124244035;26261;2026-10-19 15:00;2026-10-10 03:00
124244035;26261;2026-10-19 17:30;2026-10-10 03:00
124244035;26261;2026-10-20 09:00;2026-10-10 03:00
124244035;26261;2026-10-20 10:30;2026-10-10 03:00
124244035;26261;2026-10-20 11:30;2026-10-10 03:00
124244035;26261;2026-10-21 14:15;2026-10-10 03:00
124244035;26261;2026-10-21 15:00;2026-10-10 03:00
124244035;26261;2026-10-21 17:30;2026-10-10 03:00
124244035;26261;2026-10-22 09:00;2026-10-10 03:00
124244035;26261;2026-10-22 10:30;2026-10-10 03:00
124244035;26261;2026-10-22 11:30;2026-10-10 03:00
124244035;26261;2026-10-22 13:00;2026-10-10 03:00
124244035;26261;2026-10-22 13:10;2026-10-10 03:00
124244035;26261;2026-10-23 14:15;2026-10-10 03:00
124244035;26261;2026-10-23 15:00;2026-10-10 03:00
124244035;26261;2026-10-23 15:15;2026-10-10 03:00
124244035;26261;2026-10-23 15:30;2026-10-10 03:00
124244035;26261;2026-10-23 17:30;2026-10-10 03:00
124244035;26261;2026-10-23 17:45;2026-10-10 03:00
124244035;26261;2026-10-23 18:00;2026-10-10 03:00
124244035;26261;2026-10-23 18:15;2026-10-10 03:00
124244035;26261;2026-10-23 19:20;2026-10-10 03:00
124244035;26261;2026-10-23 19:30;2026-10-10 03:00
124244035;26261;2026-10-23 19:40;2026-10-10 03:00
124244035;26261;2026-10-26 07:45;2026-10-10 03:00
124244035;26261;2026-10-26 08:00;2026-10-10 03:00
124244035;26261;2026-10-26 08:15;2026-10-10 03:00
124244035;26261;2026-10-26 08:30;2026-10-10 03:00
124244035;26261;2026-10-26 08:45;2026-10-10 03:00
124244035;26261;2026-10-26 09:00;2026-10-10 03:00
124244035;26261;2026-10-26 09:30;2026-10-10 03:00
124244035;26261;2026-10-26 09:45;2026-10-10 03:00
124244035;26261;2026-10-26 10:00;2026-10-10 03:00
124244035;26261;2026-10-26 10:15;2026-10-10 03:00
124244035;26261;2026-10-26 10:30;2026-10-10 03:00
124244035;26261;2026-10-26 11:30;2026-10-10 03:00
124244035;26261;2026-10-26 11:45;2026-10-10 03:00
124244035;26261;2026-10-26 12:00;2026-10-10 03:00
124244035;26261;2026-10-26 12:50;2026-10-10 03:00
124244035;26261;2026-10-26 13:00;2026-10-10 03:00
124244035;26261;2026-10-27 13:30;2026-10-10 03:00
124244035;26261;2026-10-27 14:00;2026-10-10 03:00
124244035;26261;2026-10-27 14:15;2026-10-10 03:00
124244035;26261;2026-10-27 14:30;2026-10-10 03:00
124244035;26261;2026-10-27 14:45;2026-10-10 03:00
124244035;26261;2026-10-27 15:00;2026-10-10 03:00
124244035;26261;2026-10-27 15:15;2026-10-10 03:00
124244035;26261;2026-10-27 15:30;2026-10-10 03:00
124244035;26261;2026-10-27 15:45;2026-10-10 03:00
124244035;26261;2026-10-27 16:00;2026-10-10 03:00
124244035;26261;2026-10-27 16:15;2026-10-10 03:00
124244035;26261;2026-10-27 17:00;2026-10-10 03:00
124244035;26261;2026-10-27 17:15;2026-10-10 03:00
124244035;26261;2026-10-27 17:30;2026-10-10 03:00
124244035;26261;2026-10-27 17:45;2026-10-10 03:00
124244035;26261;2026-10-27 18:00;2026-10-10 03:00
124244035;26261;2026-10-27 18:15;2026-10-10 03:00
124244035;26261;2026-10-27 18:30;2026-10-10 03:00
124244035;26261;2026-10-27 19:20;2026-10-10 03:00
124244035;26261;2026-10-27 19:30;2026-10-10 03:00
124244035;26261;2026-10-27 19:40;2026-10-10 03:00
124244035;26261;2026-10-28 07:00;2026-10-10 03:00
124244035;26261;2026-10-28 07:15;2026-10-10 03:00
124244035;26261;2026-10-28 07:30;2026-10-10 03:00
124244035;26261;2026-10-28 07:45;2026-10-10 03:00
124244035;26261;2026-10-28 08:00;2026-10-10 03:00
124244035;26261;2026-10-28 08:15;2026-10-10 03:00
124244035;26261;2026-10-28 08:30;2026-10-10 03:00
124244035;26261;2026-10-28 08:45;2026-10-10 03:00
124244035;26261;2026-10-28 09:00;2026-10-10 03:00
124244035;26261;2026-10-28 09:45;2026-10-10 03:00
124244035;26261;2026-10-28 10:15;2026-10-10 03:00
124244035;26261;2026-10-28 10:30;2026-10-10 03:00
124244035;26261;2026-10-28 10:45;2026-10-10 03:00
124244035;26261;2026-10-28 11:30;2026-10-10 03:00
124244035;26261;2026-10-28 11:45;2026-10-10 03:00
124244035;26261;2026-10-28 12:00;2026-10-10 03:00
124244035;26261;2026-10-28 12:50;2026-10-10 03:00
124244035;26261;2026-10-28 13:00;2026-10-10 03:00
124244035;26261;2026-10-28 13:10;2026-10-10 03:00
124244035;26261;2026-10-29 13:30;2026-10-10 03:00
124244035;26261;2026-10-29 13:45;2026-10-10 03:00
124244035;26261;2026-10-29 14:15;2026-10-10 03:00
124244035;26261;2026-10-29 14:45;2026-10-10 03:00
124244035;26261;2026-10-29 15:00;2026-10-10 03:00
124244035;26261;2026-10-29 15:30;2026-10-10 03:00
124244035;26261;2026-10-29 15:45;2026-10-10 03:00
124244035;26261;2026-10-29 16:00;2026-10-10 03:00
124244035;26261;2026-10-29 16:15;2026-10-10 03:00
124244035;26261;2026-10-29 17:00;2026-10-10 03:00
124244035;26261;2026-10-29 17:15;2026-10-10 03:00
124244035;26261;2026-10-29 17:30;2026-10-10 03:00
124244035;26261;2026-10-29 18:00;2026-10-10 03:00
124244035;26261;2026-10-29 18:15;2026-10-10 03:00
124244035;26261;2026-10-29 18:30;2026-10-10 03:00
124244035;26261;2026-10-29 19:30;2026-10-10 03:00
124244035;26261;2026-11-03 13:30;2026-10-10 03:00
124244035;26261;2026-11-03 13:45;2026-10-10 03:00
124244035;26261;2026-11-03 14:00;2026-10-10 03:00
124244035;26261;2026-11-03 14:15;2026-10-10 03:00
124244035;26261;2026-11-03 14:30;2026-10-10 03:00
124244035;26261;2026-11-03 14:45;2026-10-10 03:00
124244035;26261;2026-11-03 15:00;2026-10-10 03:00
124244035;26261;2026-11-03 15:15;2026-10-10 03:00
124244035;26261;2026-11-03 15:45;2026-10-10 03:00
124244035;26261;2026-11-03 16:00;2026-10-10 03:00
124244035;26261;2026-11-03 16:15;2026-10-10 03:00
124244035;26261;2026-11-03 17:00;2026-10-10 03:00
124244035;26261;2026-11-03 17:15;2026-10-10 03:00
124244035;26261;2026-11-03 17:30;2026-10-10 03:00
124244035;26261;2026-11-03 17:45;2026-10-10 03:00
124244035;26261;2026-11-03 18:00;2026-10-10 03:00
124244035;26261;2026-11-03 18:15;2026-10-10 03:00
124244035;26261;2026-11-03 18:30;2026-10-10 03:00
124244035;26261;2026-11-03 19:20;2026-10-10 03:00
124244035;26261;2026-11-03 19:30;2026-10-10 03:00
124244035;26261;2026-11-03 19:40;2026-10-10 03:00
124244035;26261;2026-11-04 07:15;2026-10-10 03:00
124244035;26261;2026-11-04 07:30;2026-10-10 03:00
124244035;26261;2026-11-04 07:45;2026-10-10 03:00
124244035;26261;2026-11-04 08:00;2026-10-10 03:00
124244035;26261;2026-11-04 08:15;2026-10-10 03:00
124244035;26261;2026-11-04 08:30;2026-10-10 03:00
124244035;26261;2026-11-04 08:45;2026-10-10 03:00
124244035;26261;2026-11-04 09:00;2026-10-10 03:00
124244035;26261;2026-11-04 09:30;2026-10-10 03:00
124244035;26261;2026-11-04 09:45;2026-10-10 03:00
124244035;26261;2026-11-04 10:00;2026-10-10 03:00
124244035;26261;2026-11-04 10:15;2026-10-10 03:00
124244035;26261;2026-11-04 10:30;2026-10-10 03:00
124244035;26261;2026-11-04 11:30;2026-10-10 03:00
124244035;26261;2026-11-04 11:45;2026-10-10 03:00
124244035;26261;2026-11-04 12:00;2026-10-10 03:00
124244035;26261;2026-11-04 12:50;2026-10-10 03:00
124244035;26261;2026-11-04 13:00;2026-10-10 03:00
124244035;26261;2026-11-04 13:10;2026-10-10 03:00
124244035;26261;2026-11-05 13:45;2026-10-10 03:00
124244035;26261;2026-11-05 14:00;2026-10-10 03:00
124244035;26261;2026-11-05 14:15;2026-10-10 03:00
124244035;26261;2026-11-05 14:30;2026-10-10 03:00
124244035;26261;2026-11-05 14:45;2026-10-10 03:00
124244035;26261;2026-11-05 15:00;2026-10-10 03:00
124244035;26261;2026-11-05 15:15;2026-10-10 03:00
124244035;26261;2026-11-05 15:30;2026-10-10 03:00
124244035;26261;2026-11-05 15:45;2026-10-10 03:00
124244035;26261;2026-11-05 16:00;2026-10-10 03:00
124244035;26261;2026-11-05 16:15;2026-10-10 03:00
124244035;26261;2026-11-05 17:15;2026-10-10 03:00
124244035;26261;2026-11-05 17:30;2026-10-10 03:00
124244035;26261;2026-11-05 17:45;2026-10-10 03:00
124244035;26261;2026-11-05 18:00;2026-10-10 03:00
124244035;26261;2026-11-05 18:15;2026-10-10 03:00
124244035;26261;2026-11-05 18:30;2026-10-10 03:00
124244035;26261;2026-11-05 19:20;2026-10-10 03:00
124244035;26261;2026-11-05 19:30;2026-10-10 03:00
124244035;26261;2026-11-05 19:40;2026-10-10 03:00
124244035;26261;2026-11-06 07:00;2026-10-10 03:00
124244035;26261;2026-11-06 07:15;2026-10-10 03:00
124244035;26261;2026-11-06 07:30;2026-10-10 03:00
124244035;26261;2026-11-06 07:45;2026-10-10 03:00
124244035;26261;2026-11-06 08:00;2026-10-10 03:00
124244035;26261;2026-11-06 09:00;2026-10-10 03:00
124244035;26261;2026-11-06 09:30;2026-10-10 03:00
124244035;26261;2026-11-06 09:45;2026-10-10 03:00
124244035;26261;2026-11-06 10:00;2026-10-10 03:00
124244035;26261;2026-11-06 10:15;2026-10-10 03:00
124244035;26261;2026-11-06 10:30;2026-10-10 03:00
124244035;26261;2026-11-06 10:45;2026-10-10 03:00
124244035;26261;2026-11-06 11:30;2026-10-10 03:00
124244035;26261;2026-11-06 11:45;2026-10-10 03:00
124244035;26261;2026-11-06 12:00;2026-10-10 03:00
124244035;26261;2026-11-06 12:50;2026-10-10 03:00
124244035;26261;2026-11-06 13:00;2026-10-10 03:00
124244035;26261;2026-11-06 13:10;2026-10-10 03:00
124244035;26261;2026-11-09 13:30;2026-10-10 03:00
124244035;26261;2026-11-09 13:45;2026-10-10 03:00
124244035;26261;2026-11-09 14:00;2026-10-10 03:00
124244035;26261;2026-11-09 14:15;2026-10-10 03:00
124244035;26261;2026-11-09 14:30;2026-10-10 03:00
124244035;26261;2026-11-09 14:45;2026-10-10 03:00
124244035;26261;2026-11-09 15:00;2026-10-10 03:00
124244035;26261;2026-11-09 15:15;2026-10-10 03:00
124244035;26261;2026-11-09 15:30;2026-10-10 03:00
124244035;26261;2026-11-09 15:45;2026-10-10 03:00
124244035;26261;2026-11-09 16:00;2026-10-10 03:00
124244035;26261;2026-11-09 16:15;2026-10-10 03:00
124244035;26261;2026-11-09 17:00;2026-10-10 03:00
124244035;26261;2026-11-09 17:15;2026-10-10 03:00
124244035;26261;2026-11-09 17:30;2026-10-10 03:00
124244035;26261;2026-11-09 17:45;2026-10-10 03:00
124244035;26261;2026-11-09 18:00;2026-10-10 03:00
124244035;26261;2026-11-09 18:15;2026-10-10 03:00
124244035;26261;2026-11-09 18:30;2026-10-10 03:00
124244035;26261;2026-11-09 19:20;2026-10-10 03:00
124244035;26261;2026-11-09 19:30;2026-10-10 03:00
124244035;26261;2026-11-09 19:40;2026-10-10 03:00
124244035;26261;2026-11-10 07:15;2026-10-10 03:00
124244035;26261;2026-11-10 07:30;2026-10-10 03:00
124244035;26261;2026-11-10 07:45;2026-10-10 03:00
124244035;26261;2026-11-10 08:00;2026-10-10 03:00
124244035;26261;2026-11-10 08:15;2026-10-10 03:00
124244035;26261;2026-11-10 08:30;2026-10-10 03:00
124244035;26261;2026-11-10 08:45;2026-10-10 03:00
124244035;26261;2026-11-10 09:00;2026-10-10 03:00
124244035;26261;2026-11-10 09:15;2026-10-10 03:00
124244035;26261;2026-11-10 09:30;2026-10-10 03:00
124244035;26261;2026-11-10 09:45;2026-10-10 03:00
124244035;26261;2026-11-10 10:15;2026-10-10 03:00
124244035;26261;2026-11-10 10:30;2026-10-10 03:00
124244035;26261;2026-11-10 10:45;2026-10-10 03:00
124244035;26261;2026-11-10 11:30;2026-10-10 03:00
124244035;26261;2026-11-10 11:45;2026-10-10 03:00
124244035;26261;2026-11-10 12:00;2026-10-10 03:00
124244035;26261;2026-11-10 12:50;2026-10-10 03:00
124244035;26261;2026-11-10 13:00;2026-10-10 03:00
124244035;26261;2026-11-10 13:10;2026-10-10 03:00
124244035;25777;2026-10-12 08:15;2026-10-10 03:00
124244035;25777;2026-10-12 08:30;2026-10-10 03:00
124244035;25777;2026-10-12 08:45;2026-10-10 03:00
124244035;25777;2026-10-12 09:00;2026-10-10 03:00
124244035;25777;2026-10-12 16:15;2026-10-10 03:00
124244035;25777;2026-10-13 07:30;2026-10-10 03:00
124244035;25777;2026-10-13 07:40;2026-10-10 03:00
124244035;25777;2026-10-13 07:50;2026-10-10 03:00
124244035;25777;2026-10-13 08:00;2026-10-10 03:00
124244035;25777;2026-10-13 08:15;2026-10-10 03:00
124244035;25777;2026-10-13 08:30;2026-10-10 03:00
124244035;25777;2026-10-13 08:45;2026-10-10 03:00
124244035;25777;2026-10-13 09:15;2026-10-10 03:00
124244035;25777;2026-10-13 16:45;2026-10-10 03:00
124244035;25777;2026-10-13 16:55;2026-10-10 03:00
124244035;25777;2026-10-14 07:30;2026-10-10 03:00
124244035;25777;2026-10-14 07:40;2026-10-10 03:00
124244035;25777;2026-10-14 07:50;2026-10-10 03:00
124244035;25777;2026-10-14 08:00;2026-10-10 03:00
124244035;25777;2026-10-14 08:15;2026-10-10 03:00
124244035;25777;2026-10-14 08:30;2026-10-10 03:00
124244035;25777;2026-10-14 09:00;2026-10-10 03:00
124244035;25777;2026-10-14 16:15;2026-10-10 03:00
124244035;25777;2026-10-14 16:30;2026-10-10 03:00
124244035;25777;2026-10-14 16:45;2026-10-10 03:00
124244035;25777;2026-10-14 16:55;2026-10-10 03:00
124244035;25777;2026-10-15 07:40;2026-10-10 03:00
124244035;25777;2026-10-15 07:50;2026-10-10 03:00
124244035;25777;2026-10-15 08:00;2026-10-10 03:00
124244035;25777;2026-10-15 08:15;2026-10-10 03:00
124244035;25777;2026-10-15 08:30;2026-10-10 03:00
124244035;25777;2026-10-15 08:45;2026-10-10 03:00
124244035;25777;2026-10-15 09:00;2026-10-10 03:00
124244035;25777;2026-10-15 09:15;2026-10-10 03:00
124244035;25777;2026-10-15 16:15;2026-10-10 03:00
124244035;25777;2026-10-15 16:30;2026-10-10 03:00
124244035;25777;2026-10-15 16:45;2026-10-10 03:00
124244035;25777;2026-10-15 16:55;2026-10-10 03:00
124244035;25777;2026-10-16 07:40;2026-10-10 03:00
124244035;25777;2026-10-16 07:50;2026-10-10 03:00
124244035;25777;2026-10-16 08:00;2026-10-10 03:00
124244035;25777;2026-10-16 08:15;2026-10-10 03:00
124244035;25777;2026-10-16 08:30;2026-10-10 03:00
124244035;25777;2026-10-16 08:45;2026-10-10 03:00
124244035;25777;2026-10-16 09:00;2026-10-10 03:00
124244035;25777;2026-10-16 09:15;2026-10-10 03:00
124244035;25777;2026-10-16 16:45;2026-10-10 03:00
124244035;25777;2026-10-16 16:55;2026-10-10 03:00
124244035;25777;2026-10-19 07:30;2026-10-10 03:00
124244035;25777;2026-10-19 07:40;2026-10-10 03:00
124244035;25777;2026-10-19 07:50;2026-10-10 03:00
124244035;25777;2026-10-19 08:00;2026-10-10 03:00
124244035;25777;2026-10-19 08:15;2026-10-10 03:00
124244035;25777;2026-10-19 08:30;2026-10-10 03:00
124244035;25777;2026-10-19 08:45;2026-10-10 03:00
124244035;25777;2026-10-19 09:15;2026-10-10 03:00
124244035;25777;2026-10-19 16:15;2026-10-10 03:00
124244035;25777;2026-10-19 16:30;2026-10-10 03:00
124244035;25777;2026-10-19 16:45;2026-10-10 03:00
124244035;25777;2026-10-19 16:55;2026-10-10 03:00
124244035;25777;2026-10-20 07:30;2026-10-10 03:00
124244035;25777;2026-10-20 07:40;2026-10-10 03:00
124244035;25777;2026-10-20 07:50;2026-10-10 03:00
124244035;25777;2026-10-20 08:00;2026-10-10 03:00
124244035;25777;2026-10-20 08:15;2026-10-10 03:00
124244035;25777;2026-10-20 08:30;2026-10-10 03:00
124244035;25777;2026-10-20 08:45;2026-10-10 03:00
124244035;25777;2026-10-20 09:00;2026-10-10 03:00
124244035;25777;2026-10-20 09:15;2026-10-10 03:00
124244035;25777;2026-10-20 16:15;2026-10-10 03:00
124244035;25777;2026-10-20 16:30;2026-10-10 03:00
124244035;25777;2026-10-20 16:45;2026-10-10 03:00
124244035;25777;2026-10-20 16:55;2026-10-10 03:00
124244035;25777;2026-10-21 07:30;2026-10-10 03:00
124244035;25777;2026-10-21 07:40;2026-10-10 03:00
124244035;25777;2026-10-21 07:50;2026-10-10 03:00
124244035;25777;2026-10-21 08:15;2026-10-10 03:00
124244035;25777;2026-10-21 08:30;2026-10-10 03:00
124244035;25777;2026-10-21 08:45;2026-10-10 03:00
124244035;25777;2026-10-21 09:00;2026-10-10 03:00
124244035;25777;2026-10-21 09:15;2026-10-10 03:00
124244035;25777;2026-10-21 16:55;2026-10-10 03:00
124244035;25777;2026-10-22 07:50;2026-10-10 03:00
124244035;25777;2026-10-22 08:00;2026-10-10 03:00
124244035;25777;2026-10-22 08:15;2026-10-10 03:00
124244035;25777;2026-10-22 08:30;2026-10-10 03:00
124244035;25777;2026-10-22 08:45;2026-10-10 03:00
124244035;25777;2026-10-22 09:00;2026-10-10 03:00
124244035;25777;2026-10-22 09:15;2026-10-10 03:00
124244035;25777;2026-10-22 16:15;2026-10-10 03:00
124244035;25777;2026-10-22 16:30;2026-10-10 03:00
124244035;25777;2026-10-22 16:45;2026-10-10 03:00
124244035;25777;2026-10-22 16:55;2026-10-10 03:00
124244035;25777;2026-10-23 07:30;2026-10-10 03:00
124244035;25777;2026-10-23 07:40;2026-10-10 03:00
124244035;25777;2026-10-23 07:50;2026-10-10 03:00
124244035;25777;2026-10-23 08:00;2026-10-10 03:00
124244035;25777;2026-10-23 08:15;2026-10-10 03:00
124244035;25777;2026-10-23 08:30;2026-10-10 03:00
124244035;25777;2026-10-23 08:45;2026-10-10 03:00
124244035;25777;2026-10-23 09:00;2026-10-10 03:00
124244035;25777;2026-10-23 09:15;2026-10-10 03:00
124244035;25777;2026-10-23 09:30;2026-10-10 03:00
124244035;25777;2026-10-23 16:45;2026-10-10 03:00
124244035;25777;2026-10-23 16:55;2026-10-10 03:00
124244035;25777;2026-10-26 07:30;2026-10-10 03:00
124244035;25777;2026-10-26 07:40;2026-10-10 03:00
124244035;25777;2026-10-26 08:30;2026-10-10 03:00
124244035;25777;2026-10-26 08:45;2026-10-10 03:00
124244035;25777;2026-10-26 09:00;2026-10-10 03:00
124244035;25777;2026-10-26 09:15;2026-10-10 03:00
124244035;25777;2026-10-26 16:15;2026-10-10 03:00
124244035;25777;2026-10-26 16:30;2026-10-10 03:00
124244035;25777;2026-10-26 16:45;2026-10-10 03:00
124244035;25777;2026-10-26 16:55;2026-10-10 03:00
124244035;25777;2026-10-27 07:30;2026-10-10 03:00
124244035;25777;2026-10-27 07:40;2026-10-10 03:00
124244035;25777;2026-10-27 07:50;2026-10-10 03:00
124244035;25777;2026-10-27 08:00;2026-10-10 03:00
124244035;25777;2026-10-27 08:15;2026-10-10 03:00
124244035;25777;2026-10-27 08:30;2026-10-10 03:00
124244035;25777;2026-10-27 08:45;2026-10-10 03:00
124244035;25777;2026-10-27 09:00;2026-10-10 03:00
124244035;25777;2026-10-27 09:15;2026-10-10 03:00
124244035;25777;2026-10-27 16:15;2026-10-10 03:00
124244035;25777;2026-10-27 16:30;2026-10-10 03:00
124244035;25777;2026-10-27 16:45;2026-10-10 03:00
124244035;25777;2026-10-27 16:55;2026-10-10 03:00
124244035;25777;2026-10-28 07:30;2026-10-10 03:00
124244035;25777;2026-10-28 07:40;2026-10-10 03:00
124244035;25777;2026-10-28 07:50;2026-10-10 03:00
124244035;25777;2026-10-28 08:15;2026-10-10 03:00
124244035;25777;2026-10-28 08:30;2026-10-10 03:00
124244035;25777;2026-10-28 08:45;2026-10-10 03:00
124244035;25777;2026-10-28 09:00;2026-10-10 03:00
124244035;25777;2026-10-28 09:15;2026-10-10 03:00
124244035;25777;2026-10-28 16:15;2026-10-10 03:00
124244035;25777;2026-10-28 16:30;2026-10-10 03:00
124244035;25777;2026-10-28 16:55;2026-10-10 03:00
124244035;25777;2026-11-03 07:30;2026-10-10 03:00
124244035;25777;2026-11-03 07:40;2026-10-10 03:00
124244035;25777;2026-11-03 07:50;2026-10-10 03:00
124244035;25777;2026-11-03 08:00;2026-10-10 03:00
124244035;25777;2026-11-03 08:15;2026-10-10 03:00
124244035;25777;2026-11-03 08:30;2026-10-10 03:00
124244035;25777;2026-11-03 08:45;2026-10-10 03:00
124244035;25777;2026-11-03 09:15;2026-10-10 03:00
124244035;25777;2026-11-03 16:15;2026-10-10 03:00
124244035;25777;2026-11-03 16:30;2026-10-10 03:00
124244035;25777;2026-11-03 16:45;2026-10-10 03:00
124244035;25777;2026-11-03 16:55;2026-10-10 03:00
124244035;25777;2026-11-04 07:30;2026-10-10 03:00
124244035;25777;2026-11-04 07:40;2026-10-10 03:00
124244035;25777;2026-11-04 07:50;2026-10-10 03:00
124244035;25777;2026-11-04 08:00;2026-10-10 03:00
124244035;25777;2026-11-04 08:15;2026-10-10 03:00
124244035;25777;2026-11-04 08:30;2026-10-10 03:00
124244035;25777;2026-11-04 08:45;2026-10-10 03:00
124244035;25777;2026-11-04 09:00;2026-10-10 03:00
124244035;25777;2026-11-04 09:15;2026-10-10 03:00
124244035;25777;2026-11-04 16:15;2026-10-10 03:00
124244035;25777;2026-11-04 16:30;2026-10-10 03:00
124244035;25777;2026-11-04 16:55;2026-10-10 03:00
124244035;25777;2026-11-05 07:40;2026-10-10 03:00
124244035;25777;2026-11-05 07:50;2026-10-10 03:00
124244035;25777;2026-11-05 08:00;2026-10-10 03:00
124244035;25777;2026-11-05 08:15;2026-10-10 03:00
124244035;25777;2026-11-05 08:30;2026-10-10 03:00
124244035;25777;2026-11-05 08:45;2026-10-10 03:00
124244035;25777;2026-11-05 09:00;2026-10-10 03:00
124244035;25777;2026-11-05 09:15;2026-10-10 03:00
124244035;25777;2026-11-05 16:15;2026-10-10 03:00
124244035;25777;2026-11-05 16:30;2026-10-10 03:00
124244035;25777;2026-11-05 16:45;2026-10-10 03:00
124244035;25777;2026-11-05 16:55;2026-10-10 03:00
124244035;25777;2026-11-06 07:30;2026-10-10 03:00
124244035;25777;2026-11-06 07:40;2026-10-10 03:00
124244035;25777;2026-11-06 07:50;2026-10-10 03:00
124244035;25777;2026-11-06 08:00;2026-10-10 03:00
124244035;25777;2026-11-06 08:15;2026-10-10 03:00
124244035;25777;2026-11-06 08:30;2026-10-10 03:00
124244035;25777;2026-11-06 08:45;2026-10-10 03:00
124244035;25777;2026-11-06 09:00;2026-10-10 03:00
124244035;25777;2026-11-06 09:15;2026-10-10 03:00
124244035;25777;2026-11-06 09:30;2026-10-10 03:00
124244035;25777;2026-11-06 16:45;2026-10-10 03:00
124244035;25777;2026-11-06 16:55;2026-10-10 03:00
124244035;25777;2026-11-09 07:30;2026-10-10 03:00
124244035;25777;2026-11-09 07:40;2026-10-10 03:00
124244035;25777;2026-11-09 07:50;2026-10-10 03:00
124244035;25777;2026-11-09 08:00;2026-10-10 03:00
124244035;25777;2026-11-09 08:15;2026-10-10 03:00
124244035;25777;2026-11-09 08:30;2026-10-10 03:00
124244035;25777;2026-11-09 08:45;2026-10-10 03:00
124244035;25777;2026-11-09 09:15;2026-10-10 03:00
124244035;25777;2026-11-09 16:15;2026-10-10 03:00
124244035;25777;2026-11-09 16:30;2026-10-10 03:00
124244035;25777;2026-11-09 16:45;2026-10-10 03:00
124244035;25777;2026-11-09 16:55;2026-10-10 03:00
124244035;25777;2026-11-10 07:30;2026-10-10 03:00
124244035;25777;2026-11-10 07:40;2026-10-10 03:00
124244035;25777;2026-11-10 07:50;2026-10-10 03:00
124244035;25777;2026-11-10 08:00;2026-10-10 03:00
124244035;25777;2026-11-10 08:15;2026-10-10 03:00
124244035;25777;2026-11-10 08:30;2026-10-10 03:00
124244035;25777;2026-11-10 08:45;2026-10-10 03:00
124244035;25777;2026-11-10 09:00;2026-10-10 03:00
124244035;25777;2026-11-10 09:15;2026-10-10 03:00
124244035;25777;2026-11-10 16:30;2026-10-10 03:00
124244035;25777;2026-11-10 16:55;2026-10-10 03:00
124244035;25496;2026-10-12 17:30;2026-10-10 03:00
124244035;25496;2026-10-15 11:30;2026-10-10 03:00
124244035;25496;2026-10-16 15:00;2026-10-10 03:00
124244035;25496;2026-10-16 17:30;2026-10-10 03:00
124244035;25496;2026-10-19 08:45;2026-10-10 03:00
124244035;25496;2026-10-19 09:00;2026-10-10 03:00
124244035;25496;2026-10-19 10:45;2026-10-10 03:00
124244035;25496;2026-10-19 11:30;2026-10-10 03:00
124244035;25496;2026-10-20 14:15;2026-10-10 03:00
124244035;25496;2026-10-20 15:00;2026-10-10 03:00
124244035;25496;2026-10-20 16:30;2026-10-10 03:00
124244035;25496;2026-10-20 17:15;2026-10-10 03:00
124244035;25496;2026-10-20 17:30;2026-10-10 03:00
124244035;25496;2026-10-21 07:00;2026-10-10 03:00
124244035;25496;2026-10-21 08:30;2026-10-10 03:00
124244035;25496;2026-10-21 08:45;2026-10-10 03:00
124244035;25496;2026-10-21 09:00;2026-10-10 03:00
124244035;25496;2026-10-21 09:30;2026-10-10 03:00
124244035;25496;2026-10-21 09:45;2026-10-10 03:00
124244035;25496;2026-10-21 10:30;2026-10-10 03:00
124244035;25496;2026-10-21 10:45;2026-10-10 03:00
124244035;25496;2026-10-21 11:30;2026-10-10 03:00
124244035;25496;2026-10-21 11:45;2026-10-10 03:00
124244035;25496;2026-10-22 13:30;2026-10-10 03:00
124244035;25496;2026-10-22 13:45;2026-10-10 03:00
124244035;25496;2026-10-22 14:00;2026-10-10 03:00
124244035;25496;2026-10-22 14:15;2026-10-10 03:00
124244035;25496;2026-10-22 14:30;2026-10-10 03:00
124244035;25496;2026-10-22 14:45;2026-10-10 03:00
124244035;25496;2026-10-22 15:00;2026-10-10 03:00
124244035;25496;2026-10-22 15:15;2026-10-10 03:00
124244035;25496;2026-10-22 15:45;2026-10-10 03:00
124244035;25496;2026-10-22 16:30;2026-10-10 03:00
124244035;25496;2026-10-22 16:45;2026-10-10 03:00
124244035;25496;2026-10-22 17:00;2026-10-10 03:00
124244035;25496;2026-10-22 17:15;2026-10-10 03:00
124244035;25496;2026-10-22 17:30;2026-10-10 03:00
124244035;25496;2026-10-22 17:45;2026-10-10 03:00
124244035;25496;2026-10-22 18:00;2026-10-10 03:00
124244035;25496;2026-10-22 18:30;2026-10-10 03:00
124244035;25496;2026-10-23 07:15;2026-10-10 03:00
124244035;25496;2026-10-23 08:15;2026-10-10 03:00
124244035;25496;2026-10-23 08:45;2026-10-10 03:00
124244035;25496;2026-10-23 09:00;2026-10-10 03:00
124244035;25496;2026-10-23 09:15;2026-10-10 03:00
124244035;25496;2026-10-23 09:30;2026-10-10 03:00
124244035;25496;2026-10-23 09:45;2026-10-10 03:00
124244035;25496;2026-10-23 10:30;2026-10-10 03:00
124244035;25496;2026-10-23 10:45;2026-10-10 03:00
124244035;25496;2026-10-23 11:30;2026-10-10 03:00
124244035;25496;2026-10-26 13:45;2026-10-10 03:00
124244035;25496;2026-10-26 14:00;2026-10-10 03:00
124244035;25496;2026-10-26 14:15;2026-10-10 03:00
124244035;25496;2026-10-26 14:45;2026-10-10 03:00
124244035;25496;2026-10-26 15:00;2026-10-10 03:00
124244035;25496;2026-10-26 15:30;2026-10-10 03:00
124244035;25496;2026-10-26 15:45;2026-10-10 03:00
124244035;25496;2026-10-26 16:30;2026-10-10 03:00
124244035;25496;2026-10-26 16:45;2026-10-10 03:00
124244035;25496;2026-10-26 17:15;2026-10-10 03:00
124244035;25496;2026-10-26 17:30;2026-10-10 03:00
124244035;25496;2026-10-26 17:45;2026-10-10 03:00
124244035;25496;2026-10-26 18:00;2026-10-10 03:00
124244035;25496;2026-10-26 18:30;2026-10-10 03:00
124244035;25496;2026-10-27 07:00;2026-10-10 03:00
124244035;25496;2026-10-27 07:15;2026-10-10 03:00
124244035;25496;2026-10-27 07:45;2026-10-10 03:00
124244035;25496;2026-10-27 08:00;2026-10-10 03:00
124244035;25496;2026-10-27 08:15;2026-10-10 03:00
124244035;25496;2026-10-27 08:30;2026-10-10 03:00
124244035;25496;2026-10-27 08:45;2026-10-10 03:00
124244035;25496;2026-10-27 09:00;2026-10-10 03:00
124244035;25496;2026-10-27 09:15;2026-10-10 03:00
124244035;25496;2026-10-27 09:30;2026-10-10 03:00
124244035;25496;2026-10-27 10:30;2026-10-10 03:00
124244035;25496;2026-10-27 10:45;2026-10-10 03:00
124244035;25496;2026-10-27 11:15;2026-10-10 03:00
124244035;25496;2026-10-27 11:30;2026-10-10 03:00
124244035;25496;2026-10-27 11:45;2026-10-10 03:00
124244035;25496;2026-10-27 12:00;2026-10-10 03:00
124244035;25496;2026-10-28 13:30;2026-10-10 03:00
124244035;25496;2026-10-28 13:45;2026-10-10 03:00
124244035;25496;2026-10-28 14:00;2026-10-10 03:00
124244035;25496;2026-10-28 14:15;2026-10-10 03:00
124244035;25496;2026-10-28 14:45;2026-10-10 03:00
124244035;25496;2026-10-28 15:00;2026-10-10 03:00
124244035;25496;2026-10-28 15:15;2026-10-10 03:00
124244035;25496;2026-10-28 15:45;2026-10-10 03:00
124244035;25496;2026-10-28 16:30;2026-10-10 03:00
124244035;25496;2026-10-28 16:45;2026-10-10 03:00
124244035;25496;2026-10-28 17:00;2026-10-10 03:00
124244035;25496;2026-10-28 17:15;2026-10-10 03:00
124244035;25496;2026-10-28 17:30;2026-10-10 03:00
124244035;25496;2026-10-28 17:45;2026-10-10 03:00
124244035;25496;2026-10-28 18:00;2026-10-10 03:00
124244035;25496;2026-10-28 18:30;2026-10-10 03:00
124244035;25496;2026-10-29 07:00;2026-10-10 03:00
124244035;25496;2026-10-29 07:15;2026-10-10 03:00
124244035;25496;2026-10-29 07:45;2026-10-10 03:00
124244035;25496;2026-10-29 08:00;2026-10-10 03:00
124244035;25496;2026-10-29 08:15;2026-10-10 03:00
124244035;25496;2026-10-29 08:30;2026-10-10 03:00
124244035;25496;2026-10-29 08:45;2026-10-10 03:00
124244035;25496;2026-10-29 09:00;2026-10-10 03:00
124244035;25496;2026-10-29 09:15;2026-10-10 03:00
124244035;25496;2026-10-29 09:45;2026-10-10 03:00
124244035;25496;2026-10-29 10:30;2026-10-10 03:00
124244035;25496;2026-10-29 10:45;2026-10-10 03:00
124244035;25496;2026-10-29 11:30;2026-10-10 03:00
124244035;25496;2026-10-29 11:45;2026-10-10 03:00
124244035;25496;2026-10-29 12:00;2026-10-10 03:00
124244035;25496;2026-10-30 13:30;2026-10-10 03:00
124244035;25496;2026-10-30 13:45;2026-10-10 03:00
124244035;25496;2026-10-30 14:00;2026-10-10 03:00
124244035;25496;2026-10-30 14:15;2026-10-10 03:00
124244035;25496;2026-10-30 14:30;2026-10-10 03:00
124244035;25496;2026-10-30 14:45;2026-10-10 03:00
124244035;25496;2026-10-30 15:00;2026-10-10 03:00
124244035;25496;2026-10-30 15:45;2026-10-10 03:00
124244035;25496;2026-10-30 16:30;2026-10-10 03:00
124244035;25496;2026-10-30 16:45;2026-10-10 03:00
124244035;25496;2026-10-30 17:00;2026-10-10 03:00
124244035;25496;2026-10-30 17:30;2026-10-10 03:00
124244035;25496;2026-10-30 17:45;2026-10-10 03:00
124244035;25496;2026-10-30 18:00;2026-10-10 03:00
124244035;25496;2026-11-03 07:00;2026-10-10 03:00
124244035;25496;2026-11-03 07:15;2026-10-10 03:00
124244035;25496;2026-11-03 07:45;2026-10-10 03:00
124244035;25496;2026-11-03 08:00;2026-10-10 03:00
124244035;25496;2026-11-03 09:00;2026-10-10 03:00
124244035;25496;2026-11-03 09:30;2026-10-10 03:00
124244035;25496;2026-11-03 09:45;2026-10-10 03:00
124244035;25496;2026-11-03 10:30;2026-10-10 03:00
124244035;25496;2026-11-03 10:45;2026-10-10 03:00
124244035;25496;2026-11-03 11:15;2026-10-10 03:00
124244035;25496;2026-11-03 11:30;2026-10-10 03:00
124244035;25496;2026-11-03 11:45;2026-10-10 03:00
124244035;25496;2026-11-03 12:00;2026-10-10 03:00
124244035;25496;2026-11-04 13:30;2026-10-10 03:00
124244035;25496;2026-11-04 13:45;2026-10-10 03:00
124244035;25496;2026-11-04 14:15;2026-10-10 03:00
124244035;25496;2026-11-04 14:30;2026-10-10 03:00
124244035;25496;2026-11-04 14:45;2026-10-10 03:00
124244035;25496;2026-11-04 15:00;2026-10-10 03:00
124244035;25496;2026-11-04 15:15;2026-10-10 03:00
124244035;25496;2026-11-04 15:45;2026-10-10 03:00
124244035;25496;2026-11-04 16:30;2026-10-10 03:00
124244035;25496;2026-11-04 16:45;2026-10-10 03:00
124244035;25496;2026-11-04 17:00;2026-10-10 03:00
124244035;25496;2026-11-04 17:15;2026-10-10 03:00
124244035;25496;2026-11-04 17:30;2026-10-10 03:00
124244035;25496;2026-11-04 18:00;2026-10-10 03:00
124244035;25496;2026-11-04 18:30;2026-10-10 03:00
124244035;25496;2026-11-05 07:00;2026-10-10 03:00
124244035;25496;2026-11-05 07:15;2026-10-10 03:00
124244035;25496;2026-11-05 07:45;2026-10-10 03:00
124244035;25496;2026-11-05 08:00;2026-10-10 03:00
124244035;25496;2026-11-05 08:15;2026-10-10 03:00
124244035;25496;2026-11-05 08:45;2026-10-10 03:00
124244035;25496;2026-11-05 09:00;2026-10-10 03:00
124244035;25496;2026-11-05 09:15;2026-10-10 03:00
124244035;25496;2026-11-05 09:30;2026-10-10 03:00
124244035;25496;2026-11-05 09:45;2026-10-10 03:00
124244035;25496;2026-11-05 10:30;2026-10-10 03:00
124244035;25496;2026-11-05 10:45;2026-10-10 03:00
124244035;25496;2026-11-05 11:00;2026-10-10 03:00
124244035;25496;2026-11-05 11:30;2026-10-10 03:00
124244035;25496;2026-11-05 12:00;2026-10-10 03:00
124244035;25496;2026-11-06 13:30;2026-10-10 03:00
124244035;25496;2026-11-06 13:45;2026-10-10 03:00
124244035;25496;2026-11-06 14:15;2026-10-10 03:00
124244035;25496;2026-11-06 14:30;2026-10-10 03:00
124244035;25496;2026-11-06 15:00;2026-10-10 03:00
124244035;25496;2026-11-06 15:45;2026-10-10 03:00
124244035;25496;2026-11-06 16:30;2026-10-10 03:00
124244035;25496;2026-11-06 17:00;2026-10-10 03:00
124244035;25496;2026-11-06 17:15;2026-10-10 03:00
124244035;25496;2026-11-06 17:30;2026-10-10 03:00
124244035;25496;2026-11-06 17:45;2026-10-10 03:00
124244035;25496;2026-11-06 18:30;2026-10-10 03:00
124244035;25496;2026-11-09 07:00;2026-10-10 03:00
124244035;25496;2026-11-09 07:15;2026-10-10 03:00
124244035;25496;2026-11-09 07:45;2026-10-10 03:00
124244035;25496;2026-11-09 08:15;2026-10-10 03:00
124244035;25496;2026-11-09 08:45;2026-10-10 03:00
124244035;25496;2026-11-09 09:00;2026-10-10 03:00
124244035;25496;2026-11-09 09:15;2026-10-10 03:00
124244035;25496;2026-11-09 09:30;2026-10-10 03:00
124244035;25496;2026-11-09 09:45;2026-10-10 03:00
124244035;25496;2026-11-09 10:30;2026-10-10 03:00
124244035;25496;2026-11-09 10:45;2026-10-10 03:00
124244035;25496;2026-11-09 11:15;2026-10-10 03:00
124244035;25496;2026-11-09 11:30;2026-10-10 03:00
124244035;25496;2026-11-09 12:00;2026-10-10 03:00
124244035;25496;2026-11-10 13:30;2026-10-10 03:00
124244035;25496;2026-11-10 13:45;2026-10-10 03:00
124244035;25496;2026-11-10 14:15;2026-10-10 03:00
124244035;25496;2026-11-10 14:30;2026-10-10 03:00
124244035;25496;2026-11-10 14:45;2026-10-10 03:00
124244035;25496;2026-11-10 15:00;2026-10-10 03:00
124244035;25496;2026-11-10 15:15;2026-10-10 03:00
124244035;25496;2026-11-10 15:45;2026-10-10 03:00
124244035;25496;2026-11-10 16:30;2026-10-10 03:00
124244035;25496;2026-11-10 16:45;2026-10-10 03:00
124244035;25496;2026-11-10 17:00;2026-10-10 03:00
124244035;25496;2026-11-10 17:15;2026-10-10 03:00
124244035;25496;2026-11-10 17:30;2026-10-10 03:00
124244035;25496;2026-11-10 17:45;2026-10-10 03:00
124244035;25496;2026-11-10 18:30;2026-10-10 03:00
124244035;25487;2026-10-12 14:30;2026-10-10 03:00
124244035;25487;2026-10-12 15:15;2026-10-10 03:00
124244035;25487;2026-10-13 10:30;2026-10-10 03:00
124244035;25487;2026-10-13 11:30;2026-10-10 03:00
124244035;25487;2026-10-14 14:15;2026-10-10 03:00
124244035;25487;2026-10-14 17:30;2026-10-10 03:00
124244035;25487;2026-10-15 10:30;2026-10-10 03:00
124244035;25487;2026-10-15 11:30;2026-10-10 03:00
124244035;25487;2026-10-16 14:15;2026-10-10 03:00
124244035;25487;2026-10-16 15:00;2026-10-10 03:00
124244035;25487;2026-10-16 17:15;2026-10-10 03:00
124244035;25487;2026-10-16 17:30;2026-10-10 03:00
124244035;25487;2026-10-19 07:20;2026-10-10 03:00
124244035;25487;2026-10-19 07:30;2026-10-10 03:00
124244035;25487;2026-10-19 07:45;2026-10-10 03:00
124244035;25487;2026-10-19 08:00;2026-10-10 03:00
124244035;25487;2026-10-19 09:00;2026-10-10 03:00
124244035;25487;2026-10-19 09:45;2026-10-10 03:00
124244035;25487;2026-10-19 10:30;2026-10-10 03:00
124244035;25487;2026-10-19 11:30;2026-10-10 03:00
124244035;25487;2026-10-19 11:45;2026-10-10 03:00
124244035;25487;2026-10-20 13:30;2026-10-10 03:00
124244035;25487;2026-10-20 13:40;2026-10-10 03:00
124244035;25487;2026-10-20 13:50;2026-10-10 03:00
124244035;25487;2026-10-20 14:00;2026-10-10 03:00
124244035;25487;2026-10-20 14:15;2026-10-10 03:00
124244035;25487;2026-10-20 14:30;2026-10-10 03:00
124244035;25487;2026-10-20 14:45;2026-10-10 03:00
124244035;25487;2026-10-20 15:00;2026-10-10 03:00
124244035;25487;2026-10-20 15:15;2026-10-10 03:00
124244035;25487;2026-10-20 15:45;2026-10-10 03:00
124244035;25487;2026-10-20 16:00;2026-10-10 03:00
124244035;25487;2026-10-20 16:15;2026-10-10 03:00
124244035;25487;2026-10-20 17:00;2026-10-10 03:00
124244035;25487;2026-10-20 17:15;2026-10-10 03:00
124244035;25487;2026-10-20 17:30;2026-10-10 03:00
124244035;25487;2026-10-20 17:45;2026-10-10 03:00
124244035;25487;2026-10-20 18:00;2026-10-10 03:00
124244035;25487;2026-10-20 18:15;2026-10-10 03:00
124244035;25487;2026-10-21 07:00;2026-10-10 03:00
124244035;25487;2026-10-21 07:10;2026-10-10 03:00
124244035;25487;2026-10-21 07:20;2026-10-10 03:00
124244035;25487;2026-10-21 07:30;2026-10-10 03:00
124244035;25487;2026-10-21 07:45;2026-10-10 03:00
124244035;25487;2026-10-21 08:00;2026-10-10 03:00
124244035;25487;2026-10-21 08:15;2026-10-10 03:00
124244035;25487;2026-10-21 08:30;2026-10-10 03:00
124244035;25487;2026-10-21 08:45;2026-10-10 03:00
124244035;25487;2026-10-21 09:00;2026-10-10 03:00
124244035;25487;2026-10-21 09:15;2026-10-10 03:00
124244035;25487;2026-10-21 09:30;2026-10-10 03:00
124244035;25487;2026-10-21 10:30;2026-10-10 03:00
124244035;25487;2026-10-21 11:30;2026-10-10 03:00
124244035;25487;2026-10-21 11:45;2026-10-10 03:00
124244035;25487;2026-10-21 12:00;2026-10-10 03:00
124244035;25487;2026-10-22 13:30;2026-10-10 03:00
124244035;25487;2026-10-22 13:40;2026-10-10 03:00
124244035;25487;2026-10-22 13:50;2026-10-10 03:00
124244035;25487;2026-10-22 14:00;2026-10-10 03:00
124244035;25487;2026-10-22 14:15;2026-10-10 03:00
124244035;25487;2026-10-22 14:30;2026-10-10 03:00
124244035;25487;2026-10-22 14:45;2026-10-10 03:00
124244035;25487;2026-10-22 15:00;2026-10-10 03:00
124244035;25487;2026-10-22 15:15;2026-10-10 03:00
124244035;25487;2026-10-22 15:30;2026-10-10 03:00
124244035;25487;2026-10-22 15:45;2026-10-10 03:00
124244035;25487;2026-10-22 16:00;2026-10-10 03:00
124244035;25487;2026-10-22 16:15;2026-10-10 03:00
124244035;25487;2026-10-22 17:00;2026-10-10 03:00
124244035;25487;2026-10-22 17:15;2026-10-10 03:00
124244035;25487;2026-10-22 17:30;2026-10-10 03:00
124244035;25487;2026-10-22 17:45;2026-10-10 03:00
124244035;25487;2026-10-22 18:00;2026-10-10 03:00
124244035;25487;2026-10-22 18:15;2026-10-10 03:00
124244035;25487;2026-10-22 18:30;2026-10-10 03:00
124244035;25487;2026-10-23 07:00;2026-10-10 03:00
124244035;25487;2026-10-23 07:10;2026-10-10 03:00
124244035;25487;2026-10-23 07:20;2026-10-10 03:00
124244035;25487;2026-10-23 07:30;2026-10-10 03:00
124244035;25487;2026-10-23 07:45;2026-10-10 03:00
124244035;25487;2026-10-23 09:00;2026-10-10 03:00
124244035;25487;2026-10-23 09:45;2026-10-10 03:00
124244035;25487;2026-10-23 10:15;2026-10-10 03:00
124244035;25487;2026-10-23 10:30;2026-10-10 03:00
124244035;25487;2026-10-23 10:45;2026-10-10 03:00
124244035;25487;2026-10-23 11:30;2026-10-10 03:00
124244035;25487;2026-10-23 11:45;2026-10-10 03:00
124244035;25487;2026-10-23 12:00;2026-10-10 03:00
124244035;25487;2026-10-26 13:30;2026-10-10 03:00
124244035;25487;2026-10-26 13:40;2026-10-10 03:00
124244035;25487;2026-10-26 13:50;2026-10-10 03:00
124244035;25487;2026-10-26 14:00;2026-10-10 03:00
124244035;25487;2026-10-26 14:15;2026-10-10 03:00
124244035;25487;2026-10-26 14:30;2026-10-10 03:00
124244035;25487;2026-10-26 14:45;2026-10-10 03:00
124244035;25487;2026-10-26 15:00;2026-10-10 03:00
124244035;25487;2026-10-26 15:15;2026-10-10 03:00
124244035;25487;2026-10-26 15:30;2026-10-10 03:00
124244035;25487;2026-10-26 15:45;2026-10-10 03:00
124244035;25487;2026-10-26 16:00;2026-10-10 03:00
124244035;25487;2026-10-26 16:15;2026-10-10 03:00
124244035;25487;2026-10-26 17:00;2026-10-10 03:00
124244035;25487;2026-10-26 17:15;2026-10-10 03:00
124244035;25487;2026-10-26 17:30;2026-10-10 03:00
124244035;25487;2026-10-26 17:45;2026-10-10 03:00
124244035;25487;2026-10-26 18:00;2026-10-10 03:00
124244035;25487;2026-10-26 18:15;2026-10-10 03:00
124244035;25487;2026-10-26 18:30;2026-10-10 03:00
124244035;25487;2026-10-27 07:00;2026-10-10 03:00
124244035;25487;2026-10-27 07:10;2026-10-10 03:00
124244035;25487;2026-10-27 07:20;2026-10-10 03:00
124244035;25487;2026-10-27 07:30;2026-10-10 03:00
124244035;25487;2026-10-27 07:45;2026-10-10 03:00
124244035;25487;2026-10-27 08:00;2026-10-10 03:00
124244035;25487;2026-10-27 08:15;2026-10-10 03:00
124244035;25487;2026-10-27 08:30;2026-10-10 03:00
124244035;25487;2026-10-27 08:45;2026-10-10 03:00
124244035;25487;2026-10-27 09:00;2026-10-10 03:00
124244035;25487;2026-10-27 09:15;2026-10-10 03:00
124244035;25487;2026-10-27 09:30;2026-10-10 03:00
124244035;25487;2026-10-27 09:45;2026-10-10 03:00
124244035;25487;2026-10-27 10:00;2026-10-10 03:00
124244035;25487;2026-10-27 10:15;2026-10-10 03:00
124244035;25487;2026-10-27 10:30;2026-10-10 03:00
124244035;25487;2026-10-27 10:45;2026-10-10 03:00
124244035;25487;2026-10-27 11:30;2026-10-10 03:00
124244035;25487;2026-10-27 11:45;2026-10-10 03:00
124244035;25487;2026-10-27 12:00;2026-10-10 03:00
124244035;25487;2026-10-28 13:30;2026-10-10 03:00
124244035;25487;2026-10-28 13:40;2026-10-10 03:00
124244035;25487;2026-10-28 13:50;2026-10-10 03:00
124244035;25487;2026-10-28 14:00;2026-10-10 03:00
124244035;25487;2026-10-28 14:15;2026-10-10 03:00
124244035;25487;2026-10-28 14:30;2026-10-10 03:00
124244035;25487;2026-10-28 14:45;2026-10-10 03:00
124244035;25487;2026-10-28 15:00;2026-10-10 03:00
124244035;25487;2026-10-28 15:15;2026-10-10 03:00
124244035;25487;2026-10-28 15:30;2026-10-10 03:00
124244035;25487;2026-10-28 15:45;2026-10-10 03:00
124244035;25487;2026-10-28 16:00;2026-10-10 03:00
124244035;25487;2026-10-28 16:15;2026-10-10 03:00
124244035;25487;2026-10-28 17:00;2026-10-10 03:00
124244035;25487;2026-10-28 17:15;2026-10-10 03:00
124244035;25487;2026-10-28 17:30;2026-10-10 03:00
124244035;25487;2026-10-28 17:45;2026-10-10 03:00
124244035;25487;2026-10-28 18:15;2026-10-10 03:00
124244035;25487;2026-10-28 18:30;2026-10-10 03:00
124244035;25487;2026-10-29 07:10;2026-10-10 03:00
124244035;25487;2026-10-29 07:20;2026-10-10 03:00
124244035;25487;2026-10-29 07:30;2026-10-10 03:00
124244035;25487;2026-10-29 07:45;2026-10-10 03:00
124244035;25487;2026-10-29 08:00;2026-10-10 03:00
124244035;25487;2026-10-29 08:15;2026-10-10 03:00
124244035;25487;2026-10-29 08:30;2026-10-10 03:00
124244035;25487;2026-10-29 08:45;2026-10-10 03:00
124244035;25487;2026-10-29 09:00;2026-10-10 03:00
124244035;25487;2026-10-29 09:15;2026-10-10 03:00
124244035;25487;2026-10-29 09:45;2026-10-10 03:00
124244035;25487;2026-10-29 10:00;2026-10-10 03:00
124244035;25487;2026-10-29 10:15;2026-10-10 03:00
124244035;25487;2026-10-29 10:30;2026-10-10 03:00
124244035;25487;2026-10-29 10:45;2026-10-10 03:00
124244035;25487;2026-10-29 11:30;2026-10-10 03:00
124244035;25487;2026-10-29 11:45;2026-10-10 03:00
124244035;25487;2026-10-29 12:00;2026-10-10 03:00
124244035;25487;2026-10-30 13:40;2026-10-10 03:00
124244035;25487;2026-10-30 13:50;2026-10-10 03:00
124244035;25487;2026-10-30 14:00;2026-10-10 03:00
124244035;25487;2026-10-30 14:15;2026-10-10 03:00
124244035;25487;2026-10-30 15:00;2026-10-10 03:00
124244035;25487;2026-10-30 15:30;2026-10-10 03:00
124244035;25487;2026-10-30 15:45;2026-10-10 03:00
124244035;25487;2026-10-30 16:00;2026-10-10 03:00
124244035;25487;2026-10-30 16:15;2026-10-10 03:00
124244035;25487;2026-10-30 17:00;2026-10-10 03:00
124244035;25487;2026-10-30 17:15;2026-10-10 03:00
124244035;25487;2026-10-30 17:30;2026-10-10 03:00
124244035;25487;2026-10-30 17:45;2026-10-10 03:00
124244035;25487;2026-10-30 18:00;2026-10-10 03:00
124244035;25487;2026-10-30 18:15;2026-10-10 03:00
124244035;25487;2026-10-30 18:30;2026-10-10 03:00
124244035;25487;2026-11-09 07:00;2026-10-10 03:00
124244035;25487;2026-11-09 07:10;2026-10-10 03:00
124244035;25487;2026-11-09 07:20;2026-10-10 03:00
124244035;25487;2026-11-09 07:30;2026-10-10 03:00
124244035;25487;2026-11-09 07:45;2026-10-10 03:00
124244035;25487;2026-11-09 08:00;2026-10-10 03:00
124244035;25487;2026-11-09 08:15;2026-10-10 03:00
124244035;25487;2026-11-09 08:30;2026-10-10 03:00
124244035;25487;2026-11-09 08:45;2026-10-10 03:00
124244035;25487;2026-11-09 09:00;2026-10-10 03:00
124244035;25487;2026-11-09 09:15;2026-10-10 03:00
124244035;25487;2026-11-09 09:30;2026-10-10 03:00
124244035;25487;2026-11-09 09:45;2026-10-10 03:00
124244035;25487;2026-11-09 10:00;2026-10-10 03:00
124244035;25487;2026-11-09 10:15;2026-10-10 03:00
124244035;25487;2026-11-09 10:30;2026-10-10 03:00
124244035;25487;2026-11-09 10:45;2026-10-10 03:00
124244035;25487;2026-11-09 11:30;2026-10-10 03:00
124244035;25487;2026-11-09 11:45;2026-10-10 03:00
124244035;25487;2026-11-09 12:00;2026-10-10 03:00
124244035;25487;2026-11-10 13:40;2026-10-10 03:00
124244035;25487;2026-11-10 13:50;2026-10-10 03:00
124244035;25487;2026-11-10 14:00;2026-10-10 03:00
124244035;25487;2026-11-10 14:15;2026-10-10 03:00
124244035;25487;2026-11-10 14:30;2026-10-10 03:00
124244035;25487;2026-11-10 14:45;2026-10-10 03:00
124244035;25487;2026-11-10 15:00;2026-10-10 03:00
124244035;25487;2026-11-10 15:15;2026-10-10 03:00
124244035;25487;2026-11-10 15:30;2026-10-10 03:00
124244035;25487;2026-11-10 15:45;2026-10-10 03:00
124244035;25487;2026-11-10 16:00;2026-10-10 03:00
124244035;25487;2026-11-10 16:15;2026-10-10 03:00
124244035;25487;2026-11-10 17:00;2026-10-10 03:00
124244035;25487;2026-11-10 17:15;2026-10-10 03:00
124244035;25487;2026-11-10 17:30;2026-10-10 03:00
124244035;25487;2026-11-10 17:45;2026-10-10 03:00
124244035;25487;2026-11-10 18:00;2026-10-10 03:00
124244035;25487;2026-11-10 18:15;2026-10-10 03:00
124244035;25487;2026-11-10 18:30;2026-10-10 03:00
124244035;25416;2026-10-12 10:30;2026-10-10 03:00
124244035;25416;2026-10-12 11:30;2026-10-10 03:00
124244035;25416;2026-10-12 11:45;2026-10-10 03:00
124244035;25416;2026-10-13 14:15;2026-10-10 03:00
124244035;25416;2026-10-13 15:00;2026-10-10 03:00
124244035;25416;2026-10-13 17:30;2026-10-10 03:00
124244035;25416;2026-10-14 09:00;2026-10-10 03:00
124244035;25416;2026-10-14 10:30;2026-10-10 03:00
124244035;25416;2026-10-15 14:15;2026-10-10 03:00
124244035;25416;2026-10-15 15:00;2026-10-10 03:00
124244035;25416;2026-10-15 17:30;2026-10-10 03:00
124244035;25416;2026-10-16 14:15;2026-10-10 03:00
124244035;25416;2026-10-16 15:00;2026-10-10 03:00
124244035;25416;2026-10-16 17:30;2026-10-10 03:00
124244035;25416;2026-10-19 08:00;2026-10-10 03:00
124244035;25416;2026-10-19 09:00;2026-10-10 03:00
124244035;25416;2026-10-19 10:30;2026-10-10 03:00
124244035;25416;2026-10-19 11:30;2026-10-10 03:00
124244035;25416;2026-10-19 11:45;2026-10-10 03:00
124244035;25416;2026-10-20 13:45;2026-10-10 03:00
124244035;25416;2026-10-20 14:15;2026-10-10 03:00
124244035;25416;2026-10-20 15:00;2026-10-10 03:00
124244035;25416;2026-10-20 15:15;2026-10-10 03:00
124244035;25416;2026-10-20 15:30;2026-10-10 03:00
124244035;25416;2026-10-20 15:45;2026-10-10 03:00
124244035;25416;2026-10-20 16:00;2026-10-10 03:00
124244035;25416;2026-10-20 16:15;2026-10-10 03:00
124244035;25416;2026-10-20 17:30;2026-10-10 03:00
124244035;25416;2026-10-21 07:15;2026-10-10 03:00
124244035;25416;2026-10-21 07:30;2026-10-10 03:00
124244035;25416;2026-10-21 07:45;2026-10-10 03:00
124244035;25416;2026-10-21 08:15;2026-10-10 03:00
124244035;25416;2026-10-21 08:30;2026-10-10 03:00
124244035;25416;2026-10-21 08:45;2026-10-10 03:00
124244035;25416;2026-10-21 09:00;2026-10-10 03:00
124244035;25416;2026-10-21 09:30;2026-10-10 03:00
124244035;25416;2026-10-21 09:45;2026-10-10 03:00
124244035;25416;2026-10-21 10:00;2026-10-10 03:00
124244035;25416;2026-10-21 10:30;2026-10-10 03:00
124244035;25416;2026-10-21 10:45;2026-10-10 03:00
124244035;25416;2026-10-21 11:30;2026-10-10 03:00
124244035;25416;2026-10-21 11:45;2026-10-10 03:00
124244035;25416;2026-10-22 13:30;2026-10-10 03:00
124244035;25416;2026-10-22 14:15;2026-10-10 03:00
124244035;25416;2026-10-22 15:00;2026-10-10 03:00
124244035;25416;2026-10-22 15:15;2026-10-10 03:00
124244035;25416;2026-10-22 15:30;2026-10-10 03:00
124244035;25416;2026-10-22 15:45;2026-10-10 03:00
124244035;25416;2026-10-22 16:00;2026-10-10 03:00
124244035;25416;2026-10-22 16:15;2026-10-10 03:00
124244035;25416;2026-10-22 17:00;2026-10-10 03:00
124244035;25416;2026-10-22 17:15;2026-10-10 03:00
124244035;25416;2026-10-22 17:30;2026-10-10 03:00
124244035;25416;2026-10-23 07:00;2026-10-10 03:00
124244035;25416;2026-10-23 07:15;2026-10-10 03:00
124244035;25416;2026-10-23 07:45;2026-10-10 03:00
124244035;25416;2026-10-23 08:00;2026-10-10 03:00
124244035;25416;2026-10-23 09:00;2026-10-10 03:00
124244035;25416;2026-10-23 09:15;2026-10-10 03:00
124244035;25416;2026-10-23 10:30;2026-10-10 03:00
124244035;25416;2026-10-23 10:45;2026-10-10 03:00
124244035;25416;2026-10-23 11:30;2026-10-10 03:00
124244035;25416;2026-10-23 11:45;2026-10-10 03:00
124244035;25416;2026-10-26 07:00;2026-10-10 03:00
124244035;25416;2026-10-26 08:15;2026-10-10 03:00
124244035;25416;2026-10-26 08:30;2026-10-10 03:00
124244035;25416;2026-10-26 09:00;2026-10-10 03:00
124244035;25416;2026-10-26 09:30;2026-10-10 03:00
124244035;25416;2026-10-26 10:00;2026-10-10 03:00
124244035;25416;2026-10-26 10:15;2026-10-10 03:00
124244035;25416;2026-10-26 10:30;2026-10-10 03:00
124244035;25416;2026-10-26 10:45;2026-10-10 03:00
124244035;25416;2026-10-26 11:30;2026-10-10 03:00
124244035;25416;2026-10-26 11:45;2026-10-10 03:00
124244035;25416;2026-10-26 12:00;2026-10-10 03:00
124244035;25416;2026-10-27 13:30;2026-10-10 03:00
124244035;25416;2026-10-27 13:45;2026-10-10 03:00
124244035;25416;2026-10-27 14:00;2026-10-10 03:00
124244035;25416;2026-10-27 14:15;2026-10-10 03:00
124244035;25416;2026-10-27 14:30;2026-10-10 03:00
124244035;25416;2026-10-27 14:45;2026-10-10 03:00
124244035;25416;2026-10-27 15:00;2026-10-10 03:00
124244035;25416;2026-10-27 15:15;2026-10-10 03:00
124244035;25416;2026-10-27 15:30;2026-10-10 03:00
124244035;25416;2026-10-27 15:45;2026-10-10 03:00
124244035;25416;2026-10-27 16:00;2026-10-10 03:00
124244035;25416;2026-10-27 16:15;2026-10-10 03:00
124244035;25416;2026-10-27 17:00;2026-10-10 03:00
124244035;25416;2026-10-27 17:15;2026-10-10 03:00
124244035;25416;2026-10-27 17:30;2026-10-10 03:00
124244035;25416;2026-10-27 17:45;2026-10-10 03:00
124244035;25416;2026-10-27 18:00;2026-10-10 03:00
124244035;25416;2026-10-28 07:00;2026-10-10 03:00
124244035;25416;2026-10-28 07:15;2026-10-10 03:00
124244035;25416;2026-10-28 07:30;2026-10-10 03:00
124244035;25416;2026-10-28 07:45;2026-10-10 03:00
124244035;25416;2026-10-28 08:00;2026-10-10 03:00
124244035;25416;2026-10-28 08:15;2026-10-10 03:00
124244035;25416;2026-10-28 08:30;2026-10-10 03:00
124244035;25416;2026-10-28 08:45;2026-10-10 03:00
124244035;25416;2026-10-28 09:00;2026-10-10 03:00
124244035;25416;2026-10-28 09:15;2026-10-10 03:00
124244035;25416;2026-10-28 09:30;2026-10-10 03:00
124244035;25416;2026-10-28 09:45;2026-10-10 03:00
124244035;25416;2026-10-28 10:30;2026-10-10 03:00
124244035;25416;2026-10-28 10:45;2026-10-10 03:00
124244035;25416;2026-10-28 11:30;2026-10-10 03:00
124244035;25416;2026-10-28 11:45;2026-10-10 03:00
124244035;25416;2026-11-03 07:00;2026-10-10 03:00
124244035;25416;2026-11-03 07:15;2026-10-10 03:00
124244035;25416;2026-11-03 07:30;2026-10-10 03:00
124244035;25416;2026-11-03 07:45;2026-10-10 03:00
124244035;25416;2026-11-03 08:00;2026-10-10 03:00
124244035;25416;2026-11-03 08:15;2026-10-10 03:00
124244035;25416;2026-11-03 08:30;2026-10-10 03:00
124244035;25416;2026-11-03 08:45;2026-10-10 03:00
124244035;25416;2026-11-03 09:00;2026-10-10 03:00
124244035;25416;2026-11-03 09:15;2026-10-10 03:00
124244035;25416;2026-11-03 09:30;2026-10-10 03:00
124244035;25416;2026-11-03 09:45;2026-10-10 03:00
124244035;25416;2026-11-03 10:00;2026-10-10 03:00
124244035;25416;2026-11-03 10:15;2026-10-10 03:00
124244035;25416;2026-11-03 10:30;2026-10-10 03:00
124244035;25416;2026-11-03 10:45;2026-10-10 03:00
124244035;25416;2026-11-03 11:30;2026-10-10 03:00
124244035;25416;2026-11-03 11:45;2026-10-10 03:00
124244035;25416;2026-11-03 12:00;2026-10-10 03:00
124244035;25416;2026-11-04 13:30;2026-10-10 03:00
124244035;25416;2026-11-04 13:45;2026-10-10 03:00
124244035;25416;2026-11-04 14:00;2026-10-10 03:00
124244035;25416;2026-11-04 14:15;2026-10-10 03:00
124244035;25416;2026-11-04 14:30;2026-10-10 03:00
124244035;25416;2026-11-04 14:45;2026-10-10 03:00
124244035;25416;2026-11-04 15:00;2026-10-10 03:00
124244035;25416;2026-11-04 15:15;2026-10-10 03:00
124244035;25416;2026-11-04 15:30;2026-10-10 03:00
124244035;25416;2026-11-04 15:45;2026-10-10 03:00
124244035;25416;2026-11-04 16:00;2026-10-10 03:00
124244035;25416;2026-11-04 16:15;2026-10-10 03:00
124244035;25416;2026-11-04 17:00;2026-10-10 03:00
124244035;25416;2026-11-04 17:15;2026-10-10 03:00
124244035;25416;2026-11-04 17:30;2026-10-10 03:00
124244035;25416;2026-11-04 17:45;2026-10-10 03:00
124244035;25416;2026-11-04 18:00;2026-10-10 03:00
124244035;25416;2026-11-04 18:15;2026-10-10 03:00
124244035;25416;2026-11-04 18:30;2026-10-10 03:00
124244035;25416;2026-11-05 07:00;2026-10-10 03:00
124244035;25416;2026-11-05 07:15;2026-10-10 03:00
124244035;25416;2026-11-05 07:30;2026-10-10 03:00
124244035;25416;2026-11-05 07:45;2026-10-10 03:00
124244035;25416;2026-11-05 08:00;2026-10-10 03:00
124244035;25416;2026-11-05 08:15;2026-10-10 03:00
124244035;25416;2026-11-05 08:30;2026-10-10 03:00
124244035;25416;2026-11-05 08:45;2026-10-10 03:00
124244035;25416;2026-11-05 09:00;2026-10-10 03:00
124244035;25416;2026-11-05 09:15;2026-10-10 03:00
124244035;25416;2026-11-05 09:30;2026-10-10 03:00
124244035;25416;2026-11-05 09:45;2026-10-10 03:00
124244035;25416;2026-11-05 10:00;2026-10-10 03:00
124244035;25416;2026-11-05 10:30;2026-10-10 03:00
124244035;25416;2026-11-05 10:45;2026-10-10 03:00
124244035;25416;2026-11-05 11:30;2026-10-10 03:00
124244035;25416;2026-11-05 11:45;2026-10-10 03:00
124244035;25416;2026-11-05 12:00;2026-10-10 03:00
124244035;25416;2026-11-06 13:30;2026-10-10 03:00
124244035;25416;2026-11-06 14:15;2026-10-10 03:00
124244035;25416;2026-11-06 14:30;2026-10-10 03:00
124244035;25416;2026-11-06 14:45;2026-10-10 03:00
124244035;25416;2026-11-06 15:00;2026-10-10 03:00
124244035;25416;2026-11-06 15:15;2026-10-10 03:00
124244035;25416;2026-11-06 15:30;2026-10-10 03:00
124244035;25416;2026-11-06 15:45;2026-10-10 03:00
124244035;25416;2026-11-06 16:00;2026-10-10 03:00
124244035;25416;2026-11-06 17:00;2026-10-10 03:00
124244035;25416;2026-11-06 17:15;2026-10-10 03:00
124244035;25416;2026-11-06 17:30;2026-10-10 03:00
124244035;25416;2026-11-06 17:45;2026-10-10 03:00
124244035;25416;2026-11-06 18:00;2026-10-10 03:00
124244035;25416;2026-11-09 13:45;2026-10-10 03:00
124244035;25416;2026-11-09 14:00;2026-10-10 03:00
124244035;25416;2026-11-09 14:15;2026-10-10 03:00
124244035;25416;2026-11-09 14:30;2026-10-10 03:00
124244035;25416;2026-11-09 14:45;2026-10-10 03:00
124244035;25416;2026-11-09 15:00;2026-10-10 03:00
124244035;25416;2026-11-09 15:15;2026-10-10 03:00
124244035;25416;2026-11-09 15:30;2026-10-10 03:00
124244035;25416;2026-11-09 15:45;2026-10-10 03:00
124244035;25416;2026-11-09 16:00;2026-10-10 03:00
124244035;25416;2026-11-09 16:15;2026-10-10 03:00
124244035;25416;2026-11-09 17:00;2026-10-10 03:00
124244035;25416;2026-11-09 17:15;2026-10-10 03:00
124244035;25416;2026-11-09 17:30;2026-10-10 03:00
124244035;25416;2026-11-09 17:45;2026-10-10 03:00
124244035;25416;2026-11-09 18:00;2026-10-10 03:00
124244035;25416;2026-11-09 18:15;2026-10-10 03:00
124244035;25416;2026-11-09 18:30;2026-10-10 03:00
124244035;25416;2026-11-10 07:00;2026-10-10 03:00
124244035;25416;2026-11-10 07:15;2026-10-10 03:00
124244035;25416;2026-11-10 07:30;2026-10-10 03:00
124244035;25416;2026-11-10 07:45;2026-10-10 03:00
124244035;25416;2026-11-10 08:00;2026-10-10 03:00
124244035;25416;2026-11-10 08:15;2026-10-10 03:00
124244035;25416;2026-11-10 08:30;2026-10-10 03:00
124244035;25416;2026-11-10 08:45;2026-10-10 03:00
124244035;25416;2026-11-10 09:00;2026-10-10 03:00
124244035;25416;2026-11-10 09:15;2026-10-10 03:00
124244035;25416;2026-11-10 09:30;2026-10-10 03:00
124244035;25416;2026-11-10 09:45;2026-10-10 03:00
124244035;25416;2026-11-10 10:00;2026-10-10 03:00
124244035;25416;2026-11-10 10:15;2026-10-10 03:00
124244035;25416;2026-11-10 10:30;2026-10-10 03:00
124244035;25416;2026-11-10 10:45;2026-10-10 03:00
124244035;25416;2026-11-10 11:30;2026-10-10 03:00
124244035;25416;2026-11-10 11:45;2026-10-10 03:00
124244035;25416;2026-11-10 12:00;2026-10-10 03:00
124244035;24979;2026-10-12 15:00;2026-10-10 03:00
124244035;24979;2026-10-12 17:30;2026-10-10 03:00
124244035;24979;2026-10-13 09:00;2026-10-10 03:00
124244035;24979;2026-10-13 10:30;2026-10-10 03:00
124244035;24979;2026-10-13 11:45;2026-10-10 03:00
124244035;24979;2026-10-14 14:15;2026-10-10 03:00
124244035;24979;2026-10-14 15:00;2026-10-10 03:00
124244035;24979;2026-10-14 16:15;2026-10-10 03:00
124244035;24979;2026-10-14 17:30;2026-10-10 03:00
124244035;24979;2026-10-15 07:30;2026-10-10 03:00
124244035;24979;2026-10-15 07:45;2026-10-10 03:00
124244035;24979;2026-10-15 08:00;2026-10-10 03:00
124244035;24979;2026-10-15 08:15;2026-10-10 03:00
124244035;24979;2026-10-15 08:30;2026-10-10 03:00
124244035;24979;2026-10-15 08:45;2026-10-10 03:00
124244035;24979;2026-10-15 09:00;2026-10-10 03:00
124244035;24979;2026-10-15 10:30;2026-10-10 03:00
124244035;24979;2026-10-15 11:30;2026-10-10 03:00
124244035;24979;2026-10-15 11:45;2026-10-10 03:00
124244035;24979;2026-10-16 07:00;2026-10-10 03:00
124244035;24979;2026-10-16 07:15;2026-10-10 03:00
124244035;24979;2026-10-16 07:45;2026-10-10 03:00
124244035;24979;2026-10-16 08:15;2026-10-10 03:00
124244035;24979;2026-10-16 09:00;2026-10-10 03:00
124244035;24979;2026-10-16 10:00;2026-10-10 03:00
124244035;24979;2026-10-16 10:15;2026-10-10 03:00
124244035;24979;2026-10-16 10:30;2026-10-10 03:00
124244035;24979;2026-10-16 11:30;2026-10-10 03:00
124244035;24979;2026-10-19 13:30;2026-10-10 03:00
124244035;24979;2026-10-19 14:15;2026-10-10 03:00
124244035;24979;2026-10-19 14:30;2026-10-10 03:00
124244035;24979;2026-10-19 14:45;2026-10-10 03:00
124244035;24979;2026-10-19 15:00;2026-10-10 03:00
124244035;24979;2026-10-19 15:30;2026-10-10 03:00
124244035;24979;2026-10-19 15:45;2026-10-10 03:00
124244035;24979;2026-10-19 16:15;2026-10-10 03:00
124244035;24979;2026-10-19 17:00;2026-10-10 03:00
124244035;24979;2026-10-19 17:15;2026-10-10 03:00
124244035;24979;2026-10-19 17:30;2026-10-10 03:00
124244035;24979;2026-10-19 17:45;2026-10-10 03:00
124244035;24979;2026-10-19 18:00;2026-10-10 03:00
124244035;24979;2026-10-19 18:15;2026-10-10 03:00
124244035;24979;2026-10-19 18:30;2026-10-10 03:00
124244035;24979;2026-10-20 07:45;2026-10-10 03:00
124244035;24979;2026-10-20 08:00;2026-10-10 03:00
124244035;24979;2026-10-20 08:15;2026-10-10 03:00
124244035;24979;2026-10-20 08:45;2026-10-10 03:00
124244035;24979;2026-10-20 09:00;2026-10-10 03:00
124244035;24979;2026-10-20 09:45;2026-10-10 03:00
124244035;24979;2026-10-20 10:00;2026-10-10 03:00
124244035;24979;2026-10-20 10:15;2026-10-10 03:00
124244035;24979;2026-10-20 10:30;2026-10-10 03:00
124244035;24979;2026-10-20 11:30;2026-10-10 03:00
124244035;24979;2026-10-20 11:45;2026-10-10 03:00
124244035;24979;2026-10-21 13:30;2026-10-10 03:00
124244035;24979;2026-10-21 13:45;2026-10-10 03:00
124244035;24979;2026-10-21 14:00;2026-10-10 03:00
124244035;24979;2026-10-21 14:15;2026-10-10 03:00
124244035;24979;2026-10-21 14:30;2026-10-10 03:00
124244035;24979;2026-10-21 14:45;2026-10-10 03:00
124244035;24979;2026-10-21 15:00;2026-10-10 03:00
124244035;24979;2026-10-21 15:15;2026-10-10 03:00
124244035;24979;2026-10-21 15:30;2026-10-10 03:00
124244035;24979;2026-10-21 15:45;2026-10-10 03:00
124244035;24979;2026-10-21 16:00;2026-10-10 03:00
124244035;24979;2026-10-21 16:15;2026-10-10 03:00
124244035;24979;2026-10-21 17:00;2026-10-10 03:00
124244035;24979;2026-10-21 17:15;2026-10-10 03:00
124244035;24979;2026-10-21 17:30;2026-10-10 03:00
124244035;24979;2026-10-21 17:45;2026-10-10 03:00
124244035;24979;2026-10-21 18:00;2026-10-10 03:00
124244035;24979;2026-10-21 18:15;2026-10-10 03:00
124244035;24979;2026-10-21 18:30;2026-10-10 03:00
124244035;24979;2026-10-22 07:00;2026-10-10 03:00
124244035;24979;2026-10-22 07:15;2026-10-10 03:00
124244035;24979;2026-10-22 07:30;2026-10-10 03:00
124244035;24979;2026-10-22 07:45;2026-10-10 03:00
124244035;24979;2026-10-22 08:00;2026-10-10 03:00
124244035;24979;2026-10-22 08:15;2026-10-10 03:00
124244035;24979;2026-10-22 08:30;2026-10-10 03:00
124244035;24979;2026-10-22 08:45;2026-10-10 03:00
124244035;24979;2026-10-22 09:00;2026-10-10 03:00
124244035;24979;2026-10-22 09:15;2026-10-10 03:00
124244035;24979;2026-10-22 09:30;2026-10-10 03:00
124244035;24979;2026-10-22 09:45;2026-10-10 03:00
124244035;24979;2026-10-22 10:00;2026-10-10 03:00
124244035;24979;2026-10-22 10:15;2026-10-10 03:00
124244035;24979;2026-10-22 10:30;2026-10-10 03:00
124244035;24979;2026-10-22 10:45;2026-10-10 03:00
124244035;24979;2026-10-22 11:30;2026-10-10 03:00
124244035;24979;2026-10-22 11:45;2026-10-10 03:00
124244035;24979;2026-10-22 12:00;2026-10-10 03:00
124244035;24979;2026-10-23 14:15;2026-10-10 03:00
124244035;24979;2026-10-23 14:30;2026-10-10 03:00
124244035;24979;2026-10-23 14:45;2026-10-10 03:00
124244035;24979;2026-10-23 15:00;2026-10-10 03:00
124244035;24979;2026-10-23 15:30;2026-10-10 03:00
124244035;24979;2026-10-23 15:45;2026-10-10 03:00
124244035;24979;2026-10-23 16:00;2026-10-10 03:00
124244035;24979;2026-10-23 16:15;2026-10-10 03:00
124244035;24979;2026-10-23 17:00;2026-10-10 03:00
124244035;24979;2026-10-23 17:15;2026-10-10 03:00
124244035;24979;2026-10-23 17:30;2026-10-10 03:00
124244035;24979;2026-10-23 17:45;2026-10-10 03:00
124244035;24979;2026-10-23 18:00;2026-10-10 03:00
124244035;24979;2026-10-23 18:15;2026-10-10 03:00
124244035;24979;2026-10-23 18:30;2026-10-10 03:00
124244035;24979;2026-10-26 13:30;2026-10-10 03:00
124244035;24979;2026-10-26 13:45;2026-10-10 03:00
124244035;24979;2026-10-26 14:15;2026-10-10 03:00
124244035;24979;2026-10-26 14:30;2026-10-10 03:00
124244035;24979;2026-10-26 14:45;2026-10-10 03:00
124244035;24979;2026-10-26 15:00;2026-10-10 03:00
124244035;24979;2026-10-26 15:15;2026-10-10 03:00
124244035;24979;2026-10-26 15:45;2026-10-10 03:00
124244035;24979;2026-10-26 16:00;2026-10-10 03:00
124244035;24979;2026-10-26 16:15;2026-10-10 03:00
124244035;24979;2026-10-26 17:00;2026-10-10 03:00
124244035;24979;2026-10-26 17:15;2026-10-10 03:00
124244035;24979;2026-10-26 17:30;2026-10-10 03:00
124244035;24979;2026-10-26 17:45;2026-10-10 03:00
124244035;24979;2026-10-26 18:00;2026-10-10 03:00
124244035;24979;2026-10-26 18:15;2026-10-10 03:00
124244035;24979;2026-10-26 18:30;2026-10-10 03:00
124244035;24979;2026-10-27 07:00;2026-10-10 03:00
124244035;24979;2026-10-27 07:15;2026-10-10 03:00
124244035;24979;2026-10-27 07:30;2026-10-10 03:00
124244035;24979;2026-10-27 07:45;2026-10-10 03:00
124244035;24979;2026-10-27 08:00;2026-10-10 03:00
124244035;24979;2026-10-27 08:15;2026-10-10 03:00
124244035;24979;2026-10-27 08:30;2026-10-10 03:00
124244035;24979;2026-10-27 08:45;2026-10-10 03:00
124244035;24979;2026-10-27 09:00;2026-10-10 03:00
124244035;24979;2026-10-27 09:15;2026-10-10 03:00
124244035;24979;2026-10-27 09:30;2026-10-10 03:00
124244035;24979;2026-10-27 09:45;2026-10-10 03:00
124244035;24979;2026-10-27 10:15;2026-10-10 03:00
124244035;24979;2026-10-27 10:30;2026-10-10 03:00
124244035;24979;2026-10-27 10:45;2026-10-10 03:00
124244035;24979;2026-10-27 11:30;2026-10-10 03:00
124244035;24979;2026-10-27 11:45;2026-10-10 03:00
124244035;24979;2026-10-27 12:00;2026-10-10 03:00
124244035;24979;2026-10-28 13:45;2026-10-10 03:00
124244035;24979;2026-10-28 14:00;2026-10-10 03:00
124244035;24979;2026-10-28 14:15;2026-10-10 03:00
124244035;24979;2026-10-28 14:30;2026-10-10 03:00
124244035;24979;2026-10-28 15:00;2026-10-10 03:00
124244035;24979;2026-10-28 15:15;2026-10-10 03:00
124244035;24979;2026-10-28 15:30;2026-10-10 03:00
124244035;24979;2026-10-28 15:45;2026-10-10 03:00
124244035;24979;2026-10-28 16:00;2026-10-10 03:00
124244035;24979;2026-10-28 16:15;2026-10-10 03:00
124244035;24979;2026-10-28 17:00;2026-10-10 03:00
124244035;24979;2026-10-28 17:15;2026-10-10 03:00
124244035;24979;2026-10-28 17:30;2026-10-10 03:00
124244035;24979;2026-10-28 17:45;2026-10-10 03:00
124244035;24979;2026-10-28 18:00;2026-10-10 03:00
124244035;24979;2026-10-28 18:15;2026-10-10 03:00
124244035;24979;2026-10-28 18:30;2026-10-10 03:00
124244035;24979;2026-10-29 07:00;2026-10-10 03:00
124244035;24979;2026-10-29 07:15;2026-10-10 03:00
124244035;24979;2026-10-29 07:30;2026-10-10 03:00
124244035;24979;2026-10-29 08:00;2026-10-10 03:00
124244035;24979;2026-10-29 08:15;2026-10-10 03:00
124244035;24979;2026-10-29 08:30;2026-10-10 03:00
124244035;24979;2026-10-29 08:45;2026-10-10 03:00
124244035;24979;2026-10-29 09:00;2026-10-10 03:00
124244035;24979;2026-10-29 09:15;2026-10-10 03:00
124244035;24979;2026-10-29 09:30;2026-10-10 03:00
124244035;24979;2026-10-29 09:45;2026-10-10 03:00
124244035;24979;2026-10-29 10:00;2026-10-10 03:00
124244035;24979;2026-10-29 10:15;2026-10-10 03:00
124244035;24979;2026-10-29 10:30;2026-10-10 03:00
124244035;24979;2026-10-29 10:45;2026-10-10 03:00
124244035;24979;2026-10-29 11:30;2026-10-10 03:00
124244035;24979;2026-10-29 11:45;2026-10-10 03:00
124244035;24979;2026-10-29 12:00;2026-10-10 03:00
124244035;24979;2026-10-30 07:00;2026-10-10 03:00
124244035;24979;2026-10-30 07:15;2026-10-10 03:00
124244035;24979;2026-10-30 07:30;2026-10-10 03:00
124244035;24979;2026-10-30 07:45;2026-10-10 03:00
124244035;24979;2026-10-30 08:00;2026-10-10 03:00
124244035;24979;2026-10-30 08:15;2026-10-10 03:00
124244035;24979;2026-10-30 09:00;2026-10-10 03:00
124244035;24979;2026-10-30 09:30;2026-10-10 03:00
124244035;24979;2026-10-30 09:45;2026-10-10 03:00
124244035;24979;2026-10-30 10:00;2026-10-10 03:00
124244035;24979;2026-10-30 10:30;2026-10-10 03:00
124244035;24979;2026-10-30 10:45;2026-10-10 03:00
124244035;24979;2026-10-30 11:30;2026-10-10 03:00
124244035;24979;2026-10-30 12:00;2026-10-10 03:00
124244035;24979;2026-11-03 07:00;2026-10-10 03:00
124244035;24979;2026-11-03 07:15;2026-10-10 03:00
124244035;24979;2026-11-03 07:30;2026-10-10 03:00
124244035;24979;2026-11-03 07:45;2026-10-10 03:00
124244035;24979;2026-11-03 08:00;2026-10-10 03:00
124244035;24979;2026-11-03 08:15;2026-10-10 03:00
124244035;24979;2026-11-03 08:30;2026-10-10 03:00
124244035;24979;2026-11-03 08:45;2026-10-10 03:00
124244035;24979;2026-11-03 09:00;2026-10-10 03:00
124244035;24979;2026-11-03 09:15;2026-10-10 03:00
124244035;24979;2026-11-03 09:30;2026-10-10 03:00
124244035;24979;2026-11-03 09:45;2026-10-10 03:00
124244035;24979;2026-11-03 10:00;2026-10-10 03:00
124244035;24979;2026-11-03 10:30;2026-10-10 03:00
124244035;24979;2026-11-03 10:45;2026-10-10 03:00
124244035;24979;2026-11-03 11:30;2026-10-10 03:00
124244035;24979;2026-11-03 11:45;2026-10-10 03:00
124244035;24979;2026-11-09 13:30;2026-10-10 03:00
124244035;24979;2026-11-09 13:45;2026-10-10 03:00
124244035;24979;2026-11-09 14:15;2026-10-10 03:00
124244035;24979;2026-11-09 14:30;2026-10-10 03:00
124244035;24979;2026-11-09 14:45;2026-10-10 03:00
124244035;24979;2026-11-09 15:00;2026-10-10 03:00
124244035;24979;2026-11-09 15:15;2026-10-10 03:00
124244035;24979;2026-11-09 15:30;2026-10-10 03:00
124244035;24979;2026-11-09 15:45;2026-10-10 03:00
124244035;24979;2026-11-09 16:00;2026-10-10 03:00
124244035;24979;2026-11-09 17:00;2026-10-10 03:00
124244035;24979;2026-11-09 17:15;2026-10-10 03:00
124244035;24979;2026-11-09 17:30;2026-10-10 03:00
124244035;24979;2026-11-09 17:45;2026-10-10 03:00
124244035;24979;2026-11-09 18:00;2026-10-10 03:00
124244035;24979;2026-11-09 18:15;2026-10-10 03:00
124244035;24979;2026-11-10 07:00;2026-10-10 03:00
124244035;24979;2026-11-10 07:15;2026-10-10 03:00
124244035;24979;2026-11-10 07:30;2026-10-10 03:00
124244035;24979;2026-11-10 07:45;2026-10-10 03:00
124244035;24979;2026-11-10 08:00;2026-10-10 03:00
124244035;24979;2026-11-10 08:15;2026-10-10 03:00
124244035;24979;2026-11-10 08:30;2026-10-10 03:00
124244035;24979;2026-11-10 08:45;2026-10-10 03:00
124244035;24979;2026-11-10 09:00;2026-10-10 03:00
124244035;24979;2026-11-10 09:15;2026-10-10 03:00
124244035;24979;2026-11-10 09:30;2026-10-10 03:00
124244035;24979;2026-11-10 09:45;2026-10-10 03:00
124244035;24979;2026-11-10 10:00;2026-10-10 03:00
124244035;24979;2026-11-10 10:15;2026-10-10 03:00
124244035;24979;2026-11-10 10:30;2026-10-10 03:00
124244035;24979;2026-11-10 10:45;2026-10-10 03:00
124244035;24979;2026-11-10 11:30;2026-10-10 03:00
124244035;24979;2026-11-10 11:45;2026-10-10 03:00
124244035;24979;2026-11-10 12:00;2026-10-10 03:00
124244035;24608;2026-10-12 15:00;2026-10-10 03:00
124244035;24608;2026-10-13 11:30;2026-10-10 03:00
124244035;24608;2026-10-13 11:45;2026-10-10 03:00
124244035;24608;2026-10-14 14:00;2026-10-10 03:00
124244035;24608;2026-10-14 14:15;2026-10-10 03:00
124244035;24608;2026-10-14 15:00;2026-10-10 03:00
124244035;24608;2026-10-14 17:30;2026-10-10 03:00
124244035;24608;2026-10-15 09:00;2026-10-10 03:00
124244035;24608;2026-10-15 10:30;2026-10-10 03:00
124244035;24608;2026-10-15 11:30;2026-10-10 03:00
124244035;24608;2026-10-15 11:45;2026-10-10 03:00
124244035;24608;2026-10-16 09:00;2026-10-10 03:00
124244035;24608;2026-10-16 11:30;2026-10-10 03:00
124244035;24608;2026-10-19 14:00;2026-10-10 03:00
124244035;24608;2026-10-19 14:15;2026-10-10 03:00
124244035;24608;2026-10-19 15:00;2026-10-10 03:00
124244035;24608;2026-10-19 17:30;2026-10-10 03:00
124244035;24608;2026-10-20 09:00;2026-10-10 03:00
124244035;24608;2026-10-20 10:30;2026-10-10 03:00
124244035;24608;2026-10-20 11:30;2026-10-10 03:00
124244035;24608;2026-10-20 11:45;2026-10-10 03:00
124244035;24608;2026-10-21 14:00;2026-10-10 03:00
124244035;24608;2026-10-21 14:15;2026-10-10 03:00
124244035;24608;2026-10-21 15:00;2026-10-10 03:00
124244035;24608;2026-10-21 16:15;2026-10-10 03:00
124244035;24608;2026-10-21 17:30;2026-10-10 03:00
124244035;24608;2026-10-22 07:00;2026-10-10 03:00
124244035;24608;2026-10-22 07:15;2026-10-10 03:00
124244035;24608;2026-10-22 07:30;2026-10-10 03:00
124244035;24608;2026-10-22 07:45;2026-10-10 03:00
124244035;24608;2026-10-22 08:00;2026-10-10 03:00
124244035;24608;2026-10-22 08:15;2026-10-10 03:00
124244035;24608;2026-10-22 08:30;2026-10-10 03:00
124244035;24608;2026-10-22 09:00;2026-10-10 03:00
124244035;24608;2026-10-22 09:45;2026-10-10 03:00
124244035;24608;2026-10-22 10:00;2026-10-10 03:00
124244035;24608;2026-10-22 10:15;2026-10-10 03:00
124244035;24608;2026-10-22 10:30;2026-10-10 03:00
124244035;24608;2026-10-22 11:30;2026-10-10 03:00
124244035;24608;2026-10-22 11:45;2026-10-10 03:00
124244035;24608;2026-10-22 12:00;2026-10-10 03:00
124244035;24608;2026-10-23 13:30;2026-10-10 03:00
124244035;24608;2026-10-23 14:15;2026-10-10 03:00
124244035;24608;2026-10-23 14:30;2026-10-10 03:00
124244035;24608;2026-10-23 14:45;2026-10-10 03:00
124244035;24608;2026-10-23 15:00;2026-10-10 03:00
124244035;24608;2026-10-23 15:15;2026-10-10 03:00
124244035;24608;2026-10-23 15:30;2026-10-10 03:00
124244035;24608;2026-10-23 15:45;2026-10-10 03:00
124244035;24608;2026-10-23 16:00;2026-10-10 03:00
124244035;24608;2026-10-23 16:15;2026-10-10 03:00
124244035;24608;2026-10-23 17:00;2026-10-10 03:00
124244035;24608;2026-10-23 17:15;2026-10-10 03:00
124244035;24608;2026-10-23 17:30;2026-10-10 03:00
124244035;24608;2026-10-23 17:45;2026-10-10 03:00
124244035;24608;2026-10-26 13:30;2026-10-10 03:00
124244035;24608;2026-10-26 13:45;2026-10-10 03:00
124244035;24608;2026-10-26 14:00;2026-10-10 03:00
124244035;24608;2026-10-26 14:15;2026-10-10 03:00
124244035;24608;2026-10-26 14:30;2026-10-10 03:00
124244035;24608;2026-10-26 14:45;2026-10-10 03:00
124244035;24608;2026-10-26 15:00;2026-10-10 03:00
124244035;24608;2026-10-26 15:15;2026-10-10 03:00
124244035;24608;2026-10-26 15:45;2026-10-10 03:00
124244035;24608;2026-10-26 16:00;2026-10-10 03:00
124244035;24608;2026-10-26 16:15;2026-10-10 03:00
124244035;24608;2026-10-26 17:00;2026-10-10 03:00
124244035;24608;2026-10-26 17:15;2026-10-10 03:00
124244035;24608;2026-10-26 17:30;2026-10-10 03:00
124244035;24608;2026-10-26 17:45;2026-10-10 03:00
124244035;24608;2026-10-26 18:00;2026-10-10 03:00
124244035;24608;2026-10-26 18:15;2026-10-10 03:00
124244035;24608;2026-10-26 18:30;2026-10-10 03:00
124244035;24608;2026-10-27 07:00;2026-10-10 03:00
124244035;24608;2026-10-27 07:15;2026-10-10 03:00
124244035;24608;2026-10-27 07:30;2026-10-10 03:00
124244035;24608;2026-10-27 07:45;2026-10-10 03:00
124244035;24608;2026-10-27 08:00;2026-10-10 03:00
124244035;24608;2026-10-27 08:15;2026-10-10 03:00
124244035;24608;2026-10-27 08:30;2026-10-10 03:00
124244035;24608;2026-10-27 09:00;2026-10-10 03:00
124244035;24608;2026-10-27 09:15;2026-10-10 03:00
124244035;24608;2026-10-27 09:30;2026-10-10 03:00
124244035;24608;2026-10-27 09:45;2026-10-10 03:00
124244035;24608;2026-10-27 10:00;2026-10-10 03:00
124244035;24608;2026-10-27 10:15;2026-10-10 03:00
124244035;24608;2026-10-27 10:30;2026-10-10 03:00
124244035;24608;2026-10-27 10:45;2026-10-10 03:00
124244035;24608;2026-10-27 11:30;2026-10-10 03:00
124244035;24608;2026-10-27 11:45;2026-10-10 03:00
124244035;24608;2026-10-27 12:00;2026-10-10 03:00
124244035;24608;2026-10-28 13:30;2026-10-10 03:00
124244035;24608;2026-10-28 13:45;2026-10-10 03:00
124244035;24608;2026-10-28 14:00;2026-10-10 03:00
124244035;24608;2026-10-28 14:15;2026-10-10 03:00
124244035;24608;2026-10-28 14:30;2026-10-10 03:00
124244035;24608;2026-10-28 14:45;2026-10-10 03:00
124244035;24608;2026-10-28 15:00;2026-10-10 03:00
124244035;24608;2026-10-28 15:15;2026-10-10 03:00
124244035;24608;2026-10-28 15:30;2026-10-10 03:00
124244035;24608;2026-10-28 15:45;2026-10-10 03:00
124244035;24608;2026-10-28 16:00;2026-10-10 03:00
124244035;24608;2026-10-28 16:15;2026-10-10 03:00
124244035;24608;2026-10-28 17:00;2026-10-10 03:00
124244035;24608;2026-10-28 17:15;2026-10-10 03:00
124244035;24608;2026-10-28 17:30;2026-10-10 03:00
124244035;24608;2026-10-28 17:45;2026-10-10 03:00
124244035;24608;2026-10-28 18:00;2026-10-10 03:00
124244035;24608;2026-10-28 18:15;2026-10-10 03:00
124244035;24608;2026-10-28 18:30;2026-10-10 03:00
124244035;24608;2026-10-29 07:00;2026-10-10 03:00
124244035;24608;2026-10-29 07:15;2026-10-10 03:00
124244035;24608;2026-10-29 07:30;2026-10-10 03:00
124244035;24608;2026-10-29 07:45;2026-10-10 03:00
124244035;24608;2026-10-29 08:00;2026-10-10 03:00
124244035;24608;2026-10-29 08:15;2026-10-10 03:00
124244035;24608;2026-10-29 08:30;2026-10-10 03:00
124244035;24608;2026-10-29 08:45;2026-10-10 03:00
124244035;24608;2026-10-29 09:00;2026-10-10 03:00
124244035;24608;2026-10-29 09:30;2026-10-10 03:00
124244035;24608;2026-10-29 09:45;2026-10-10 03:00
124244035;24608;2026-10-29 10:00;2026-10-10 03:00
124244035;24608;2026-10-29 10:15;2026-10-10 03:00
124244035;24608;2026-10-29 10:30;2026-10-10 03:00
124244035;24608;2026-10-29 11:30;2026-10-10 03:00
124244035;24608;2026-10-29 11:45;2026-10-10 03:00
124244035;24608;2026-10-29 12:00;2026-10-10 03:00
124244035;24608;2026-10-30 07:15;2026-10-10 03:00
124244035;24608;2026-10-30 07:30;2026-10-10 03:00
124244035;24608;2026-10-30 07:45;2026-10-10 03:00
124244035;24608;2026-10-30 08:00;2026-10-10 03:00
124244035;24608;2026-10-30 08:15;2026-10-10 03:00
124244035;24608;2026-10-30 09:00;2026-10-10 03:00
124244035;24608;2026-10-30 09:15;2026-10-10 03:00
124244035;24608;2026-10-30 09:30;2026-10-10 03:00
124244035;24608;2026-10-30 09:45;2026-10-10 03:00
124244035;24608;2026-10-30 10:00;2026-10-10 03:00
124244035;24608;2026-10-30 10:15;2026-10-10 03:00
124244035;24608;2026-10-30 10:30;2026-10-10 03:00
124244035;24608;2026-10-30 10:45;2026-10-10 03:00
124244035;24608;2026-10-30 11:30;2026-10-10 03:00
124244035;24608;2026-10-30 12:00;2026-10-10 03:00
124244035;24608;2026-11-03 13:30;2026-10-10 03:00
124244035;24608;2026-11-03 13:45;2026-10-10 03:00
124244035;24608;2026-11-03 14:00;2026-10-10 03:00
124244035;24608;2026-11-03 14:15;2026-10-10 03:00
124244035;24608;2026-11-03 14:30;2026-10-10 03:00
124244035;24608;2026-11-03 14:45;2026-10-10 03:00
124244035;24608;2026-11-03 15:00;2026-10-10 03:00
124244035;24608;2026-11-03 15:15;2026-10-10 03:00
124244035;24608;2026-11-03 15:30;2026-10-10 03:00
124244035;24608;2026-11-03 15:45;2026-10-10 03:00
124244035;24608;2026-11-03 16:00;2026-10-10 03:00
124244035;24608;2026-11-03 16:15;2026-10-10 03:00
124244035;24608;2026-11-03 17:00;2026-10-10 03:00
124244035;24608;2026-11-03 17:15;2026-10-10 03:00
124244035;24608;2026-11-03 17:30;2026-10-10 03:00
124244035;24608;2026-11-03 17:45;2026-10-10 03:00
124244035;24608;2026-11-03 18:00;2026-10-10 03:00
124244035;24608;2026-11-03 18:15;2026-10-10 03:00
124244035;24608;2026-11-03 18:30;2026-10-10 03:00
124244035;24608;2026-11-04 07:00;2026-10-10 03:00
124244035;24608;2026-11-04 07:15;2026-10-10 03:00
124244035;24608;2026-11-04 07:30;2026-10-10 03:00
124244035;24608;2026-11-04 07:45;2026-10-10 03:00
124244035;24608;2026-11-04 08:00;2026-10-10 03:00
124244035;24608;2026-11-04 08:15;2026-10-10 03:00
124244035;24608;2026-11-04 08:30;2026-10-10 03:00
124244035;24608;2026-11-04 08:45;2026-10-10 03:00
124244035;24608;2026-11-04 09:00;2026-10-10 03:00
124244035;24608;2026-11-04 09:15;2026-10-10 03:00
124244035;24608;2026-11-04 09:30;2026-10-10 03:00
124244035;24608;2026-11-04 09:45;2026-10-10 03:00
124244035;24608;2026-11-04 10:00;2026-10-10 03:00
124244035;24608;2026-11-04 10:15;2026-10-10 03:00
124244035;24608;2026-11-04 10:30;2026-10-10 03:00
124244035;24608;2026-11-04 10:45;2026-10-10 03:00
124244035;24608;2026-11-04 11:30;2026-10-10 03:00
124244035;24608;2026-11-04 11:45;2026-10-10 03:00
124244035;24608;2026-11-04 12:00;2026-10-10 03:00
124244035;24608;2026-11-05 13:45;2026-10-10 03:00
124244035;24608;2026-11-05 14:00;2026-10-10 03:00
124244035;24608;2026-11-05 14:15;2026-10-10 03:00
124244035;24608;2026-11-05 14:30;2026-10-10 03:00
124244035;24608;2026-11-05 14:45;2026-10-10 03:00
124244035;24608;2026-11-05 15:00;2026-10-10 03:00
124244035;24608;2026-11-05 15:15;2026-10-10 03:00
124244035;24608;2026-11-05 15:30;2026-10-10 03:00
124244035;24608;2026-11-05 15:45;2026-10-10 03:00
124244035;24608;2026-11-05 16:00;2026-10-10 03:00
124244035;24608;2026-11-05 16:15;2026-10-10 03:00
124244035;24608;2026-11-05 17:00;2026-10-10 03:00
124244035;24608;2026-11-05 17:15;2026-10-10 03:00
124244035;24608;2026-11-05 17:30;2026-10-10 03:00
124244035;24608;2026-11-05 17:45;2026-10-10 03:00
124244035;24608;2026-11-05 18:00;2026-10-10 03:00
124244035;24608;2026-11-05 18:15;2026-10-10 03:00
124244035;24608;2026-11-05 18:30;2026-10-10 03:00
124244035;24608;2026-11-06 07:00;2026-10-10 03:00
124244035;24608;2026-11-06 07:15;2026-10-10 03:00
124244035;24608;2026-11-06 07:30;2026-10-10 03:00
124244035;24608;2026-11-06 07:45;2026-10-10 03:00
124244035;24608;2026-11-06 09:00;2026-10-10 03:00
124244035;24608;2026-11-06 09:15;2026-10-10 03:00
124244035;24608;2026-11-06 09:45;2026-10-10 03:00
124244035;24608;2026-11-06 10:00;2026-10-10 03:00
124244035;24608;2026-11-06 10:15;2026-10-10 03:00
124244035;24608;2026-11-06 10:30;2026-10-10 03:00
124244035;24608;2026-11-06 10:45;2026-10-10 03:00
124244035;24608;2026-11-06 11:30;2026-10-10 03:00
124244035;24608;2026-11-06 11:45;2026-10-10 03:00
124244035;24608;2026-11-06 12:00;2026-10-10 03:00
124244035;24608;2026-11-09 07:15;2026-10-10 03:00
124244035;24608;2026-11-09 07:30;2026-10-10 03:00
124244035;24608;2026-11-09 07:45;2026-10-10 03:00
124244035;24608;2026-11-09 08:00;2026-10-10 03:00
124244035;24608;2026-11-09 08:15;2026-10-10 03:00
124244035;24608;2026-11-09 08:30;2026-10-10 03:00
124244035;24608;2026-11-09 08:45;2026-10-10 03:00
124244035;24608;2026-11-09 09:00;2026-10-10 03:00
124244035;24608;2026-11-09 09:15;2026-10-10 03:00
124244035;24608;2026-11-09 09:30;2026-10-10 03:00
124244035;24608;2026-11-09 09:45;2026-10-10 03:00
124244035;24608;2026-11-09 10:00;2026-10-10 03:00
124244035;24608;2026-11-09 10:15;2026-10-10 03:00
124244035;24608;2026-11-09 10:30;2026-10-10 03:00
124244035;24608;2026-11-09 10:45;2026-10-10 03:00
124244035;24608;2026-11-09 11:30;2026-10-10 03:00
124244035;24608;2026-11-09 11:45;2026-10-10 03:00
124244035;24608;2026-11-10 13:30;2026-10-10 03:00
124244035;24608;2026-11-10 13:45;2026-10-10 03:00
124244035;24608;2026-11-10 14:00;2026-10-10 03:00
124244035;24608;2026-11-10 14:15;2026-10-10 03:00
124244035;24608;2026-11-10 14:30;2026-10-10 03:00
124244035;24608;2026-11-10 14:45;2026-10-10 03:00
124244035;24608;2026-11-10 15:00;2026-10-10 03:00
124244035;24608;2026-11-10 15:15;2026-10-10 03:00
124244035;24608;2026-11-10 15:30;2026-10-10 03:00
124244035;24608;2026-11-10 15:45;2026-10-10 03:00
124244035;24608;2026-11-10 16:00;2026-10-10 03:00
124244035;24608;2026-11-10 16:15;2026-10-10 03:00
124244035;24608;2026-11-10 17:00;2026-10-10 03:00
124244035;24608;2026-11-10 17:15;2026-10-10 03:00
124244035;24608;2026-11-10 17:30;2026-10-10 03:00
124244035;24608;2026-11-10 17:45;2026-10-10 03:00
124244035;24608;2026-11-10 18:00;2026-10-10 03:00
124244035;24608;2026-11-10 18:30;2026-10-10 03:00
124244035;24039;2026-10-12 09:00;2026-10-10 03:00
124244035;24039;2026-10-12 09:30;2026-10-10 03:00
124244035;24039;2026-10-13 14:15;2026-10-10 03:00
124244035;24039;2026-10-13 15:30;2026-10-10 03:00
124244035;24039;2026-10-14 09:00;2026-10-10 03:00
124244035;24039;2026-10-14 09:30;2026-10-10 03:00
124244035;24039;2026-10-14 10:00;2026-10-10 03:00
124244035;24039;2026-10-15 14:00;2026-10-10 03:00
124244035;24039;2026-10-15 14:15;2026-10-10 03:00
124244035;24039;2026-10-15 14:45;2026-10-10 03:00
124244035;24039;2026-10-15 15:00;2026-10-10 03:00
124244035;24039;2026-10-15 15:30;2026-10-10 03:00
124244035;24039;2026-10-15 16:00;2026-10-10 03:00
124244035;24039;2026-10-15 16:15;2026-10-10 03:00
124244035;24039;2026-10-15 17:00;2026-10-10 03:00
124244035;24039;2026-10-15 17:15;2026-10-10 03:00
124244035;24039;2026-10-15 18:00;2026-10-10 03:00
124244035;24039;2026-10-16 09:00;2026-10-10 03:00
124244035;24039;2026-10-16 09:15;2026-10-10 03:00
124244035;24039;2026-10-16 09:30;2026-10-10 03:00
124244035;24039;2026-10-16 10:45;2026-10-10 03:00
124244035;24039;2026-10-16 11:30;2026-10-10 03:00
124244035;24039;2026-10-16 11:45;2026-10-10 03:00
124244035;24039;2026-10-19 14:00;2026-10-10 03:00
124244035;24039;2026-10-19 14:15;2026-10-10 03:00
124244035;24039;2026-10-19 14:45;2026-10-10 03:00
124244035;24039;2026-10-19 15:30;2026-10-10 03:00
124244035;24039;2026-10-19 16:00;2026-10-10 03:00
124244035;24039;2026-10-19 16:15;2026-10-10 03:00
124244035;24039;2026-10-19 17:00;2026-10-10 03:00
124244035;24039;2026-10-20 07:45;2026-10-10 03:00
124244035;24039;2026-10-20 08:00;2026-10-10 03:00
124244035;24039;2026-10-20 08:15;2026-10-10 03:00
124244035;24039;2026-10-20 08:30;2026-10-10 03:00
124244035;24039;2026-10-20 08:45;2026-10-10 03:00
124244035;24039;2026-10-20 09:00;2026-10-10 03:00
124244035;24039;2026-10-20 09:15;2026-10-10 03:00
124244035;24039;2026-10-20 09:30;2026-10-10 03:00
124244035;24039;2026-10-20 10:45;2026-10-10 03:00
124244035;24039;2026-10-20 11:30;2026-10-10 03:00
124244035;24039;2026-10-20 11:45;2026-10-10 03:00
124244035;24039;2026-10-21 14:00;2026-10-10 03:00
124244035;24039;2026-10-21 14:15;2026-10-10 03:00
124244035;24039;2026-10-21 14:30;2026-10-10 03:00
124244035;24039;2026-10-21 14:45;2026-10-10 03:00
124244035;24039;2026-10-21 15:15;2026-10-10 03:00
124244035;24039;2026-10-21 15:30;2026-10-10 03:00
124244035;24039;2026-10-21 15:45;2026-10-10 03:00
124244035;24039;2026-10-21 16:00;2026-10-10 03:00
124244035;24039;2026-10-21 16:15;2026-10-10 03:00
124244035;24039;2026-10-21 17:00;2026-10-10 03:00
124244035;24039;2026-10-21 17:15;2026-10-10 03:00
124244035;24039;2026-10-21 18:00;2026-10-10 03:00
124244035;24039;2026-10-21 18:15;2026-10-10 03:00
124244035;24039;2026-10-22 07:00;2026-10-10 03:00
124244035;24039;2026-10-22 07:15;2026-10-10 03:00
124244035;24039;2026-10-22 07:30;2026-10-10 03:00
124244035;24039;2026-10-22 07:45;2026-10-10 03:00
124244035;24039;2026-10-22 08:15;2026-10-10 03:00
124244035;24039;2026-10-22 08:30;2026-10-10 03:00
124244035;24039;2026-10-22 08:45;2026-10-10 03:00
124244035;24039;2026-10-22 09:00;2026-10-10 03:00
124244035;24039;2026-10-22 09:30;2026-10-10 03:00
124244035;24039;2026-10-22 09:45;2026-10-10 03:00
124244035;24039;2026-10-22 10:00;2026-10-10 03:00
124244035;24039;2026-10-22 10:45;2026-10-10 03:00
124244035;24039;2026-10-22 11:30;2026-10-10 03:00
124244035;24039;2026-10-23 13:45;2026-10-10 03:00
124244035;24039;2026-10-23 14:00;2026-10-10 03:00
124244035;24039;2026-10-23 14:15;2026-10-10 03:00
124244035;24039;2026-10-23 14:45;2026-10-10 03:00
124244035;24039;2026-10-23 15:00;2026-10-10 03:00
124244035;24039;2026-10-23 15:15;2026-10-10 03:00
124244035;24039;2026-10-23 15:30;2026-10-10 03:00
124244035;24039;2026-10-23 15:45;2026-10-10 03:00
124244035;24039;2026-10-23 16:00;2026-10-10 03:00
124244035;24039;2026-10-23 16:15;2026-10-10 03:00
124244035;24039;2026-10-23 17:00;2026-10-10 03:00
124244035;24039;2026-10-23 18:00;2026-10-10 03:00
124244035;24039;2026-10-26 07:15;2026-10-10 03:00
124244035;24039;2026-10-26 07:30;2026-10-10 03:00
124244035;24039;2026-10-26 07:45;2026-10-10 03:00
124244035;24039;2026-10-26 08:00;2026-10-10 03:00
124244035;24039;2026-10-26 08:15;2026-10-10 03:00
124244035;24039;2026-10-26 08:30;2026-10-10 03:00
124244035;24039;2026-10-26 08:45;2026-10-10 03:00
124244035;24039;2026-10-26 09:00;2026-10-10 03:00
124244035;24039;2026-10-26 09:30;2026-10-10 03:00
124244035;24039;2026-10-26 10:45;2026-10-10 03:00
124244035;24039;2026-10-26 11:30;2026-10-10 03:00
124244035;24039;2026-10-26 11:45;2026-10-10 03:00
124244035;24039;2026-10-27 13:30;2026-10-10 03:00
124244035;24039;2026-10-27 13:45;2026-10-10 03:00
124244035;24039;2026-10-27 14:00;2026-10-10 03:00
124244035;24039;2026-10-27 14:15;2026-10-10 03:00
124244035;24039;2026-10-27 14:30;2026-10-10 03:00
124244035;24039;2026-10-27 14:45;2026-10-10 03:00
124244035;24039;2026-10-27 15:00;2026-10-10 03:00
124244035;24039;2026-10-27 15:15;2026-10-10 03:00
124244035;24039;2026-10-27 15:30;2026-10-10 03:00
124244035;24039;2026-10-27 15:45;2026-10-10 03:00
124244035;24039;2026-10-27 16:00;2026-10-10 03:00
124244035;24039;2026-10-27 16:15;2026-10-10 03:00
124244035;24039;2026-10-27 17:00;2026-10-10 03:00
124244035;24039;2026-10-27 17:15;2026-10-10 03:00
124244035;24039;2026-10-27 18:00;2026-10-10 03:00
124244035;24039;2026-10-27 18:15;2026-10-10 03:00
124244035;24039;2026-10-28 07:00;2026-10-10 03:00
124244035;24039;2026-10-28 07:15;2026-10-10 03:00
124244035;24039;2026-10-28 07:30;2026-10-10 03:00
124244035;24039;2026-10-28 07:45;2026-10-10 03:00
124244035;24039;2026-10-28 08:00;2026-10-10 03:00
124244035;24039;2026-10-28 08:15;2026-10-10 03:00
124244035;24039;2026-10-28 08:30;2026-10-10 03:00
124244035;24039;2026-10-28 08:45;2026-10-10 03:00
124244035;24039;2026-10-28 09:00;2026-10-10 03:00
124244035;24039;2026-10-28 09:15;2026-10-10 03:00
124244035;24039;2026-10-28 09:30;2026-10-10 03:00
124244035;24039;2026-10-28 09:45;2026-10-10 03:00
124244035;24039;2026-10-28 10:00;2026-10-10 03:00
124244035;24039;2026-10-28 10:45;2026-10-10 03:00
124244035;24039;2026-10-28 11:30;2026-10-10 03:00
124244035;24039;2026-10-28 11:45;2026-10-10 03:00
124244035;24039;2026-10-30 07:30;2026-10-10 03:00
124244035;24039;2026-10-30 07:45;2026-10-10 03:00
124244035;24039;2026-10-30 08:00;2026-10-10 03:00
124244035;24039;2026-10-30 08:15;2026-10-10 03:00
124244035;24039;2026-10-30 09:00;2026-10-10 03:00
124244035;24039;2026-10-30 09:15;2026-10-10 03:00
124244035;24039;2026-10-30 09:30;2026-10-10 03:00
124244035;24039;2026-10-30 09:45;2026-10-10 03:00
124244035;24039;2026-10-30 10:45;2026-10-10 03:00
124244035;24039;2026-10-30 11:30;2026-10-10 03:00
124244035;24039;2026-10-30 11:45;2026-10-10 03:00
124244035;24039;2026-11-03 14:00;2026-10-10 03:00
124244035;24039;2026-11-03 14:15;2026-10-10 03:00
124244035;24039;2026-11-03 14:30;2026-10-10 03:00
124244035;24039;2026-11-03 14:45;2026-10-10 03:00
124244035;24039;2026-11-03 15:00;2026-10-10 03:00
124244035;24039;2026-11-03 15:15;2026-10-10 03:00
124244035;24039;2026-11-03 15:30;2026-10-10 03:00
124244035;24039;2026-11-03 15:45;2026-10-10 03:00
124244035;24039;2026-11-03 16:00;2026-10-10 03:00
124244035;24039;2026-11-03 16:15;2026-10-10 03:00
124244035;24039;2026-11-03 17:00;2026-10-10 03:00
124244035;24039;2026-11-03 18:00;2026-10-10 03:00
124244035;24039;2026-11-03 18:15;2026-10-10 03:00
124244035;24039;2026-11-04 07:00;2026-10-10 03:00
124244035;24039;2026-11-04 07:15;2026-10-10 03:00
124244035;24039;2026-11-04 07:30;2026-10-10 03:00
124244035;24039;2026-11-04 07:45;2026-10-10 03:00
124244035;24039;2026-11-04 08:00;2026-10-10 03:00
124244035;24039;2026-11-04 08:15;2026-10-10 03:00
124244035;24039;2026-11-04 08:30;2026-10-10 03:00
124244035;24039;2026-11-04 08:45;2026-10-10 03:00
124244035;24039;2026-11-04 09:00;2026-10-10 03:00
124244035;24039;2026-11-04 09:15;2026-10-10 03:00
124244035;24039;2026-11-04 09:30;2026-10-10 03:00
124244035;24039;2026-11-04 09:45;2026-10-10 03:00
124244035;24039;2026-11-04 10:00;2026-10-10 03:00
124244035;24039;2026-11-04 10:45;2026-10-10 03:00
124244035;24039;2026-11-04 11:30;2026-10-10 03:00
124244035;24039;2026-11-04 11:45;2026-10-10 03:00
124244035;24039;2026-11-05 14:00;2026-10-10 03:00
124244035;24039;2026-11-05 14:15;2026-10-10 03:00
124244035;24039;2026-11-05 14:30;2026-10-10 03:00
124244035;24039;2026-11-05 14:45;2026-10-10 03:00
124244035;24039;2026-11-05 15:00;2026-10-10 03:00
124244035;24039;2026-11-05 15:15;2026-10-10 03:00
124244035;24039;2026-11-05 15:30;2026-10-10 03:00
124244035;24039;2026-11-05 15:45;2026-10-10 03:00
124244035;24039;2026-11-05 16:00;2026-10-10 03:00
124244035;24039;2026-11-05 16:15;2026-10-10 03:00
124244035;24039;2026-11-05 17:00;2026-10-10 03:00
124244035;24039;2026-11-05 17:15;2026-10-10 03:00
124244035;24039;2026-11-05 18:00;2026-10-10 03:00
124244035;24039;2026-11-05 18:15;2026-10-10 03:00
124244035;24039;2026-11-06 07:15;2026-10-10 03:00
124244035;24039;2026-11-06 07:30;2026-10-10 03:00
124244035;24039;2026-11-06 07:45;2026-10-10 03:00
124244035;24039;2026-11-06 08:00;2026-10-10 03:00
124244035;24039;2026-11-06 08:15;2026-10-10 03:00
124244035;24039;2026-11-06 09:00;2026-10-10 03:00
124244035;24039;2026-11-06 09:15;2026-10-10 03:00
124244035;24039;2026-11-06 09:30;2026-10-10 03:00
124244035;24039;2026-11-06 09:45;2026-10-10 03:00
124244035;24039;2026-11-06 10:45;2026-10-10 03:00
124244035;24039;2026-11-06 11:30;2026-10-10 03:00
124244035;24039;2026-11-06 11:45;2026-10-10 03:00
124244035;24039;2026-11-09 13:45;2026-10-10 03:00
124244035;24039;2026-11-09 14:00;2026-10-10 03:00
124244035;24039;2026-11-09 14:15;2026-10-10 03:00
124244035;24039;2026-11-09 14:30;2026-10-10 03:00
124244035;24039;2026-11-09 14:45;2026-10-10 03:00
124244035;24039;2026-11-09 15:00;2026-10-10 03:00
124244035;24039;2026-11-09 15:15;2026-10-10 03:00
124244035;24039;2026-11-09 15:30;2026-10-10 03:00
124244035;24039;2026-11-09 15:45;2026-10-10 03:00
124244035;24039;2026-11-09 16:00;2026-10-10 03:00
124244035;24039;2026-11-09 16:15;2026-10-10 03:00
124244035;24039;2026-11-09 17:00;2026-10-10 03:00
124244035;24039;2026-11-09 18:00;2026-10-10 03:00
124244035;24039;2026-11-09 18:15;2026-10-10 03:00
124244035;24039;2026-11-10 07:00;2026-10-10 03:00
124244035;24039;2026-11-10 07:15;2026-10-10 03:00
124244035;24039;2026-11-10 07:30;2026-10-10 03:00
124244035;24039;2026-11-10 07:45;2026-10-10 03:00
124244035;24039;2026-11-10 08:00;2026-10-10 03:00
124244035;24039;2026-11-10 08:15;2026-10-10 03:00
124244035;24039;2026-11-10 08:30;2026-10-10 03:00
124244035;24039;2026-11-10 08:45;2026-10-10 03:00
124244035;24039;2026-11-10 09:00;2026-10-10 03:00
124244035;24039;2026-11-10 09:15;2026-10-10 03:00
124244035;24039;2026-11-10 09:30;2026-10-10 03:00
124244035;24039;2026-11-10 09:45;2026-10-10 03:00
124244035;24039;2026-11-10 10:00;2026-10-10 03:00
124244035;24039;2026-11-10 10:45;2026-10-10 03:00
124244035;24039;2026-11-10 11:30;2026-10-10 03:00
124244035;24039;2026-11-10 11:45;2026-10-10 03:00
124244035;23027;2026-10-12 14:15;2026-10-10 03:00
124244035;23027;2026-10-12 15:00;2026-10-10 03:00
124244035;23027;2026-10-12 17:30;2026-10-10 03:00
124244035;23027;2026-10-13 09:00;2026-10-10 03:00
124244035;23027;2026-10-13 11:30;2026-10-10 03:00
124244035;23027;2026-10-14 17:30;2026-10-10 03:00
124244035;23027;2026-10-15 07:15;2026-10-10 03:00
124244035;23027;2026-10-15 08:00;2026-10-10 03:00
124244035;23027;2026-10-15 08:45;2026-10-10 03:00
124244035;23027;2026-10-15 09:00;2026-10-10 03:00
124244035;23027;2026-10-15 10:45;2026-10-10 03:00
124244035;23027;2026-10-15 11:30;2026-10-10 03:00
124244035;23027;2026-10-16 14:15;2026-10-10 03:00
124244035;23027;2026-10-16 14:30;2026-10-10 03:00
124244035;23027;2026-10-16 14:45;2026-10-10 03:00
124244035;23027;2026-10-16 15:00;2026-10-10 03:00
124244035;23027;2026-10-16 17:30;2026-10-10 03:00
124244035;23027;2026-10-16 18:30;2026-10-10 03:00
124244035;23027;2026-10-19 07:15;2026-10-10 03:00
124244035;23027;2026-10-19 07:45;2026-10-10 03:00
124244035;23027;2026-10-19 08:00;2026-10-10 03:00
124244035;23027;2026-10-19 08:15;2026-10-10 03:00
124244035;23027;2026-10-19 08:30;2026-10-10 03:00
124244035;23027;2026-10-19 08:45;2026-10-10 03:00
124244035;23027;2026-10-19 09:00;2026-10-10 03:00
124244035;23027;2026-10-19 09:15;2026-10-10 03:00
124244035;23027;2026-10-19 10:45;2026-10-10 03:00
124244035;23027;2026-10-19 11:00;2026-10-10 03:00
124244035;23027;2026-10-19 11:15;2026-10-10 03:00
124244035;23027;2026-10-19 11:30;2026-10-10 03:00
124244035;23027;2026-10-19 11:45;2026-10-10 03:00
124244035;23027;2026-10-19 12:00;2026-10-10 03:00
124244035;23027;2026-10-22 13:30;2026-10-10 03:00
124244035;23027;2026-10-22 13:45;2026-10-10 03:00
124244035;23027;2026-10-22 14:15;2026-10-10 03:00
124244035;23027;2026-10-22 14:30;2026-10-10 03:00
124244035;23027;2026-10-22 14:45;2026-10-10 03:00
124244035;23027;2026-10-22 15:00;2026-10-10 03:00
124244035;23027;2026-10-22 16:30;2026-10-10 03:00
124244035;23027;2026-10-22 17:00;2026-10-10 03:00
124244035;23027;2026-10-22 17:15;2026-10-10 03:00
124244035;23027;2026-10-22 17:30;2026-10-10 03:00
124244035;23027;2026-10-22 17:45;2026-10-10 03:00
124244035;23027;2026-10-22 18:00;2026-10-10 03:00
124244035;23027;2026-10-22 18:30;2026-10-10 03:00
124244035;23027;2026-10-23 07:00;2026-10-10 03:00
124244035;23027;2026-10-23 07:15;2026-10-10 03:00
124244035;23027;2026-10-23 07:45;2026-10-10 03:00
124244035;23027;2026-10-23 08:00;2026-10-10 03:00
124244035;23027;2026-10-23 08:15;2026-10-10 03:00
124244035;23027;2026-10-23 08:30;2026-10-10 03:00
124244035;23027;2026-10-23 08:45;2026-10-10 03:00
124244035;23027;2026-10-23 09:00;2026-10-10 03:00
124244035;23027;2026-10-23 09:15;2026-10-10 03:00
124244035;23027;2026-10-23 09:45;2026-10-10 03:00
124244035;23027;2026-10-23 10:30;2026-10-10 03:00
124244035;23027;2026-10-23 10:45;2026-10-10 03:00
124244035;23027;2026-10-23 11:00;2026-10-10 03:00
124244035;23027;2026-10-23 11:15;2026-10-10 03:00
124244035;23027;2026-10-23 11:30;2026-10-10 03:00
124244035;23027;2026-10-26 13:30;2026-10-10 03:00
124244035;23027;2026-10-26 13:45;2026-10-10 03:00
124244035;23027;2026-10-26 14:00;2026-10-10 03:00
124244035;23027;2026-10-26 14:15;2026-10-10 03:00
124244035;23027;2026-10-26 14:30;2026-10-10 03:00
124244035;23027;2026-10-26 14:45;2026-10-10 03:00
124244035;23027;2026-10-26 15:00;2026-10-10 03:00
124244035;23027;2026-10-26 15:15;2026-10-10 03:00
124244035;23027;2026-10-26 15:30;2026-10-10 03:00
124244035;23027;2026-10-26 16:45;2026-10-10 03:00
124244035;23027;2026-10-26 17:00;2026-10-10 03:00
124244035;23027;2026-10-26 17:15;2026-10-10 03:00
124244035;23027;2026-10-26 17:30;2026-10-10 03:00
124244035;23027;2026-10-26 17:45;2026-10-10 03:00
124244035;23027;2026-10-26 18:00;2026-10-10 03:00
124244035;23027;2026-10-26 18:30;2026-10-10 03:00
124244035;23027;2026-10-27 07:00;2026-10-10 03:00
124244035;23027;2026-10-27 07:15;2026-10-10 03:00
124244035;23027;2026-10-27 07:45;2026-10-10 03:00
124244035;23027;2026-10-27 08:00;2026-10-10 03:00
124244035;23027;2026-10-27 08:15;2026-10-10 03:00
124244035;23027;2026-10-27 08:30;2026-10-10 03:00
124244035;23027;2026-10-27 08:45;2026-10-10 03:00
124244035;23027;2026-10-27 09:00;2026-10-10 03:00
124244035;23027;2026-10-27 09:30;2026-10-10 03:00
124244035;23027;2026-10-27 10:30;2026-10-10 03:00
124244035;23027;2026-10-27 10:45;2026-10-10 03:00
124244035;23027;2026-10-27 11:15;2026-10-10 03:00
124244035;23027;2026-10-27 11:30;2026-10-10 03:00
124244035;23027;2026-10-27 11:45;2026-10-10 03:00
124244035;23027;2026-10-27 12:00;2026-10-10 03:00
124244035;23027;2026-10-28 14:15;2026-10-10 03:00
124244035;23027;2026-10-28 14:30;2026-10-10 03:00
124244035;23027;2026-10-28 14:45;2026-10-10 03:00
124244035;23027;2026-10-28 15:00;2026-10-10 03:00
124244035;23027;2026-10-28 15:15;2026-10-10 03:00
124244035;23027;2026-10-28 15:30;2026-10-10 03:00
124244035;23027;2026-10-28 15:45;2026-10-10 03:00
124244035;23027;2026-10-28 16:30;2026-10-10 03:00
124244035;23027;2026-10-28 16:45;2026-10-10 03:00
124244035;23027;2026-10-28 17:00;2026-10-10 03:00
124244035;23027;2026-10-28 17:15;2026-10-10 03:00
124244035;23027;2026-10-28 17:30;2026-10-10 03:00
124244035;23027;2026-10-28 18:00;2026-10-10 03:00
124244035;23027;2026-10-28 18:30;2026-10-10 03:00
124244035;23027;2026-10-29 07:15;2026-10-10 03:00
124244035;23027;2026-10-29 07:45;2026-10-10 03:00
124244035;23027;2026-10-29 08:00;2026-10-10 03:00
124244035;23027;2026-10-29 08:15;2026-10-10 03:00
124244035;23027;2026-10-29 08:30;2026-10-10 03:00
124244035;23027;2026-10-29 08:45;2026-10-10 03:00
124244035;23027;2026-10-29 09:00;2026-10-10 03:00
124244035;23027;2026-10-29 09:15;2026-10-10 03:00
124244035;23027;2026-10-29 09:30;2026-10-10 03:00
124244035;23027;2026-10-29 09:45;2026-10-10 03:00
124244035;23027;2026-10-29 10:30;2026-10-10 03:00
124244035;23027;2026-10-29 10:45;2026-10-10 03:00
124244035;23027;2026-10-29 11:15;2026-10-10 03:00
124244035;23027;2026-10-29 11:30;2026-10-10 03:00
124244035;23027;2026-10-29 11:45;2026-10-10 03:00
124244035;23027;2026-10-29 12:00;2026-10-10 03:00
124244035;23027;2026-10-30 13:30;2026-10-10 03:00
124244035;23027;2026-10-30 13:45;2026-10-10 03:00
124244035;23027;2026-10-30 14:00;2026-10-10 03:00
124244035;23027;2026-10-30 14:15;2026-10-10 03:00
124244035;23027;2026-10-30 14:30;2026-10-10 03:00
124244035;23027;2026-10-30 14:45;2026-10-10 03:00
124244035;23027;2026-10-30 15:00;2026-10-10 03:00
124244035;23027;2026-10-30 15:45;2026-10-10 03:00
124244035;23027;2026-10-30 16:30;2026-10-10 03:00
124244035;23027;2026-10-30 17:00;2026-10-10 03:00
124244035;23027;2026-10-30 17:15;2026-10-10 03:00
124244035;23027;2026-10-30 17:30;2026-10-10 03:00
124244035;23027;2026-10-30 17:45;2026-10-10 03:00
124244035;23027;2026-10-30 18:00;2026-10-10 03:00
124244035;23027;2026-10-30 18:30;2026-10-10 03:00
124244035;23027;2026-11-03 07:00;2026-10-10 03:00
124244035;23027;2026-11-03 07:15;2026-10-10 03:00
124244035;23027;2026-11-03 07:45;2026-10-10 03:00
124244035;23027;2026-11-03 08:15;2026-10-10 03:00
124244035;23027;2026-11-03 08:30;2026-10-10 03:00
124244035;23027;2026-11-03 09:00;2026-10-10 03:00
124244035;23027;2026-11-03 09:15;2026-10-10 03:00
124244035;23027;2026-11-03 09:45;2026-10-10 03:00
124244035;23027;2026-11-03 10:45;2026-10-10 03:00
124244035;23027;2026-11-03 11:15;2026-10-10 03:00
124244035;23027;2026-11-03 11:30;2026-10-10 03:00
124244035;23027;2026-11-03 11:45;2026-10-10 03:00
124244035;23027;2026-11-04 13:30;2026-10-10 03:00
124244035;23027;2026-11-04 13:45;2026-10-10 03:00
124244035;23027;2026-11-04 14:15;2026-10-10 03:00
124244035;23027;2026-11-04 14:30;2026-10-10 03:00
124244035;23027;2026-11-04 14:45;2026-10-10 03:00
124244035;23027;2026-11-04 15:00;2026-10-10 03:00
124244035;23027;2026-11-04 15:30;2026-10-10 03:00
124244035;23027;2026-11-04 15:45;2026-10-10 03:00
124244035;23027;2026-11-04 16:30;2026-10-10 03:00
124244035;23027;2026-11-04 16:45;2026-10-10 03:00
124244035;23027;2026-11-04 17:15;2026-10-10 03:00
124244035;23027;2026-11-04 17:30;2026-10-10 03:00
124244035;23027;2026-11-04 17:45;2026-10-10 03:00
124244035;23027;2026-11-04 18:00;2026-10-10 03:00
124244035;23027;2026-11-04 18:30;2026-10-10 03:00
124244035;23027;2026-11-05 07:00;2026-10-10 03:00
124244035;23027;2026-11-05 07:15;2026-10-10 03:00
124244035;23027;2026-11-05 08:00;2026-10-10 03:00
124244035;23027;2026-11-05 08:30;2026-10-10 03:00
124244035;23027;2026-11-05 08:45;2026-10-10 03:00
124244035;23027;2026-11-05 09:00;2026-10-10 03:00
124244035;23027;2026-11-05 09:45;2026-10-10 03:00
124244035;23027;2026-11-05 10:30;2026-10-10 03:00
124244035;23027;2026-11-05 10:45;2026-10-10 03:00
124244035;23027;2026-11-05 11:00;2026-10-10 03:00
124244035;23027;2026-11-05 11:15;2026-10-10 03:00
124244035;23027;2026-11-05 11:30;2026-10-10 03:00
124244035;23027;2026-11-05 12:00;2026-10-10 03:00
124244035;23027;2026-11-06 13:30;2026-10-10 03:00
124244035;23027;2026-11-06 13:45;2026-10-10 03:00
124244035;23027;2026-11-06 14:15;2026-10-10 03:00
124244035;23027;2026-11-06 14:30;2026-10-10 03:00
124244035;23027;2026-11-06 15:00;2026-10-10 03:00
124244035;23027;2026-11-06 15:45;2026-10-10 03:00
124244035;23027;2026-11-06 16:30;2026-10-10 03:00
124244035;23027;2026-11-06 17:00;2026-10-10 03:00
124244035;23027;2026-11-06 17:15;2026-10-10 03:00
124244035;23027;2026-11-06 17:30;2026-10-10 03:00
124244035;23027;2026-11-06 17:45;2026-10-10 03:00
124244035;23027;2026-11-06 18:30;2026-10-10 03:00
124244035;23027;2026-11-09 07:00;2026-10-10 03:00
124244035;23027;2026-11-09 07:15;2026-10-10 03:00
124244035;23027;2026-11-09 07:45;2026-10-10 03:00
124244035;23027;2026-11-09 08:15;2026-10-10 03:00
124244035;23027;2026-11-09 08:45;2026-10-10 03:00
124244035;23027;2026-11-09 09:00;2026-10-10 03:00
124244035;23027;2026-11-09 09:15;2026-10-10 03:00
124244035;23027;2026-11-09 09:30;2026-10-10 03:00
124244035;23027;2026-11-09 09:45;2026-10-10 03:00
124244035;23027;2026-11-09 10:30;2026-10-10 03:00
124244035;23027;2026-11-09 10:45;2026-10-10 03:00
124244035;23027;2026-11-09 11:30;2026-10-10 03:00
124244035;23027;2026-11-09 11:45;2026-10-10 03:00
124244035;23027;2026-11-10 13:45;2026-10-10 03:00
124244035;23027;2026-11-10 14:00;2026-10-10 03:00
124244035;23027;2026-11-10 14:15;2026-10-10 03:00
124244035;23027;2026-11-10 14:30;2026-10-10 03:00
124244035;23027;2026-11-10 15:00;2026-10-10 03:00
124244035;23027;2026-11-10 15:15;2026-10-10 03:00
124244035;23027;2026-11-10 15:30;2026-10-10 03:00
124244035;23027;2026-11-10 15:45;2026-10-10 03:00
124244035;23027;2026-11-10 16:30;2026-10-10 03:00
124244035;23027;2026-11-10 16:45;2026-10-10 03:00
124244035;23027;2026-11-10 17:15;2026-10-10 03:00
124244035;23027;2026-11-10 17:30;2026-10-10 03:00
124244035;23027;2026-11-10 17:45;2026-10-10 03:00
124244035;23027;2026-11-10 18:30;2026-10-10 03:00
124244035;23024;2026-10-12 08:45;2026-10-10 03:00
124244035;23024;2026-10-12 09:00;2026-10-10 03:00
124244035;23024;2026-10-12 10:45;2026-10-10 03:00
124244035;23024;2026-10-12 11:30;2026-10-10 03:00
124244035;23024;2026-10-13 14:15;2026-10-10 03:00
124244035;23024;2026-10-13 15:00;2026-10-10 03:00
124244035;23024;2026-10-13 17:30;2026-10-10 03:00
124244035;23024;2026-10-14 09:00;2026-10-10 03:00
124244035;23024;2026-10-14 10:45;2026-10-10 03:00
124244035;23024;2026-10-14 11:30;2026-10-10 03:00
124244035;23024;2026-10-26 08:45;2026-10-10 03:00
124244035;23024;2026-10-26 09:00;2026-10-10 03:00
124244035;23024;2026-10-26 10:45;2026-10-10 03:00
124244035;23024;2026-10-26 11:30;2026-10-10 03:00
124244035;23024;2026-10-27 14:15;2026-10-10 03:00
124244035;23024;2026-10-27 15:00;2026-10-10 03:00
124244035;23024;2026-10-27 17:30;2026-10-10 03:00
124244035;23024;2026-10-28 09:00;2026-10-10 03:00
124244035;23024;2026-10-28 10:45;2026-10-10 03:00
124244035;23024;2026-10-28 11:30;2026-10-10 03:00
124244035;23024;2026-10-29 14:00;2026-10-10 03:00
124244035;23024;2026-10-29 14:15;2026-10-10 03:00
124244035;23024;2026-10-29 14:45;2026-10-10 03:00
124244035;23024;2026-10-29 15:00;2026-10-10 03:00
124244035;23024;2026-10-29 17:15;2026-10-10 03:00
124244035;23024;2026-10-29 17:30;2026-10-10 03:00
124244035;23024;2026-10-29 17:45;2026-10-10 03:00
124244035;23024;2026-10-29 18:00;2026-10-10 03:00
124244035;23024;2026-10-30 07:00;2026-10-10 03:00
124244035;23024;2026-10-30 07:15;2026-10-10 03:00
124244035;23024;2026-10-30 07:45;2026-10-10 03:00
124244035;23024;2026-10-30 09:00;2026-10-10 03:00
124244035;23024;2026-10-30 09:30;2026-10-10 03:00
124244035;23024;2026-10-30 09:45;2026-10-10 03:00
124244035;23024;2026-10-30 10:30;2026-10-10 03:00
124244035;23024;2026-10-30 10:45;2026-10-10 03:00
124244035;23024;2026-10-30 11:30;2026-10-10 03:00
124244035;23024;2026-11-03 14:00;2026-10-10 03:00
124244035;23024;2026-11-03 14:15;2026-10-10 03:00
124244035;23024;2026-11-03 14:30;2026-10-10 03:00
124244035;23024;2026-11-03 14:45;2026-10-10 03:00
124244035;23024;2026-11-03 15:00;2026-10-10 03:00
124244035;23024;2026-11-03 15:30;2026-10-10 03:00
124244035;23024;2026-11-03 17:15;2026-10-10 03:00
124244035;23024;2026-11-03 17:30;2026-10-10 03:00
124244035;23024;2026-11-03 18:00;2026-10-10 03:00
124244035;23024;2026-11-03 18:30;2026-10-10 03:00
124244035;23024;2026-11-04 07:00;2026-10-10 03:00
124244035;23024;2026-11-04 07:15;2026-10-10 03:00
124244035;23024;2026-11-04 07:45;2026-10-10 03:00
124244035;23024;2026-11-04 08:15;2026-10-10 03:00
124244035;23024;2026-11-04 09:00;2026-10-10 03:00
124244035;23024;2026-11-04 09:30;2026-10-10 03:00
124244035;23024;2026-11-04 09:45;2026-10-10 03:00
124244035;23024;2026-11-04 10:30;2026-10-10 03:00
124244035;23024;2026-11-04 10:45;2026-10-10 03:00
124244035;23024;2026-11-04 11:30;2026-10-10 03:00
124244035;23024;2026-11-05 13:30;2026-10-10 03:00
124244035;23024;2026-11-05 13:45;2026-10-10 03:00
124244035;23024;2026-11-05 14:00;2026-10-10 03:00
124244035;23024;2026-11-05 14:15;2026-10-10 03:00
124244035;23024;2026-11-05 14:30;2026-10-10 03:00
124244035;23024;2026-11-05 14:45;2026-10-10 03:00
124244035;23024;2026-11-05 15:00;2026-10-10 03:00
124244035;23024;2026-11-05 15:30;2026-10-10 03:00
124244035;23024;2026-11-05 15:45;2026-10-10 03:00
124244035;23024;2026-11-05 16:30;2026-10-10 03:00
124244035;23024;2026-11-05 17:00;2026-10-10 03:00
124244035;23024;2026-11-05 17:15;2026-10-10 03:00
124244035;23024;2026-11-05 17:30;2026-10-10 03:00
124244035;23024;2026-11-05 18:00;2026-10-10 03:00
124244035;23024;2026-11-05 18:30;2026-10-10 03:00
124244035;23024;2026-11-06 07:00;2026-10-10 03:00
124244035;23024;2026-11-06 07:15;2026-10-10 03:00
124244035;23024;2026-11-06 07:45;2026-10-10 03:00
124244035;23024;2026-11-06 08:15;2026-10-10 03:00
124244035;23024;2026-11-06 08:30;2026-10-10 03:00
124244035;23024;2026-11-06 08:45;2026-10-10 03:00
124244035;23024;2026-11-06 09:00;2026-10-10 03:00
124244035;23024;2026-11-06 09:45;2026-10-10 03:00
124244035;23024;2026-11-06 10:30;2026-10-10 03:00
124244035;23024;2026-11-06 10:45;2026-10-10 03:00
124244035;23024;2026-11-06 11:15;2026-10-10 03:00
124244035;23024;2026-11-06 11:30;2026-10-10 03:00
124244035;23024;2026-11-09 13:30;2026-10-10 03:00
124244035;23024;2026-11-09 13:45;2026-10-10 03:00
124244035;23024;2026-11-09 14:15;2026-10-10 03:00
124244035;23024;2026-11-09 14:30;2026-10-10 03:00
124244035;23024;2026-11-09 14:45;2026-10-10 03:00
124244035;23024;2026-11-09 15:00;2026-10-10 03:00
124244035;23024;2026-11-09 15:30;2026-10-10 03:00
124244035;23024;2026-11-09 15:45;2026-10-10 03:00
124244035;23024;2026-11-09 16:30;2026-10-10 03:00
124244035;23024;2026-11-09 16:45;2026-10-10 03:00
124244035;23024;2026-11-09 17:15;2026-10-10 03:00
124244035;23024;2026-11-09 17:30;2026-10-10 03:00
124244035;23024;2026-11-09 18:00;2026-10-10 03:00
124244035;23024;2026-11-09 18:30;2026-10-10 03:00
124244035;23024;2026-11-10 07:00;2026-10-10 03:00
124244035;23024;2026-11-10 07:45;2026-10-10 03:00
124244035;23024;2026-11-10 08:00;2026-10-10 03:00
124244035;23024;2026-11-10 08:30;2026-10-10 03:00
124244035;23024;2026-11-10 08:45;2026-10-10 03:00
124244035;23024;2026-11-10 09:00;2026-10-10 03:00
124244035;23024;2026-11-10 09:30;2026-10-10 03:00
124244035;23024;2026-11-10 09:45;2026-10-10 03:00
124244035;23024;2026-11-10 10:30;2026-10-10 03:00
124244035;23024;2026-11-10 10:45;2026-10-10 03:00
124244035;23024;2026-11-10 11:15;2026-10-10 03:00
124244035;23024;2026-11-10 11:30;2026-10-10 03:00
124244035;23024;2026-11-10 11:45;2026-10-10 03:00
124244035;23024;2026-11-10 12:00;2026-10-10 03:00
124244035;23008;2026-10-12 14:00;2026-10-10 03:00
124244035;23008;2026-10-12 14:15;2026-10-10 03:00
124244035;23008;2026-10-12 15:00;2026-10-10 03:00
124244035;23008;2026-10-12 17:30;2026-10-10 03:00
124244035;23008;2026-10-13 09:00;2026-10-10 03:00
124244035;23008;2026-10-13 10:30;2026-10-10 03:00
124244035;23008;2026-10-13 11:30;2026-10-10 03:00
124244035;23008;2026-10-14 14:15;2026-10-10 03:00
124244035;23008;2026-10-14 15:00;2026-10-10 03:00
124244035;23008;2026-10-14 17:30;2026-10-10 03:00
124244035;23008;2026-10-15 07:15;2026-10-10 03:00
124244035;23008;2026-10-15 07:45;2026-10-10 03:00
124244035;23008;2026-10-15 09:00;2026-10-10 03:00
124244035;23008;2026-10-15 10:30;2026-10-10 03:00
124244035;23008;2026-10-15 11:30;2026-10-10 03:00
124244035;23008;2026-10-16 14:15;2026-10-10 03:00
124244035;23008;2026-10-16 15:00;2026-10-10 03:00
124244035;23008;2026-10-16 17:15;2026-10-10 03:00
124244035;23008;2026-10-16 17:30;2026-10-10 03:00
124244035;23008;2026-10-16 17:45;2026-10-10 03:00
124244035;23008;2026-10-16 18:15;2026-10-10 03:00
124244035;23008;2026-10-19 07:00;2026-10-10 03:00
124244035;23008;2026-10-19 07:15;2026-10-10 03:00
124244035;23008;2026-10-19 07:30;2026-10-10 03:00
124244035;23008;2026-10-19 07:45;2026-10-10 03:00
124244035;23008;2026-10-19 08:15;2026-10-10 03:00
124244035;23008;2026-10-19 08:30;2026-10-10 03:00
124244035;23008;2026-10-19 08:45;2026-10-10 03:00
124244035;23008;2026-10-19 09:00;2026-10-10 03:00
124244035;23008;2026-10-19 09:15;2026-10-10 03:00
124244035;23008;2026-10-19 09:45;2026-10-10 03:00
124244035;23008;2026-10-19 10:30;2026-10-10 03:00
124244035;23008;2026-10-19 11:30;2026-10-10 03:00
124244035;23008;2026-10-19 11:45;2026-10-10 03:00
124244035;23008;2026-10-20 13:45;2026-10-10 03:00
124244035;23008;2026-10-20 14:15;2026-10-10 03:00
124244035;23008;2026-10-20 14:45;2026-10-10 03:00
124244035;23008;2026-10-20 15:00;2026-10-10 03:00
124244035;23008;2026-10-20 15:15;2026-10-10 03:00
124244035;23008;2026-10-20 15:30;2026-10-10 03:00
124244035;23008;2026-10-20 15:45;2026-10-10 03:00
124244035;23008;2026-10-20 16:00;2026-10-10 03:00
124244035;23008;2026-10-20 16:15;2026-10-10 03:00
124244035;23008;2026-10-20 17:00;2026-10-10 03:00
124244035;23008;2026-10-20 17:15;2026-10-10 03:00
124244035;23008;2026-10-20 17:30;2026-10-10 03:00
124244035;23008;2026-10-20 17:45;2026-10-10 03:00
124244035;23008;2026-10-20 18:00;2026-10-10 03:00
124244035;23008;2026-10-20 18:15;2026-10-10 03:00
124244035;23008;2026-10-20 18:30;2026-10-10 03:00
124244035;23008;2026-10-21 07:00;2026-10-10 03:00
124244035;23008;2026-10-21 07:15;2026-10-10 03:00
124244035;23008;2026-10-21 07:30;2026-10-10 03:00
124244035;23008;2026-10-21 07:45;2026-10-10 03:00
124244035;23008;2026-10-21 08:15;2026-10-10 03:00
124244035;23008;2026-10-21 08:30;2026-10-10 03:00
124244035;23008;2026-10-21 08:45;2026-10-10 03:00
124244035;23008;2026-10-21 09:00;2026-10-10 03:00
124244035;23008;2026-10-21 09:30;2026-10-10 03:00
124244035;23008;2026-10-21 09:45;2026-10-10 03:00
124244035;23008;2026-10-21 10:00;2026-10-10 03:00
124244035;23008;2026-10-21 10:15;2026-10-10 03:00
124244035;23008;2026-10-21 10:30;2026-10-10 03:00
124244035;23008;2026-10-21 10:45;2026-10-10 03:00
124244035;23008;2026-10-21 11:30;2026-10-10 03:00
124244035;23008;2026-10-21 11:45;2026-10-10 03:00
124244035;23008;2026-10-23 07:00;2026-10-10 03:00
124244035;23008;2026-10-23 07:15;2026-10-10 03:00
124244035;23008;2026-10-23 07:30;2026-10-10 03:00
124244035;23008;2026-10-23 07:45;2026-10-10 03:00
124244035;23008;2026-10-23 08:00;2026-10-10 03:00
124244035;23008;2026-10-23 08:15;2026-10-10 03:00
124244035;23008;2026-10-23 09:00;2026-10-10 03:00
124244035;23008;2026-10-23 09:30;2026-10-10 03:00
124244035;23008;2026-10-23 10:00;2026-10-10 03:00
124244035;23008;2026-10-23 10:30;2026-10-10 03:00
124244035;23008;2026-10-23 11:30;2026-10-10 03:00
124244035;23008;2026-10-26 13:30;2026-10-10 03:00
124244035;23008;2026-10-26 13:45;2026-10-10 03:00
124244035;23008;2026-10-26 14:00;2026-10-10 03:00
124244035;23008;2026-10-26 14:15;2026-10-10 03:00
124244035;23008;2026-10-26 14:30;2026-10-10 03:00
124244035;23008;2026-10-26 15:00;2026-10-10 03:00
124244035;23008;2026-10-26 15:15;2026-10-10 03:00
124244035;23008;2026-10-26 15:30;2026-10-10 03:00
124244035;23008;2026-10-26 15:45;2026-10-10 03:00
124244035;23008;2026-10-26 16:00;2026-10-10 03:00
124244035;23008;2026-10-26 17:15;2026-10-10 03:00
124244035;23008;2026-10-26 17:30;2026-10-10 03:00
124244035;23008;2026-10-26 17:45;2026-10-10 03:00
124244035;23008;2026-10-26 18:15;2026-10-10 03:00
124244035;23008;2026-10-26 18:30;2026-10-10 03:00
124244035;23008;2026-10-27 07:00;2026-10-10 03:00
124244035;23008;2026-10-27 07:15;2026-10-10 03:00
124244035;23008;2026-10-27 07:30;2026-10-10 03:00
124244035;23008;2026-10-27 07:45;2026-10-10 03:00
124244035;23008;2026-10-27 08:00;2026-10-10 03:00
124244035;23008;2026-10-27 08:15;2026-10-10 03:00
124244035;23008;2026-10-27 08:30;2026-10-10 03:00
124244035;23008;2026-10-27 08:45;2026-10-10 03:00
124244035;23008;2026-10-27 09:00;2026-10-10 03:00
124244035;23008;2026-10-27 09:15;2026-10-10 03:00
124244035;23008;2026-10-27 09:30;2026-10-10 03:00
124244035;23008;2026-10-27 09:45;2026-10-10 03:00
124244035;23008;2026-10-27 10:00;2026-10-10 03:00
124244035;23008;2026-10-27 10:15;2026-10-10 03:00
124244035;23008;2026-10-27 10:30;2026-10-10 03:00
124244035;23008;2026-10-27 10:45;2026-10-10 03:00
124244035;23008;2026-10-27 11:30;2026-10-10 03:00
124244035;23008;2026-10-27 11:45;2026-10-10 03:00
124244035;23008;2026-10-27 12:00;2026-10-10 03:00
124244035;23008;2026-10-28 14:15;2026-10-10 03:00
124244035;23008;2026-10-28 14:30;2026-10-10 03:00
124244035;23008;2026-10-28 14:45;2026-10-10 03:00
124244035;23008;2026-10-28 15:00;2026-10-10 03:00
124244035;23008;2026-10-28 15:15;2026-10-10 03:00
124244035;23008;2026-10-28 15:30;2026-10-10 03:00
124244035;23008;2026-10-28 15:45;2026-10-10 03:00
124244035;23008;2026-10-28 16:00;2026-10-10 03:00
124244035;23008;2026-10-28 16:15;2026-10-10 03:00
124244035;23008;2026-10-28 17:00;2026-10-10 03:00
124244035;23008;2026-10-28 17:15;2026-10-10 03:00
124244035;23008;2026-10-28 17:30;2026-10-10 03:00
124244035;23008;2026-10-28 17:45;2026-10-10 03:00
124244035;23008;2026-10-28 18:00;2026-10-10 03:00
124244035;23008;2026-10-28 18:15;2026-10-10 03:00
124244035;23008;2026-10-28 18:30;2026-10-10 03:00
124244035;23008;2026-10-29 07:00;2026-10-10 03:00
124244035;23008;2026-10-29 07:15;2026-10-10 03:00
124244035;23008;2026-10-29 07:45;2026-10-10 03:00
124244035;23008;2026-10-29 08:00;2026-10-10 03:00
124244035;23008;2026-10-29 08:15;2026-10-10 03:00
124244035;23008;2026-10-29 08:30;2026-10-10 03:00
124244035;23008;2026-10-29 08:45;2026-10-10 03:00
124244035;23008;2026-10-29 09:00;2026-10-10 03:00
124244035;23008;2026-10-29 09:15;2026-10-10 03:00
124244035;23008;2026-10-29 09:30;2026-10-10 03:00
124244035;23008;2026-10-29 09:45;2026-10-10 03:00
124244035;23008;2026-10-29 10:00;2026-10-10 03:00
124244035;23008;2026-10-29 10:15;2026-10-10 03:00
124244035;23008;2026-10-29 10:30;2026-10-10 03:00
124244035;23008;2026-10-29 10:45;2026-10-10 03:00
124244035;23008;2026-10-29 11:30;2026-10-10 03:00
124244035;23008;2026-10-29 11:45;2026-10-10 03:00
124244035;23008;2026-10-30 13:30;2026-10-10 03:00
124244035;23008;2026-10-30 14:15;2026-10-10 03:00
124244035;23008;2026-10-30 14:30;2026-10-10 03:00
124244035;23008;2026-10-30 14:45;2026-10-10 03:00
124244035;23008;2026-10-30 15:00;2026-10-10 03:00
124244035;23008;2026-10-30 15:15;2026-10-10 03:00
124244035;23008;2026-10-30 15:30;2026-10-10 03:00
124244035;23008;2026-10-30 15:45;2026-10-10 03:00
124244035;23008;2026-10-30 16:00;2026-10-10 03:00
124244035;23008;2026-10-30 17:00;2026-10-10 03:00
124244035;23008;2026-10-30 17:30;2026-10-10 03:00
124244035;23008;2026-10-30 17:45;2026-10-10 03:00
124244035;23008;2026-10-30 18:15;2026-10-10 03:00
124244035;23008;2026-10-30 18:30;2026-10-10 03:00
124244035;23008;2026-11-03 07:15;2026-10-10 03:00
124244035;23008;2026-11-03 07:45;2026-10-10 03:00
124244035;23008;2026-11-03 08:00;2026-10-10 03:00
124244035;23008;2026-11-03 08:15;2026-10-10 03:00
124244035;23008;2026-11-03 08:30;2026-10-10 03:00
124244035;23008;2026-11-03 08:45;2026-10-10 03:00
124244035;23008;2026-11-03 09:00;2026-10-10 03:00
124244035;23008;2026-11-03 09:15;2026-10-10 03:00
124244035;23008;2026-11-03 09:30;2026-10-10 03:00
124244035;23008;2026-11-03 09:45;2026-10-10 03:00
124244035;23008;2026-11-03 10:00;2026-10-10 03:00
124244035;23008;2026-11-03 10:30;2026-10-10 03:00
124244035;23008;2026-11-03 10:45;2026-10-10 03:00
124244035;23008;2026-11-03 11:30;2026-10-10 03:00
124244035;23008;2026-11-03 11:45;2026-10-10 03:00
124244035;23008;2026-11-03 12:00;2026-10-10 03:00
124244035;23008;2026-11-04 13:30;2026-10-10 03:00
124244035;23008;2026-11-04 13:45;2026-10-10 03:00
124244035;23008;2026-11-04 14:00;2026-10-10 03:00
124244035;23008;2026-11-04 14:15;2026-10-10 03:00
124244035;23008;2026-11-04 14:30;2026-10-10 03:00
124244035;23008;2026-11-04 14:45;2026-10-10 03:00
124244035;23008;2026-11-04 15:00;2026-10-10 03:00
124244035;23008;2026-11-04 15:15;2026-10-10 03:00
124244035;23008;2026-11-04 15:30;2026-10-10 03:00
124244035;23008;2026-11-04 15:45;2026-10-10 03:00
124244035;23008;2026-11-04 16:00;2026-10-10 03:00
124244035;23008;2026-11-04 16:15;2026-10-10 03:00
124244035;23008;2026-11-04 17:00;2026-10-10 03:00
124244035;23008;2026-11-04 17:15;2026-10-10 03:00
124244035;23008;2026-11-04 17:30;2026-10-10 03:00
124244035;23008;2026-11-04 17:45;2026-10-10 03:00
124244035;23008;2026-11-04 18:00;2026-10-10 03:00
124244035;23008;2026-11-04 18:15;2026-10-10 03:00
124244035;23008;2026-11-04 18:30;2026-10-10 03:00
124244035;23008;2026-11-05 07:00;2026-10-10 03:00
124244035;23008;2026-11-05 07:15;2026-10-10 03:00
124244035;23008;2026-11-05 07:30;2026-10-10 03:00
124244035;23008;2026-11-05 07:45;2026-10-10 03:00
124244035;23008;2026-11-05 08:00;2026-10-10 03:00
124244035;23008;2026-11-05 08:15;2026-10-10 03:00
124244035;23008;2026-11-05 08:30;2026-10-10 03:00
124244035;23008;2026-11-05 08:45;2026-10-10 03:00
124244035;23008;2026-11-05 09:00;2026-10-10 03:00
124244035;23008;2026-11-05 09:15;2026-10-10 03:00
124244035;23008;2026-11-05 09:30;2026-10-10 03:00
124244035;23008;2026-11-05 09:45;2026-10-10 03:00
124244035;23008;2026-11-05 10:00;2026-10-10 03:00
124244035;23008;2026-11-05 10:15;2026-10-10 03:00
124244035;23008;2026-11-05 10:30;2026-10-10 03:00
124244035;23008;2026-11-05 10:45;2026-10-10 03:00
124244035;23008;2026-11-05 11:30;2026-10-10 03:00
124244035;23008;2026-11-05 11:45;2026-10-10 03:00
124244035;23008;2026-11-05 12:00;2026-10-10 03:00
124244035;23008;2026-11-10 13:30;2026-10-10 03:00
124244035;23008;2026-11-10 13:45;2026-10-10 03:00
124244035;23008;2026-11-10 14:00;2026-10-10 03:00
124244035;23008;2026-11-10 14:15;2026-10-10 03:00
124244035;23008;2026-11-10 14:30;2026-10-10 03:00
124244035;23008;2026-11-10 14:45;2026-10-10 03:00
124244035;23008;2026-11-10 15:00;2026-10-10 03:00
124244035;23008;2026-11-10 15:15;2026-10-10 03:00
124244035;23008;2026-11-10 15:30;2026-10-10 03:00
124244035;23008;2026-11-10 15:45;2026-10-10 03:00
124244035;23008;2026-11-10 16:00;2026-10-10 03:00
124244035;23008;2026-11-10 16:15;2026-10-10 03:00
124244035;23008;2026-11-10 17:00;2026-10-10 03:00
124244035;23008;2026-11-10 17:15;2026-10-10 03:00
124244035;23008;2026-11-10 17:30;2026-10-10 03:00
124244035;23008;2026-11-10 17:45;2026-10-10 03:00
124244035;23008;2026-11-10 18:00;2026-10-10 03:00
124244035;23008;2026-11-10 18:15;2026-10-10 03:00
124244035;23008;2026-11-10 18:30;2026-10-10 03:00
124244035;22347;2026-10-13 14:15;2026-10-10 03:00
124244035;22347;2026-10-13 15:00;2026-10-10 03:00
124244035;22347;2026-10-14 10:45;2026-10-10 03:00
124244035;22347;2026-10-14 11:30;2026-10-10 03:00
124244035;22347;2026-10-15 14:15;2026-10-10 03:00
124244035;22347;2026-10-15 15:00;2026-10-10 03:00
124244035;22347;2026-10-15 17:30;2026-10-10 03:00
124244035;22347;2026-10-16 07:45;2026-10-10 03:00
124244035;22347;2026-10-16 10:45;2026-10-10 03:00
124244035;22347;2026-10-16 11:30;2026-10-10 03:00
124244035;22347;2026-10-19 13:30;2026-10-10 03:00
124244035;22347;2026-10-19 13:45;2026-10-10 03:00
124244035;22347;2026-10-19 14:15;2026-10-10 03:00
124244035;22347;2026-10-19 15:00;2026-10-10 03:00
124244035;22347;2026-10-19 15:15;2026-10-10 03:00
124244035;22347;2026-10-19 16:45;2026-10-10 03:00
124244035;22347;2026-10-19 17:15;2026-10-10 03:00
124244035;22347;2026-10-19 17:30;2026-10-10 03:00
124244035;22347;2026-10-20 08:15;2026-10-10 03:00
124244035;22347;2026-10-20 08:45;2026-10-10 03:00
124244035;22347;2026-10-20 09:00;2026-10-10 03:00
124244035;22347;2026-10-20 09:30;2026-10-10 03:00
124244035;22347;2026-10-20 09:45;2026-10-10 03:00
124244035;22347;2026-10-20 10:45;2026-10-10 03:00
124244035;22347;2026-10-20 11:30;2026-10-10 03:00
124244035;22347;2026-10-20 11:45;2026-10-10 03:00
124244035;22347;2026-10-21 13:45;2026-10-10 03:00
124244035;22347;2026-10-21 14:00;2026-10-10 03:00
124244035;22347;2026-10-21 14:15;2026-10-10 03:00
124244035;22347;2026-10-21 14:30;2026-10-10 03:00
124244035;22347;2026-10-21 14:45;2026-10-10 03:00
124244035;22347;2026-10-21 15:00;2026-10-10 03:00
124244035;22347;2026-10-21 15:15;2026-10-10 03:00
124244035;22347;2026-10-21 15:30;2026-10-10 03:00
124244035;22347;2026-10-21 15:45;2026-10-10 03:00
124244035;22347;2026-10-21 16:30;2026-10-10 03:00
124244035;22347;2026-10-21 16:45;2026-10-10 03:00
124244035;22347;2026-10-21 17:15;2026-10-10 03:00
124244035;22347;2026-10-21 17:30;2026-10-10 03:00
124244035;22347;2026-10-22 07:15;2026-10-10 03:00
124244035;22347;2026-10-22 07:45;2026-10-10 03:00
124244035;22347;2026-10-22 08:00;2026-10-10 03:00
124244035;22347;2026-10-22 08:15;2026-10-10 03:00
124244035;22347;2026-10-22 08:30;2026-10-10 03:00
124244035;22347;2026-10-22 08:45;2026-10-10 03:00
124244035;22347;2026-10-22 09:00;2026-10-10 03:00
124244035;22347;2026-10-22 09:15;2026-10-10 03:00
124244035;22347;2026-10-22 09:30;2026-10-10 03:00
124244035;22347;2026-10-22 09:45;2026-10-10 03:00
124244035;22347;2026-10-22 10:45;2026-10-10 03:00
124244035;22347;2026-10-22 11:00;2026-10-10 03:00
124244035;22347;2026-10-22 11:15;2026-10-10 03:00
124244035;22347;2026-10-22 11:30;2026-10-10 03:00
124244035;22347;2026-10-22 11:45;2026-10-10 03:00
124244035;22347;2026-10-23 14:00;2026-10-10 03:00
124244035;22347;2026-10-23 14:15;2026-10-10 03:00
124244035;22347;2026-10-23 14:30;2026-10-10 03:00
124244035;22347;2026-10-23 14:45;2026-10-10 03:00
124244035;22347;2026-10-23 15:00;2026-10-10 03:00
124244035;22347;2026-10-23 16:30;2026-10-10 03:00
124244035;22347;2026-10-23 16:45;2026-10-10 03:00
124244035;22347;2026-10-23 17:00;2026-10-10 03:00
124244035;22347;2026-10-23 17:15;2026-10-10 03:00
124244035;22347;2026-10-23 17:30;2026-10-10 03:00
124244035;22347;2026-10-26 07:15;2026-10-10 03:00
124244035;22347;2026-10-26 07:45;2026-10-10 03:00
124244035;22347;2026-10-26 08:00;2026-10-10 03:00
124244035;22347;2026-10-26 08:15;2026-10-10 03:00
124244035;22347;2026-10-26 08:30;2026-10-10 03:00
124244035;22347;2026-10-26 08:45;2026-10-10 03:00
124244035;22347;2026-10-26 09:00;2026-10-10 03:00
124244035;22347;2026-10-26 09:15;2026-10-10 03:00
124244035;22347;2026-10-26 09:30;2026-10-10 03:00
124244035;22347;2026-10-26 09:45;2026-10-10 03:00
124244035;22347;2026-10-26 10:30;2026-10-10 03:00
124244035;22347;2026-10-26 10:45;2026-10-10 03:00
124244035;22347;2026-10-26 11:15;2026-10-10 03:00
124244035;22347;2026-10-26 11:30;2026-10-10 03:00
124244035;22347;2026-10-26 11:45;2026-10-10 03:00
124244035;22347;2026-10-27 13:30;2026-10-10 03:00
124244035;22347;2026-10-27 14:00;2026-10-10 03:00
124244035;22347;2026-10-27 14:15;2026-10-10 03:00
124244035;22347;2026-10-27 14:30;2026-10-10 03:00
124244035;22347;2026-10-27 14:45;2026-10-10 03:00
124244035;22347;2026-10-27 15:00;2026-10-10 03:00
124244035;22347;2026-10-27 15:15;2026-10-10 03:00
124244035;22347;2026-10-27 15:30;2026-10-10 03:00
124244035;22347;2026-10-27 15:45;2026-10-10 03:00
124244035;22347;2026-10-27 16:30;2026-10-10 03:00
124244035;22347;2026-10-27 16:45;2026-10-10 03:00
124244035;22347;2026-10-27 17:00;2026-10-10 03:00
124244035;22347;2026-10-27 17:15;2026-10-10 03:00
124244035;22347;2026-10-27 17:30;2026-10-10 03:00
124244035;22347;2026-10-27 17:45;2026-10-10 03:00
124244035;22347;2026-10-28 07:00;2026-10-10 03:00
124244035;22347;2026-10-28 07:15;2026-10-10 03:00
124244035;22347;2026-10-28 07:45;2026-10-10 03:00
124244035;22347;2026-10-28 08:00;2026-10-10 03:00
124244035;22347;2026-10-28 08:15;2026-10-10 03:00
124244035;22347;2026-10-28 08:30;2026-10-10 03:00
124244035;22347;2026-10-28 08:45;2026-10-10 03:00
124244035;22347;2026-10-28 09:00;2026-10-10 03:00
124244035;22347;2026-10-28 09:15;2026-10-10 03:00
124244035;22347;2026-10-28 09:45;2026-10-10 03:00
124244035;22347;2026-10-28 10:30;2026-10-10 03:00
124244035;22347;2026-10-28 10:45;2026-10-10 03:00
124244035;22347;2026-10-28 11:00;2026-10-10 03:00
124244035;22347;2026-10-28 11:15;2026-10-10 03:00
124244035;22347;2026-10-28 11:30;2026-10-10 03:00
124244035;22347;2026-10-28 11:45;2026-10-10 03:00
124244035;22347;2026-10-28 12:00;2026-10-10 03:00
124244035;22347;2026-10-29 13:45;2026-10-10 03:00
124244035;22347;2026-10-29 14:15;2026-10-10 03:00
124244035;22347;2026-10-29 14:30;2026-10-10 03:00
124244035;22347;2026-10-29 14:45;2026-10-10 03:00
124244035;22347;2026-10-29 15:00;2026-10-10 03:00
124244035;22347;2026-10-29 15:15;2026-10-10 03:00
124244035;22347;2026-10-29 15:30;2026-10-10 03:00
124244035;22347;2026-10-29 15:45;2026-10-10 03:00
124244035;22347;2026-10-29 16:30;2026-10-10 03:00
124244035;22347;2026-10-29 16:45;2026-10-10 03:00
124244035;22347;2026-10-29 17:00;2026-10-10 03:00
124244035;22347;2026-10-29 17:15;2026-10-10 03:00
124244035;22347;2026-10-29 17:30;2026-10-10 03:00
124244035;22347;2026-10-29 17:45;2026-10-10 03:00
124244035;22347;2026-11-09 14:00;2026-10-10 03:00
124244035;22347;2026-11-09 14:15;2026-10-10 03:00
124244035;22347;2026-11-09 14:30;2026-10-10 03:00
124244035;22347;2026-11-09 15:00;2026-10-10 03:00
124244035;22347;2026-11-09 15:15;2026-10-10 03:00
124244035;22347;2026-11-09 15:30;2026-10-10 03:00
124244035;22347;2026-11-09 16:30;2026-10-10 03:00
124244035;22347;2026-11-09 16:45;2026-10-10 03:00
124244035;22347;2026-11-09 17:00;2026-10-10 03:00
124244035;22347;2026-11-09 17:15;2026-10-10 03:00
124244035;22347;2026-11-09 17:30;2026-10-10 03:00
124244035;22347;2026-11-09 17:45;2026-10-10 03:00
124244035;22347;2026-11-09 18:00;2026-10-10 03:00
124244035;22347;2026-11-10 07:15;2026-10-10 03:00
124244035;22347;2026-11-10 07:45;2026-10-10 03:00
124244035;22347;2026-11-10 08:15;2026-10-10 03:00
124244035;22347;2026-11-10 08:30;2026-10-10 03:00
124244035;22347;2026-11-10 09:00;2026-10-10 03:00
124244035;22347;2026-11-10 09:30;2026-10-10 03:00
124244035;22347;2026-11-10 09:45;2026-10-10 03:00
124244035;22347;2026-11-10 10:30;2026-10-10 03:00
124244035;22347;2026-11-10 10:45;2026-10-10 03:00
124244035;22347;2026-11-10 11:00;2026-10-10 03:00
124244035;22347;2026-11-10 11:15;2026-10-10 03:00
124244035;22347;2026-11-10 11:30;2026-10-10 03:00
124244035;22347;2026-11-10 11:45;2026-10-10 03:00
124244035;22347;2026-11-10 12:00;2026-10-10 03:00
124244035;21468;2026-10-12 16:45;2026-10-10 03:00
124244035;21468;2026-10-12 17:30;2026-10-10 03:00
124244035;21468;2026-10-13 08:30;2026-10-10 03:00
124244035;21468;2026-10-14 14:15;2026-10-10 03:00
124244035;21468;2026-10-14 15:00;2026-10-10 03:00
124244035;21468;2026-10-14 17:30;2026-10-10 03:00
124244035;21468;2026-10-15 07:15;2026-10-10 03:00
124244035;21468;2026-10-15 07:45;2026-10-10 03:00
124244035;21468;2026-10-15 08:15;2026-10-10 03:00
124244035;21468;2026-10-15 08:30;2026-10-10 03:00
124244035;21468;2026-10-15 10:45;2026-10-10 03:00
124244035;21468;2026-10-15 11:30;2026-10-10 03:00
124244035;21468;2026-10-16 14:15;2026-10-10 03:00
124244035;21468;2026-10-16 15:00;2026-10-10 03:00
124244035;21468;2026-10-16 16:45;2026-10-10 03:00
124244035;21468;2026-10-16 17:00;2026-10-10 03:00
124244035;21468;2026-10-16 17:30;2026-10-10 03:00
124244035;21468;2026-10-16 17:45;2026-10-10 03:00
124244035;21468;2026-10-16 18:00;2026-10-10 03:00
124244035;21468;2026-10-16 18:30;2026-10-10 03:00
124244035;21468;2026-10-19 07:15;2026-10-10 03:00
124244035;21468;2026-10-19 07:45;2026-10-10 03:00
124244035;21468;2026-10-19 08:00;2026-10-10 03:00
124244035;21468;2026-10-19 08:15;2026-10-10 03:00
124244035;21468;2026-10-19 08:30;2026-10-10 03:00
124244035;21468;2026-10-19 08:45;2026-10-10 03:00
124244035;21468;2026-10-19 09:00;2026-10-10 03:00
124244035;21468;2026-10-19 09:15;2026-10-10 03:00
124244035;21468;2026-10-19 10:45;2026-10-10 03:00
124244035;21468;2026-10-19 11:15;2026-10-10 03:00
124244035;21468;2026-10-19 11:30;2026-10-10 03:00
124244035;21468;2026-10-19 11:45;2026-10-10 03:00
124244035;21468;2026-10-19 12:00;2026-10-10 03:00
124244035;21468;2026-10-20 13:30;2026-10-10 03:00
124244035;21468;2026-10-20 13:45;2026-10-10 03:00
124244035;21468;2026-10-20 14:00;2026-10-10 03:00
124244035;21468;2026-10-20 14:15;2026-10-10 03:00
124244035;21468;2026-10-20 14:30;2026-10-10 03:00
124244035;21468;2026-10-20 14:45;2026-10-10 03:00
124244035;21468;2026-10-20 15:00;2026-10-10 03:00
124244035;21468;2026-10-20 15:15;2026-10-10 03:00
124244035;21468;2026-10-20 15:30;2026-10-10 03:00
124244035;21468;2026-10-20 15:45;2026-10-10 03:00
124244035;21468;2026-10-20 16:30;2026-10-10 03:00
124244035;21468;2026-10-20 16:45;2026-10-10 03:00
124244035;21468;2026-10-20 17:00;2026-10-10 03:00
124244035;21468;2026-10-20 17:15;2026-10-10 03:00
124244035;21468;2026-10-20 17:30;2026-10-10 03:00
124244035;21468;2026-10-20 17:45;2026-10-10 03:00
124244035;21468;2026-10-20 18:00;2026-10-10 03:00
124244035;21468;2026-10-20 18:30;2026-10-10 03:00
124244035;21468;2026-10-21 07:00;2026-10-10 03:00
124244035;21468;2026-10-21 07:15;2026-10-10 03:00
124244035;21468;2026-10-21 07:45;2026-10-10 03:00
124244035;21468;2026-10-21 08:00;2026-10-10 03:00
124244035;21468;2026-10-21 08:15;2026-10-10 03:00
124244035;21468;2026-10-21 08:30;2026-10-10 03:00
124244035;21468;2026-10-21 08:45;2026-10-10 03:00
124244035;21468;2026-10-21 09:00;2026-10-10 03:00
124244035;21468;2026-10-21 09:15;2026-10-10 03:00
124244035;21468;2026-10-21 09:30;2026-10-10 03:00
124244035;21468;2026-10-21 09:45;2026-10-10 03:00
124244035;21468;2026-10-21 10:30;2026-10-10 03:00
124244035;21468;2026-10-21 10:45;2026-10-10 03:00
124244035;21468;2026-10-21 11:00;2026-10-10 03:00
124244035;21468;2026-10-21 11:15;2026-10-10 03:00
124244035;21468;2026-10-21 11:30;2026-10-10 03:00
124244035;21468;2026-10-21 11:45;2026-10-10 03:00
124244035;21468;2026-10-21 12:00;2026-10-10 03:00
124244035;21468;2026-10-22 13:45;2026-10-10 03:00
124244035;21468;2026-10-22 14:00;2026-10-10 03:00
124244035;21468;2026-10-22 14:15;2026-10-10 03:00
124244035;21468;2026-10-22 14:30;2026-10-10 03:00
124244035;21468;2026-10-22 14:45;2026-10-10 03:00
124244035;21468;2026-10-22 15:00;2026-10-10 03:00
124244035;21468;2026-10-22 15:15;2026-10-10 03:00
124244035;21468;2026-10-22 15:30;2026-10-10 03:00
124244035;21468;2026-10-22 15:45;2026-10-10 03:00
124244035;21468;2026-10-22 16:30;2026-10-10 03:00
124244035;21468;2026-10-22 16:45;2026-10-10 03:00
124244035;21468;2026-10-22 17:00;2026-10-10 03:00
124244035;21468;2026-10-22 17:15;2026-10-10 03:00
124244035;21468;2026-10-22 17:30;2026-10-10 03:00
124244035;21468;2026-10-22 17:45;2026-10-10 03:00
124244035;21468;2026-10-22 18:00;2026-10-10 03:00
124244035;21468;2026-10-22 18:30;2026-10-10 03:00
124244035;21468;2026-10-23 07:00;2026-10-10 03:00
124244035;21468;2026-10-23 07:15;2026-10-10 03:00
124244035;21468;2026-10-23 07:45;2026-10-10 03:00
124244035;21468;2026-10-23 08:00;2026-10-10 03:00
124244035;21468;2026-10-23 08:15;2026-10-10 03:00
124244035;21468;2026-10-23 08:30;2026-10-10 03:00
124244035;21468;2026-10-23 08:45;2026-10-10 03:00
124244035;21468;2026-10-23 09:00;2026-10-10 03:00
124244035;21468;2026-10-23 09:15;2026-10-10 03:00
124244035;21468;2026-10-23 09:30;2026-10-10 03:00
124244035;21468;2026-10-23 09:45;2026-10-10 03:00
124244035;21468;2026-10-23 10:30;2026-10-10 03:00
124244035;21468;2026-10-23 10:45;2026-10-10 03:00
124244035;21468;2026-10-23 11:00;2026-10-10 03:00
124244035;21468;2026-10-23 11:15;2026-10-10 03:00
124244035;21468;2026-10-23 11:30;2026-10-10 03:00
124244035;21468;2026-10-26 13:30;2026-10-10 03:00
124244035;21468;2026-10-26 13:45;2026-10-10 03:00
124244035;21468;2026-10-26 14:00;2026-10-10 03:00
124244035;21468;2026-10-26 14:15;2026-10-10 03:00
124244035;21468;2026-10-26 14:30;2026-10-10 03:00
124244035;21468;2026-10-26 14:45;2026-10-10 03:00
124244035;21468;2026-10-26 16:30;2026-10-10 03:00
124244035;21468;2026-10-26 16:45;2026-10-10 03:00
124244035;21468;2026-10-26 17:00;2026-10-10 03:00
124244035;21468;2026-10-26 17:15;2026-10-10 03:00
124244035;21468;2026-10-26 17:30;2026-10-10 03:00
124244035;21468;2026-10-26 17:45;2026-10-10 03:00
124244035;21468;2026-10-26 18:00;2026-10-10 03:00
124244035;21468;2026-10-26 18:30;2026-10-10 03:00
124244035;21468;2026-10-27 07:00;2026-10-10 03:00
124244035;21468;2026-10-27 07:15;2026-10-10 03:00
124244035;21468;2026-10-27 07:45;2026-10-10 03:00
124244035;21468;2026-10-27 08:00;2026-10-10 03:00
124244035;21468;2026-10-27 08:15;2026-10-10 03:00
124244035;21468;2026-10-27 08:30;2026-10-10 03:00
124244035;21468;2026-10-27 09:00;2026-10-10 03:00
124244035;21468;2026-10-27 09:15;2026-10-10 03:00
124244035;21468;2026-10-27 09:30;2026-10-10 03:00
124244035;21468;2026-10-27 09:45;2026-10-10 03:00
124244035;21468;2026-10-27 10:30;2026-10-10 03:00
124244035;21468;2026-10-27 10:45;2026-10-10 03:00
124244035;21468;2026-10-27 11:00;2026-10-10 03:00
124244035;21468;2026-10-27 11:15;2026-10-10 03:00
124244035;21468;2026-10-27 11:30;2026-10-10 03:00
124244035;21468;2026-10-27 11:45;2026-10-10 03:00
124244035;21468;2026-10-27 12:00;2026-10-10 03:00
124244035;21468;2026-10-28 13:45;2026-10-10 03:00
124244035;21468;2026-10-28 14:00;2026-10-10 03:00
124244035;21468;2026-10-28 14:15;2026-10-10 03:00
124244035;21468;2026-10-28 14:30;2026-10-10 03:00
124244035;21468;2026-10-28 14:45;2026-10-10 03:00
124244035;21468;2026-10-28 16:30;2026-10-10 03:00
124244035;21468;2026-10-28 16:45;2026-10-10 03:00
124244035;21468;2026-10-28 17:00;2026-10-10 03:00
124244035;21468;2026-10-28 17:15;2026-10-10 03:00
124244035;21468;2026-10-28 17:30;2026-10-10 03:00
124244035;21468;2026-10-28 17:45;2026-10-10 03:00
124244035;21468;2026-10-28 18:00;2026-10-10 03:00
124244035;21468;2026-11-03 07:00;2026-10-10 03:00
124244035;21468;2026-11-03 07:15;2026-10-10 03:00
124244035;21468;2026-11-03 07:45;2026-10-10 03:00
124244035;21468;2026-11-03 08:00;2026-10-10 03:00
124244035;21468;2026-11-03 08:30;2026-10-10 03:00
124244035;21468;2026-11-03 08:45;2026-10-10 03:00
124244035;21468;2026-11-03 09:00;2026-10-10 03:00
124244035;21468;2026-11-03 09:15;2026-10-10 03:00
124244035;21468;2026-11-03 10:30;2026-10-10 03:00
124244035;21468;2026-11-03 10:45;2026-10-10 03:00
124244035;21468;2026-11-03 11:00;2026-10-10 03:00
124244035;21468;2026-11-03 11:15;2026-10-10 03:00
124244035;21468;2026-11-03 11:30;2026-10-10 03:00
124244035;21468;2026-11-03 11:45;2026-10-10 03:00
124244035;21468;2026-11-04 13:30;2026-10-10 03:00
124244035;21468;2026-11-04 13:45;2026-10-10 03:00
124244035;21468;2026-11-04 14:00;2026-10-10 03:00
124244035;21468;2026-11-04 14:15;2026-10-10 03:00
124244035;21468;2026-11-04 14:30;2026-10-10 03:00
124244035;21468;2026-11-04 14:45;2026-10-10 03:00
124244035;21468;2026-11-04 15:00;2026-10-10 03:00
124244035;21468;2026-11-04 15:15;2026-10-10 03:00
124244035;21468;2026-11-04 15:30;2026-10-10 03:00
124244035;21468;2026-11-04 15:45;2026-10-10 03:00
124244035;21468;2026-11-04 16:30;2026-10-10 03:00
124244035;21468;2026-11-04 16:45;2026-10-10 03:00
124244035;21468;2026-11-04 17:00;2026-10-10 03:00
124244035;21468;2026-11-04 17:15;2026-10-10 03:00
124244035;21468;2026-11-04 17:30;2026-10-10 03:00
124244035;21468;2026-11-04 17:45;2026-10-10 03:00
124244035;21468;2026-11-04 18:00;2026-10-10 03:00
124244035;21468;2026-11-04 18:30;2026-10-10 03:00
124244035;21468;2026-11-05 07:00;2026-10-10 03:00
124244035;21468;2026-11-05 07:15;2026-10-10 03:00
124244035;21468;2026-11-05 07:45;2026-10-10 03:00
124244035;21468;2026-11-05 08:00;2026-10-10 03:00
124244035;21468;2026-11-05 08:15;2026-10-10 03:00
124244035;21468;2026-11-05 08:30;2026-10-10 03:00
124244035;21468;2026-11-05 08:45;2026-10-10 03:00
124244035;21468;2026-11-05 09:00;2026-10-10 03:00
124244035;21468;2026-11-05 09:15;2026-10-10 03:00
124244035;21468;2026-11-05 09:30;2026-10-10 03:00
124244035;21468;2026-11-05 09:45;2026-10-10 03:00
124244035;21468;2026-11-05 10:30;2026-10-10 03:00
124244035;21468;2026-11-05 10:45;2026-10-10 03:00
124244035;21468;2026-11-05 11:00;2026-10-10 03:00
124244035;21468;2026-11-05 11:15;2026-10-10 03:00
124244035;21468;2026-11-05 11:30;2026-10-10 03:00
124244035;21468;2026-11-05 11:45;2026-10-10 03:00
124244035;21468;2026-11-05 12:00;2026-10-10 03:00
124244035;21468;2026-11-06 13:30;2026-10-10 03:00
124244035;21468;2026-11-06 13:45;2026-10-10 03:00
124244035;21468;2026-11-06 14:00;2026-10-10 03:00
124244035;21468;2026-11-06 14:15;2026-10-10 03:00
124244035;21468;2026-11-06 14:30;2026-10-10 03:00
124244035;21468;2026-11-06 14:45;2026-10-10 03:00
124244035;21468;2026-11-06 15:00;2026-10-10 03:00
124244035;21468;2026-11-06 15:45;2026-10-10 03:00
124244035;21468;2026-11-06 16:30;2026-10-10 03:00
124244035;21468;2026-11-06 16:45;2026-10-10 03:00
124244035;21468;2026-11-06 17:00;2026-10-10 03:00
124244035;21468;2026-11-06 17:15;2026-10-10 03:00
124244035;21468;2026-11-06 17:30;2026-10-10 03:00
124244035;21468;2026-11-06 17:45;2026-10-10 03:00
124244035;21468;2026-11-06 18:00;2026-10-10 03:00
124244035;21468;2026-11-06 18:30;2026-10-10 03:00
124244035;21468;2026-11-09 07:00;2026-10-10 03:00
124244035;21468;2026-11-09 07:15;2026-10-10 03:00
124244035;21468;2026-11-09 07:45;2026-10-10 03:00
124244035;21468;2026-11-09 08:00;2026-10-10 03:00
124244035;21468;2026-11-09 08:15;2026-10-10 03:00
124244035;21468;2026-11-09 08:30;2026-10-10 03:00
124244035;21468;2026-11-09 08:45;2026-10-10 03:00
124244035;21468;2026-11-09 09:00;2026-10-10 03:00
124244035;21468;2026-11-09 09:15;2026-10-10 03:00
124244035;21468;2026-11-09 09:30;2026-10-10 03:00
124244035;21468;2026-11-09 09:45;2026-10-10 03:00
124244035;21468;2026-11-09 10:30;2026-10-10 03:00
124244035;21468;2026-11-09 10:45;2026-10-10 03:00
124244035;21468;2026-11-09 11:00;2026-10-10 03:00
124244035;21468;2026-11-09 11:15;2026-10-10 03:00
124244035;21468;2026-11-09 11:30;2026-10-10 03:00
124244035;21468;2026-11-09 11:45;2026-10-10 03:00
124244035;21468;2026-11-09 12:00;2026-10-10 03:00
124244035;21468;2026-11-10 13:30;2026-10-10 03:00
124244035;21468;2026-11-10 13:45;2026-10-10 03:00
124244035;21468;2026-11-10 14:00;2026-10-10 03:00
124244035;21468;2026-11-10 14:15;2026-10-10 03:00
124244035;21468;2026-11-10 14:30;2026-10-10 03:00
124244035;21468;2026-11-10 14:45;2026-10-10 03:00
124244035;21468;2026-11-10 15:00;2026-10-10 03:00
124244035;21468;2026-11-10 15:15;2026-10-10 03:00
124244035;21468;2026-11-10 15:30;2026-10-10 03:00
124244035;21468;2026-11-10 15:45;2026-10-10 03:00
124244035;21468;2026-11-10 16:30;2026-10-10 03:00
124244035;21468;2026-11-10 16:45;2026-10-10 03:00
124244035;21468;2026-11-10 17:00;2026-10-10 03:00
124244035;21468;2026-11-10 17:15;2026-10-10 03:00
124244035;21468;2026-11-10 17:30;2026-10-10 03:00
124244035;21468;2026-11-10 17:45;2026-10-10 03:00
124244035;21468;2026-11-10 18:00;2026-10-10 03:00
124244035;21468;2026-11-10 18:30;2026-10-10 03:00
124244035;21428;2026-10-12 09:00;2026-10-10 03:00
124244035;21428;2026-10-12 10:45;2026-10-10 03:00
124244035;21428;2026-10-12 11:30;2026-10-10 03:00
124244035;21428;2026-10-13 14:15;2026-10-10 03:00
124244035;21428;2026-10-13 15:00;2026-10-10 03:00
124244035;21428;2026-10-13 17:30;2026-10-10 03:00
124244035;21428;2026-10-14 10:45;2026-10-10 03:00
124244035;21428;2026-10-14 11:30;2026-10-10 03:00
124244035;21428;2026-10-15 14:15;2026-10-10 03:00
124244035;21428;2026-10-15 15:00;2026-10-10 03:00
124244035;21428;2026-10-15 17:30;2026-10-10 03:00
124244035;21428;2026-10-16 09:00;2026-10-10 03:00
124244035;21428;2026-10-16 10:45;2026-10-10 03:00
124244035;21428;2026-10-16 11:30;2026-10-10 03:00
124244035;21428;2026-10-19 15:00;2026-10-10 03:00
124244035;21428;2026-10-19 16:45;2026-10-10 03:00
124244035;21428;2026-10-19 17:30;2026-10-10 03:00
124244035;21428;2026-10-20 09:00;2026-10-10 03:00
124244035;21428;2026-10-20 10:45;2026-10-10 03:00
124244035;21428;2026-10-20 11:30;2026-10-10 03:00
124244035;21428;2026-10-21 14:15;2026-10-10 03:00
124244035;21428;2026-10-21 15:00;2026-10-10 03:00
124244035;21428;2026-10-21 17:30;2026-10-10 03:00
124244035;21428;2026-10-22 07:00;2026-10-10 03:00
124244035;21428;2026-10-22 08:15;2026-10-10 03:00
124244035;21428;2026-10-22 08:45;2026-10-10 03:00
124244035;21428;2026-10-22 09:00;2026-10-10 03:00
124244035;21428;2026-10-22 09:15;2026-10-10 03:00
124244035;21428;2026-10-22 09:30;2026-10-10 03:00
124244035;21428;2026-10-22 09:45;2026-10-10 03:00
124244035;21428;2026-10-22 10:30;2026-10-10 03:00
124244035;21428;2026-10-22 10:45;2026-10-10 03:00
124244035;21428;2026-10-22 11:30;2026-10-10 03:00
124244035;21428;2026-10-23 13:30;2026-10-10 03:00
124244035;21428;2026-10-23 14:15;2026-10-10 03:00
124244035;21428;2026-10-23 14:45;2026-10-10 03:00
124244035;21428;2026-10-23 15:00;2026-10-10 03:00
124244035;21428;2026-10-23 15:45;2026-10-10 03:00
124244035;21428;2026-10-23 16:30;2026-10-10 03:00
124244035;21428;2026-10-23 16:45;2026-10-10 03:00
124244035;21428;2026-10-23 17:00;2026-10-10 03:00
124244035;21428;2026-10-23 17:15;2026-10-10 03:00
124244035;21428;2026-10-23 17:30;2026-10-10 03:00
124244035;21428;2026-10-23 17:45;2026-10-10 03:00
124244035;21428;2026-10-26 07:00;2026-10-10 03:00
124244035;21428;2026-10-26 07:15;2026-10-10 03:00
124244035;21428;2026-10-26 07:45;2026-10-10 03:00
124244035;21428;2026-10-26 08:00;2026-10-10 03:00
124244035;21428;2026-10-26 08:15;2026-10-10 03:00
124244035;21428;2026-10-26 08:30;2026-10-10 03:00
124244035;21428;2026-10-26 08:45;2026-10-10 03:00
124244035;21428;2026-10-26 09:00;2026-10-10 03:00
124244035;21428;2026-10-26 09:15;2026-10-10 03:00
124244035;21428;2026-10-26 09:30;2026-10-10 03:00
124244035;21428;2026-10-26 09:45;2026-10-10 03:00
124244035;21428;2026-10-26 10:45;2026-10-10 03:00
124244035;21428;2026-10-26 11:00;2026-10-10 03:00
124244035;21428;2026-10-26 11:15;2026-10-10 03:00
124244035;21428;2026-10-26 11:30;2026-10-10 03:00
124244035;21428;2026-10-26 11:45;2026-10-10 03:00
124244035;21428;2026-10-26 12:00;2026-10-10 03:00
124244035;21428;2026-10-27 13:30;2026-10-10 03:00
124244035;21428;2026-10-27 13:45;2026-10-10 03:00
124244035;21428;2026-10-27 14:00;2026-10-10 03:00
124244035;21428;2026-10-27 14:15;2026-10-10 03:00
124244035;21428;2026-10-27 14:30;2026-10-10 03:00
124244035;21428;2026-10-27 14:45;2026-10-10 03:00
124244035;21428;2026-10-27 15:00;2026-10-10 03:00
124244035;21428;2026-10-27 15:15;2026-10-10 03:00
124244035;21428;2026-10-27 16:45;2026-10-10 03:00
124244035;21428;2026-10-27 17:00;2026-10-10 03:00
124244035;21428;2026-10-27 17:15;2026-10-10 03:00
124244035;21428;2026-10-27 17:30;2026-10-10 03:00
124244035;21428;2026-10-27 17:45;2026-10-10 03:00
124244035;21428;2026-10-27 18:00;2026-10-10 03:00
124244035;21428;2026-10-27 18:30;2026-10-10 03:00
124244035;21428;2026-10-28 07:00;2026-10-10 03:00
124244035;21428;2026-10-28 07:15;2026-10-10 03:00
124244035;21428;2026-10-28 07:45;2026-10-10 03:00
124244035;21428;2026-10-28 08:00;2026-10-10 03:00
124244035;21428;2026-10-28 08:15;2026-10-10 03:00
124244035;21428;2026-10-28 08:30;2026-10-10 03:00
124244035;21428;2026-10-28 08:45;2026-10-10 03:00
124244035;21428;2026-10-28 09:00;2026-10-10 03:00
124244035;21428;2026-10-28 09:15;2026-10-10 03:00
124244035;21428;2026-10-28 10:30;2026-10-10 03:00
124244035;21428;2026-10-28 10:45;2026-10-10 03:00
124244035;21428;2026-10-28 11:30;2026-10-10 03:00
124244035;21428;2026-10-28 11:45;2026-10-10 03:00
124244035;21428;2026-10-28 12:00;2026-10-10 03:00
124244035;21428;2026-10-29 13:45;2026-10-10 03:00
124244035;21428;2026-10-29 14:00;2026-10-10 03:00
124244035;21428;2026-10-29 14:15;2026-10-10 03:00
124244035;21428;2026-10-29 14:30;2026-10-10 03:00
124244035;21428;2026-10-29 14:45;2026-10-10 03:00
124244035;21428;2026-10-29 15:00;2026-10-10 03:00
124244035;21428;2026-10-29 15:30;2026-10-10 03:00
124244035;21428;2026-10-29 16:30;2026-10-10 03:00
124244035;21428;2026-10-29 16:45;2026-10-10 03:00
124244035;21428;2026-10-29 17:00;2026-10-10 03:00
124244035;21428;2026-10-29 17:15;2026-10-10 03:00
124244035;21428;2026-10-29 17:30;2026-10-10 03:00
124244035;21428;2026-10-29 17:45;2026-10-10 03:00
124244035;21428;2026-10-29 18:00;2026-10-10 03:00
124244035;21428;2026-10-29 18:30;2026-10-10 03:00
124244035;21428;2026-10-30 07:15;2026-10-10 03:00
124244035;21428;2026-10-30 07:45;2026-10-10 03:00
124244035;21428;2026-10-30 08:15;2026-10-10 03:00
124244035;21428;2026-10-30 08:30;2026-10-10 03:00
124244035;21428;2026-10-30 08:45;2026-10-10 03:00
124244035;21428;2026-10-30 09:00;2026-10-10 03:00
124244035;21428;2026-10-30 09:15;2026-10-10 03:00
124244035;21428;2026-10-30 09:45;2026-10-10 03:00
124244035;21428;2026-10-30 10:30;2026-10-10 03:00
124244035;21428;2026-10-30 10:45;2026-10-10 03:00
124244035;21428;2026-10-30 11:00;2026-10-10 03:00
124244035;21428;2026-10-30 11:15;2026-10-10 03:00
124244035;21428;2026-10-30 11:30;2026-10-10 03:00
124244035;21428;2026-11-03 13:30;2026-10-10 03:00
124244035;21428;2026-11-03 13:45;2026-10-10 03:00
124244035;21428;2026-11-03 14:15;2026-10-10 03:00
124244035;21428;2026-11-03 14:30;2026-10-10 03:00
124244035;21428;2026-11-03 14:45;2026-10-10 03:00
124244035;21428;2026-11-03 15:00;2026-10-10 03:00
124244035;21428;2026-11-03 15:30;2026-10-10 03:00
124244035;21428;2026-11-03 15:45;2026-10-10 03:00
124244035;21428;2026-11-03 16:30;2026-10-10 03:00
124244035;21428;2026-11-03 16:45;2026-10-10 03:00
124244035;21428;2026-11-03 17:15;2026-10-10 03:00
124244035;21428;2026-11-03 17:30;2026-10-10 03:00
124244035;21428;2026-11-03 17:45;2026-10-10 03:00
124244035;21428;2026-11-03 18:00;2026-10-10 03:00
124244035;21428;2026-11-03 18:30;2026-10-10 03:00
124244035;21428;2026-11-04 07:00;2026-10-10 03:00
124244035;21428;2026-11-04 07:15;2026-10-10 03:00
124244035;21428;2026-11-04 07:45;2026-10-10 03:00
124244035;21428;2026-11-04 08:00;2026-10-10 03:00
124244035;21428;2026-11-04 08:15;2026-10-10 03:00
124244035;21428;2026-11-04 08:45;2026-10-10 03:00
124244035;21428;2026-11-04 09:00;2026-10-10 03:00
124244035;21428;2026-11-04 09:45;2026-10-10 03:00
124244035;21428;2026-11-04 10:30;2026-10-10 03:00
124244035;21428;2026-11-04 10:45;2026-10-10 03:00
124244035;21428;2026-11-04 11:00;2026-10-10 03:00
124244035;21428;2026-11-04 11:30;2026-10-10 03:00
124244035;21428;2026-11-04 11:45;2026-10-10 03:00
124244035;21428;2026-11-04 12:00;2026-10-10 03:00
124244035;21350;2026-10-12 10:30;2026-10-10 03:00
124244035;21350;2026-10-13 17:30;2026-10-10 03:00
124244035;21350;2026-10-14 09:00;2026-10-10 03:00
124244035;21350;2026-10-14 10:30;2026-10-10 03:00
124244035;21350;2026-10-15 14:00;2026-10-10 03:00
124244035;21350;2026-10-15 14:15;2026-10-10 03:00
124244035;21350;2026-10-15 15:00;2026-10-10 03:00
124244035;21350;2026-10-15 16:15;2026-10-10 03:00
124244035;21350;2026-10-15 17:15;2026-10-10 03:00
124244035;21350;2026-10-15 17:30;2026-10-10 03:00
124244035;21350;2026-10-15 17:45;2026-10-10 03:00
124244035;21350;2026-10-15 18:00;2026-10-10 03:00
124244035;21350;2026-10-16 09:00;2026-10-10 03:00
124244035;21350;2026-10-16 10:30;2026-10-10 03:00
124244035;21350;2026-10-16 11:30;2026-10-10 03:00
124244035;21350;2026-10-19 13:45;2026-10-10 03:00
124244035;21350;2026-10-19 14:00;2026-10-10 03:00
124244035;21350;2026-10-19 14:15;2026-10-10 03:00
124244035;21350;2026-10-19 14:30;2026-10-10 03:00
124244035;21350;2026-10-19 14:45;2026-10-10 03:00
124244035;21350;2026-10-19 15:00;2026-10-10 03:00
124244035;21350;2026-10-19 15:15;2026-10-10 03:00
124244035;21350;2026-10-19 15:30;2026-10-10 03:00
124244035;21350;2026-10-19 15:45;2026-10-10 03:00
124244035;21350;2026-10-19 16:00;2026-10-10 03:00
124244035;21350;2026-10-19 17:00;2026-10-10 03:00
124244035;21350;2026-10-19 17:15;2026-10-10 03:00
124244035;21350;2026-10-19 17:30;2026-10-10 03:00
124244035;21350;2026-10-19 17:45;2026-10-10 03:00
124244035;21350;2026-10-19 18:00;2026-10-10 03:00
124244035;21350;2026-10-19 18:15;2026-10-10 03:00
124244035;21350;2026-10-20 07:30;2026-10-10 03:00
124244035;21350;2026-10-20 07:45;2026-10-10 03:00
124244035;21350;2026-10-20 08:00;2026-10-10 03:00
124244035;21350;2026-10-20 08:15;2026-10-10 03:00
124244035;21350;2026-10-20 08:30;2026-10-10 03:00
124244035;21350;2026-10-20 08:45;2026-10-10 03:00
124244035;21350;2026-10-20 09:00;2026-10-10 03:00
124244035;21350;2026-10-20 10:30;2026-10-10 03:00
124244035;21350;2026-10-20 11:30;2026-10-10 03:00
124244035;21350;2026-10-20 12:00;2026-10-10 03:00
124244035;21350;2026-10-21 13:45;2026-10-10 03:00
124244035;21350;2026-10-21 14:00;2026-10-10 03:00
124244035;21350;2026-10-21 14:15;2026-10-10 03:00
124244035;21350;2026-10-21 15:00;2026-10-10 03:00
124244035;21350;2026-10-21 15:30;2026-10-10 03:00
124244035;21350;2026-10-21 15:45;2026-10-10 03:00
124244035;21350;2026-10-21 16:00;2026-10-10 03:00
124244035;21350;2026-10-21 16:15;2026-10-10 03:00
124244035;21350;2026-10-21 17:00;2026-10-10 03:00
124244035;21350;2026-10-21 17:15;2026-10-10 03:00
124244035;21350;2026-10-21 17:30;2026-10-10 03:00
124244035;21350;2026-10-21 17:45;2026-10-10 03:00
124244035;21350;2026-10-21 18:00;2026-10-10 03:00
124244035;21350;2026-10-21 18:15;2026-10-10 03:00
124244035;21350;2026-10-21 18:30;2026-10-10 03:00
124244035;21350;2026-10-22 07:00;2026-10-10 03:00
124244035;21350;2026-10-22 07:15;2026-10-10 03:00
124244035;21350;2026-10-22 07:30;2026-10-10 03:00
124244035;21350;2026-10-22 07:45;2026-10-10 03:00
124244035;21350;2026-10-22 08:00;2026-10-10 03:00
124244035;21350;2026-10-22 08:15;2026-10-10 03:00
124244035;21350;2026-10-22 08:30;2026-10-10 03:00
124244035;21350;2026-10-22 08:45;2026-10-10 03:00
124244035;21350;2026-10-22 09:00;2026-10-10 03:00
124244035;21350;2026-10-22 09:30;2026-10-10 03:00
124244035;21350;2026-10-22 09:45;2026-10-10 03:00
124244035;21350;2026-10-22 10:00;2026-10-10 03:00
124244035;21350;2026-10-22 10:30;2026-10-10 03:00
124244035;21350;2026-10-22 10:45;2026-10-10 03:00
124244035;21350;2026-10-22 11:30;2026-10-10 03:00
124244035;21350;2026-10-22 11:45;2026-10-10 03:00
124244035;21350;2026-10-22 12:00;2026-10-10 03:00
124244035;21350;2026-10-23 13:30;2026-10-10 03:00
124244035;21350;2026-10-23 14:15;2026-10-10 03:00
124244035;21350;2026-10-23 14:30;2026-10-10 03:00
124244035;21350;2026-10-23 14:45;2026-10-10 03:00
124244035;21350;2026-10-23 15:00;2026-10-10 03:00
124244035;21350;2026-10-23 15:15;2026-10-10 03:00
124244035;21350;2026-10-23 15:30;2026-10-10 03:00
124244035;21350;2026-10-23 15:45;2026-10-10 03:00
124244035;21350;2026-10-23 16:00;2026-10-10 03:00
124244035;21350;2026-10-23 17:15;2026-10-10 03:00
124244035;21350;2026-10-23 17:30;2026-10-10 03:00
124244035;21350;2026-10-23 18:00;2026-10-10 03:00
124244035;21350;2026-10-23 18:15;2026-10-10 03:00
124244035;21350;2026-10-23 18:30;2026-10-10 03:00
124244035;21350;2026-10-26 07:15;2026-10-10 03:00
124244035;21350;2026-10-26 07:30;2026-10-10 03:00
124244035;21350;2026-10-26 07:45;2026-10-10 03:00
124244035;21350;2026-10-26 08:00;2026-10-10 03:00
124244035;21350;2026-10-26 08:15;2026-10-10 03:00
124244035;21350;2026-10-26 08:30;2026-10-10 03:00
124244035;21350;2026-10-26 08:45;2026-10-10 03:00
124244035;21350;2026-10-26 09:00;2026-10-10 03:00
124244035;21350;2026-10-26 09:15;2026-10-10 03:00
124244035;21350;2026-10-26 09:45;2026-10-10 03:00
124244035;21350;2026-10-26 10:00;2026-10-10 03:00
124244035;21350;2026-10-26 10:15;2026-10-10 03:00
124244035;21350;2026-10-26 10:30;2026-10-10 03:00
124244035;21350;2026-10-26 10:45;2026-10-10 03:00
124244035;21350;2026-10-26 11:30;2026-10-10 03:00
124244035;21350;2026-10-26 11:45;2026-10-10 03:00
124244035;21350;2026-10-26 12:00;2026-10-10 03:00
124244035;21350;2026-10-27 13:30;2026-10-10 03:00
124244035;21350;2026-10-27 13:45;2026-10-10 03:00
124244035;21350;2026-10-27 14:00;2026-10-10 03:00
124244035;21350;2026-10-27 14:15;2026-10-10 03:00
124244035;21350;2026-10-27 14:30;2026-10-10 03:00
124244035;21350;2026-10-27 14:45;2026-10-10 03:00
124244035;21350;2026-10-27 15:00;2026-10-10 03:00
124244035;21350;2026-10-27 15:15;2026-10-10 03:00
124244035;21350;2026-10-27 15:30;2026-10-10 03:00
124244035;21350;2026-10-27 15:45;2026-10-10 03:00
124244035;21350;2026-10-27 16:15;2026-10-10 03:00
124244035;21350;2026-10-27 17:00;2026-10-10 03:00
124244035;21350;2026-10-27 17:15;2026-10-10 03:00
124244035;21350;2026-10-27 17:30;2026-10-10 03:00
124244035;21350;2026-10-27 17:45;2026-10-10 03:00
124244035;21350;2026-10-27 18:00;2026-10-10 03:00
124244035;21350;2026-10-27 18:15;2026-10-10 03:00
124244035;21350;2026-10-27 18:30;2026-10-10 03:00
124244035;21350;2026-10-28 07:00;2026-10-10 03:00
124244035;21350;2026-10-28 07:15;2026-10-10 03:00
124244035;21350;2026-10-28 07:30;2026-10-10 03:00
124244035;21350;2026-10-28 07:45;2026-10-10 03:00
124244035;21350;2026-10-28 08:00;2026-10-10 03:00
124244035;21350;2026-10-28 08:15;2026-10-10 03:00
124244035;21350;2026-10-28 08:30;2026-10-10 03:00
124244035;21350;2026-10-28 08:45;2026-10-10 03:00
124244035;21350;2026-10-28 09:00;2026-10-10 03:00
124244035;21350;2026-10-28 09:15;2026-10-10 03:00
124244035;21350;2026-10-28 09:30;2026-10-10 03:00
124244035;21350;2026-10-28 09:45;2026-10-10 03:00
124244035;21350;2026-10-28 10:00;2026-10-10 03:00
124244035;21350;2026-10-28 10:15;2026-10-10 03:00
124244035;21350;2026-10-28 10:30;2026-10-10 03:00
124244035;21350;2026-10-28 10:45;2026-10-10 03:00
124244035;21350;2026-10-28 11:30;2026-10-10 03:00
124244035;21350;2026-10-28 11:45;2026-10-10 03:00
124244035;21350;2026-10-28 12:00;2026-10-10 03:00
124244035;21350;2026-10-29 13:30;2026-10-10 03:00
124244035;21350;2026-10-29 13:45;2026-10-10 03:00
124244035;21350;2026-10-29 14:00;2026-10-10 03:00
124244035;21350;2026-10-29 14:15;2026-10-10 03:00
124244035;21350;2026-10-29 14:30;2026-10-10 03:00
124244035;21350;2026-10-29 14:45;2026-10-10 03:00
124244035;21350;2026-10-29 15:00;2026-10-10 03:00
124244035;21350;2026-10-29 15:30;2026-10-10 03:00
124244035;21350;2026-10-29 15:45;2026-10-10 03:00
124244035;21350;2026-10-29 16:00;2026-10-10 03:00
124244035;21350;2026-10-29 16:15;2026-10-10 03:00
124244035;21350;2026-10-29 17:00;2026-10-10 03:00
124244035;21350;2026-10-29 17:15;2026-10-10 03:00
124244035;21350;2026-10-29 17:30;2026-10-10 03:00
124244035;21350;2026-10-29 17:45;2026-10-10 03:00
124244035;21350;2026-10-29 18:00;2026-10-10 03:00
124244035;21350;2026-10-29 18:15;2026-10-10 03:00
124244035;21350;2026-10-29 18:30;2026-10-10 03:00
124244035;21350;2026-10-30 07:15;2026-10-10 03:00
124244035;21350;2026-10-30 07:30;2026-10-10 03:00
124244035;21350;2026-10-30 08:00;2026-10-10 03:00
124244035;21350;2026-10-30 08:15;2026-10-10 03:00
124244035;21350;2026-10-30 09:00;2026-10-10 03:00
124244035;21350;2026-10-30 09:15;2026-10-10 03:00
124244035;21350;2026-10-30 09:45;2026-10-10 03:00
124244035;21350;2026-10-30 10:00;2026-10-10 03:00
124244035;21350;2026-10-30 10:30;2026-10-10 03:00
124244035;21350;2026-10-30 10:45;2026-10-10 03:00
124244035;21350;2026-10-30 11:30;2026-10-10 03:00
124244035;21350;2026-10-30 11:45;2026-10-10 03:00
124244035;21350;2026-10-30 12:00;2026-10-10 03:00
124244035;21350;2026-11-04 07:15;2026-10-10 03:00
124244035;21350;2026-11-04 07:30;2026-10-10 03:00
124244035;21350;2026-11-04 07:45;2026-10-10 03:00
124244035;21350;2026-11-04 08:00;2026-10-10 03:00
124244035;21350;2026-11-04 08:15;2026-10-10 03:00
124244035;21350;2026-11-04 08:30;2026-10-10 03:00
124244035;21350;2026-11-04 08:45;2026-10-10 03:00
124244035;21350;2026-11-04 09:00;2026-10-10 03:00
124244035;21350;2026-11-04 09:15;2026-10-10 03:00
124244035;21350;2026-11-04 09:30;2026-10-10 03:00
124244035;21350;2026-11-04 09:45;2026-10-10 03:00
124244035;21350;2026-11-04 10:00;2026-10-10 03:00
124244035;21350;2026-11-04 10:15;2026-10-10 03:00
124244035;21350;2026-11-04 10:30;2026-10-10 03:00
124244035;21350;2026-11-04 11:30;2026-10-10 03:00
124244035;21350;2026-11-04 11:45;2026-10-10 03:00
124244035;21350;2026-11-04 12:00;2026-10-10 03:00
124244035;21350;2026-11-05 13:30;2026-10-10 03:00
124244035;21350;2026-11-05 13:45;2026-10-10 03:00
124244035;21350;2026-11-05 14:00;2026-10-10 03:00
124244035;21350;2026-11-05 14:15;2026-10-10 03:00
124244035;21350;2026-11-05 14:30;2026-10-10 03:00
124244035;21350;2026-11-05 14:45;2026-10-10 03:00
124244035;21350;2026-11-05 15:00;2026-10-10 03:00
124244035;21350;2026-11-05 15:15;2026-10-10 03:00
124244035;21350;2026-11-05 15:30;2026-10-10 03:00
124244035;21350;2026-11-05 15:45;2026-10-10 03:00
124244035;21350;2026-11-05 16:00;2026-10-10 03:00
124244035;21350;2026-11-05 16:15;2026-10-10 03:00
124244035;21350;2026-11-05 17:00;2026-10-10 03:00
124244035;21350;2026-11-05 17:15;2026-10-10 03:00
124244035;21350;2026-11-05 17:30;2026-10-10 03:00
124244035;21350;2026-11-05 17:45;2026-10-10 03:00
124244035;21350;2026-11-05 18:00;2026-10-10 03:00
124244035;21350;2026-11-05 18:15;2026-10-10 03:00
124244035;21350;2026-11-05 18:30;2026-10-10 03:00
124244035;21350;2026-11-06 07:00;2026-10-10 03:00
124244035;21350;2026-11-06 07:15;2026-10-10 03:00
124244035;21350;2026-11-06 07:30;2026-10-10 03:00
124244035;21350;2026-11-06 07:45;2026-10-10 03:00
124244035;21350;2026-11-06 08:00;2026-10-10 03:00
124244035;21350;2026-11-06 09:00;2026-10-10 03:00
124244035;21350;2026-11-06 09:15;2026-10-10 03:00
124244035;21350;2026-11-06 09:30;2026-10-10 03:00
124244035;21350;2026-11-06 09:45;2026-10-10 03:00
124244035;21350;2026-11-06 10:00;2026-10-10 03:00
124244035;21350;2026-11-06 10:15;2026-10-10 03:00
124244035;21350;2026-11-06 10:30;2026-10-10 03:00
124244035;21350;2026-11-06 10:45;2026-10-10 03:00
124244035;21350;2026-11-06 11:30;2026-10-10 03:00
124244035;21350;2026-11-06 11:45;2026-10-10 03:00
124244035;21350;2026-11-06 12:00;2026-10-10 03:00
124244035;21350;2026-11-09 13:30;2026-10-10 03:00
124244035;21350;2026-11-09 13:45;2026-10-10 03:00
124244035;21350;2026-11-09 14:00;2026-10-10 03:00
124244035;21350;2026-11-09 14:15;2026-10-10 03:00
124244035;21350;2026-11-09 14:30;2026-10-10 03:00
124244035;21350;2026-11-09 14:45;2026-10-10 03:00
124244035;21350;2026-11-09 15:00;2026-10-10 03:00
124244035;21350;2026-11-09 15:15;2026-10-10 03:00
124244035;21350;2026-11-09 15:30;2026-10-10 03:00
124244035;21350;2026-11-09 15:45;2026-10-10 03:00
124244035;21350;2026-11-09 16:00;2026-10-10 03:00
124244035;21350;2026-11-09 16:15;2026-10-10 03:00
124244035;21350;2026-11-09 17:00;2026-10-10 03:00
124244035;21350;2026-11-09 17:15;2026-10-10 03:00
124244035;21350;2026-11-09 17:30;2026-10-10 03:00
124244035;21350;2026-11-09 17:45;2026-10-10 03:00
124244035;21350;2026-11-09 18:00;2026-10-10 03:00
124244035;21350;2026-11-09 18:15;2026-10-10 03:00
124244035;21350;2026-11-09 18:30;2026-10-10 03:00
124244035;21350;2026-11-10 07:00;2026-10-10 03:00
124244035;21350;2026-11-10 07:15;2026-10-10 03:00
124244035;21350;2026-11-10 07:30;2026-10-10 03:00
124244035;21350;2026-11-10 07:45;2026-10-10 03:00
124244035;21350;2026-11-10 08:00;2026-10-10 03:00
124244035;21350;2026-11-10 08:15;2026-10-10 03:00
124244035;21350;2026-11-10 08:30;2026-10-10 03:00
124244035;21350;2026-11-10 08:45;2026-10-10 03:00
124244035;21350;2026-11-10 09:00;2026-10-10 03:00
124244035;21350;2026-11-10 09:15;2026-10-10 03:00
124244035;21350;2026-11-10 09:30;2026-10-10 03:00
124244035;21350;2026-11-10 09:45;2026-10-10 03:00
124244035;21350;2026-11-10 10:00;2026-10-10 03:00
124244035;21350;2026-11-10 10:15;2026-10-10 03:00
124244035;21350;2026-11-10 10:30;2026-10-10 03:00
124244035;21350;2026-11-10 10:45;2026-10-10 03:00
124244035;21350;2026-11-10 11:30;2026-10-10 03:00
124244035;21350;2026-11-10 11:45;2026-10-10 03:00
124244035;21350;2026-11-10 12:00;2026-10-10 03:00
124244035;18268;2026-10-13 14:15;2026-10-10 03:00
124244035;18268;2026-10-13 15:00;2026-10-10 03:00
124244035;18268;2026-10-14 09:00;2026-10-10 03:00
124244035;18268;2026-10-14 11:30;2026-10-10 03:00
124244035;18268;2026-10-15 14:15;2026-10-10 03:00
124244035;18268;2026-10-15 15:00;2026-10-10 03:00
124244035;18268;2026-10-15 17:30;2026-10-10 03:00
124244035;18268;2026-10-16 09:00;2026-10-10 03:00
124244035;18268;2026-10-16 10:45;2026-10-10 03:00
124244035;18268;2026-10-16 11:30;2026-10-10 03:00
124244035;18268;2026-10-19 14:15;2026-10-10 03:00
124244035;18268;2026-10-19 15:00;2026-10-10 03:00
124244035;18268;2026-10-19 16:45;2026-10-10 03:00
124244035;18268;2026-10-19 17:30;2026-10-10 03:00
124244035;18268;2026-10-20 09:00;2026-10-10 03:00
124244035;18268;2026-10-20 10:45;2026-10-10 03:00
124244035;18268;2026-10-20 11:30;2026-10-10 03:00
124244035;18268;2026-10-21 14:15;2026-10-10 03:00
124244035;18268;2026-10-21 15:00;2026-10-10 03:00
124244035;18268;2026-10-21 17:30;2026-10-10 03:00
124244035;18268;2026-10-22 08:30;2026-10-10 03:00
124244035;18268;2026-10-22 08:45;2026-10-10 03:00
124244035;18268;2026-10-22 09:00;2026-10-10 03:00
124244035;18268;2026-10-22 10:30;2026-10-10 03:00
124244035;18268;2026-10-22 10:45;2026-10-10 03:00
124244035;18268;2026-10-22 11:30;2026-10-10 03:00
124244035;18268;2026-10-23 13:30;2026-10-10 03:00
124244035;18268;2026-10-23 14:15;2026-10-10 03:00
124244035;18268;2026-10-23 14:30;2026-10-10 03:00
124244035;18268;2026-10-23 14:45;2026-10-10 03:00
124244035;18268;2026-10-23 15:00;2026-10-10 03:00
124244035;18268;2026-10-23 16:30;2026-10-10 03:00
124244035;18268;2026-10-23 17:00;2026-10-10 03:00
124244035;18268;2026-10-23 17:15;2026-10-10 03:00
124244035;18268;2026-10-23 17:30;2026-10-10 03:00
124244035;18268;2026-10-23 17:45;2026-10-10 03:00
124244035;18268;2026-10-23 18:00;2026-10-10 03:00
124244035;18268;2026-10-26 07:15;2026-10-10 03:00
124244035;18268;2026-10-26 07:45;2026-10-10 03:00
124244035;18268;2026-10-26 08:00;2026-10-10 03:00
124244035;18268;2026-10-26 08:15;2026-10-10 03:00
124244035;18268;2026-10-26 08:30;2026-10-10 03:00
124244035;18268;2026-10-26 08:45;2026-10-10 03:00
124244035;18268;2026-10-26 09:00;2026-10-10 03:00
124244035;18268;2026-10-26 09:15;2026-10-10 03:00
124244035;18268;2026-10-26 09:30;2026-10-10 03:00
124244035;18268;2026-10-26 09:45;2026-10-10 03:00
124244035;18268;2026-10-26 10:30;2026-10-10 03:00
124244035;18268;2026-10-26 10:45;2026-10-10 03:00
124244035;18268;2026-10-26 11:15;2026-10-10 03:00
124244035;18268;2026-10-26 11:30;2026-10-10 03:00
124244035;18268;2026-10-26 11:45;2026-10-10 03:00
124244035;18268;2026-10-26 12:00;2026-10-10 03:00
124244035;18268;2026-10-27 13:30;2026-10-10 03:00
124244035;18268;2026-10-27 13:45;2026-10-10 03:00
124244035;18268;2026-10-27 14:00;2026-10-10 03:00
124244035;18268;2026-10-27 14:15;2026-10-10 03:00
124244035;18268;2026-10-27 14:30;2026-10-10 03:00
124244035;18268;2026-10-27 14:45;2026-10-10 03:00
124244035;18268;2026-10-27 15:00;2026-10-10 03:00
124244035;18268;2026-10-27 15:15;2026-10-10 03:00
124244035;18268;2026-10-27 15:30;2026-10-10 03:00
124244035;18268;2026-10-27 15:45;2026-10-10 03:00
124244035;18268;2026-10-27 16:30;2026-10-10 03:00
124244035;18268;2026-10-27 16:45;2026-10-10 03:00
124244035;18268;2026-10-27 17:00;2026-10-10 03:00
124244035;18268;2026-10-27 17:15;2026-10-10 03:00
124244035;18268;2026-10-27 17:30;2026-10-10 03:00
124244035;18268;2026-10-27 17:45;2026-10-10 03:00
124244035;18268;2026-10-27 18:00;2026-10-10 03:00
124244035;18268;2026-10-28 07:00;2026-10-10 03:00
124244035;18268;2026-10-28 07:15;2026-10-10 03:00
124244035;18268;2026-10-28 07:45;2026-10-10 03:00
124244035;18268;2026-10-28 08:15;2026-10-10 03:00
124244035;18268;2026-10-28 08:30;2026-10-10 03:00
124244035;18268;2026-10-28 08:45;2026-10-10 03:00
124244035;18268;2026-10-28 09:00;2026-10-10 03:00
124244035;18268;2026-10-28 09:15;2026-10-10 03:00
124244035;18268;2026-10-28 10:45;2026-10-10 03:00
124244035;18268;2026-10-28 11:15;2026-10-10 03:00
124244035;18268;2026-10-28 11:30;2026-10-10 03:00
124244035;18268;2026-10-28 11:45;2026-10-10 03:00
124244035;18268;2026-10-28 12:00;2026-10-10 03:00
124244035;18268;2026-10-29 13:30;2026-10-10 03:00
124244035;18268;2026-10-29 13:45;2026-10-10 03:00
124244035;18268;2026-10-29 14:00;2026-10-10 03:00
124244035;18268;2026-10-29 14:15;2026-10-10 03:00
124244035;18268;2026-10-29 14:30;2026-10-10 03:00
124244035;18268;2026-10-29 14:45;2026-10-10 03:00
124244035;18268;2026-10-29 15:00;2026-10-10 03:00
124244035;18268;2026-10-29 15:30;2026-10-10 03:00
124244035;18268;2026-10-29 15:45;2026-10-10 03:00
124244035;18268;2026-10-29 16:30;2026-10-10 03:00
124244035;18268;2026-10-29 16:45;2026-10-10 03:00
124244035;18268;2026-10-29 17:00;2026-10-10 03:00
124244035;18268;2026-10-29 17:15;2026-10-10 03:00
124244035;18268;2026-10-29 17:30;2026-10-10 03:00
124244035;18268;2026-10-29 17:45;2026-10-10 03:00
124244035;18268;2026-10-29 18:00;2026-10-10 03:00
124244035;18268;2026-10-29 18:30;2026-10-10 03:00
124244035;18268;2026-11-03 13:45;2026-10-10 03:00
124244035;18268;2026-11-03 14:00;2026-10-10 03:00
124244035;18268;2026-11-03 14:15;2026-10-10 03:00
124244035;18268;2026-11-03 14:45;2026-10-10 03:00
124244035;18268;2026-11-03 15:00;2026-10-10 03:00
124244035;18268;2026-11-03 15:15;2026-10-10 03:00
124244035;18268;2026-11-03 15:30;2026-10-10 03:00
124244035;18268;2026-11-03 15:45;2026-10-10 03:00
124244035;18268;2026-11-03 16:30;2026-10-10 03:00
124244035;18268;2026-11-03 17:00;2026-10-10 03:00
124244035;18268;2026-11-03 17:15;2026-10-10 03:00
124244035;18268;2026-11-03 17:30;2026-10-10 03:00
124244035;18268;2026-11-03 17:45;2026-10-10 03:00
124244035;18268;2026-11-03 18:30;2026-10-10 03:00
124244035;18268;2026-11-04 07:15;2026-10-10 03:00
124244035;18268;2026-11-04 07:45;2026-10-10 03:00
124244035;18268;2026-11-04 08:00;2026-10-10 03:00
124244035;18268;2026-11-04 08:30;2026-10-10 03:00
124244035;18268;2026-11-04 08:45;2026-10-10 03:00
124244035;18268;2026-11-04 09:00;2026-10-10 03:00
124244035;18268;2026-11-04 09:30;2026-10-10 03:00
124244035;18268;2026-11-04 09:45;2026-10-10 03:00
124244035;18268;2026-11-04 10:30;2026-10-10 03:00
124244035;18268;2026-11-04 10:45;2026-10-10 03:00
124244035;18268;2026-11-04 11:00;2026-10-10 03:00
124244035;18268;2026-11-04 11:15;2026-10-10 03:00
124244035;18268;2026-11-04 11:30;2026-10-10 03:00
124244035;18268;2026-11-04 12:00;2026-10-10 03:00
124244035;18268;2026-11-05 13:45;2026-10-10 03:00
124244035;18268;2026-11-05 14:00;2026-10-10 03:00
124244035;18268;2026-11-05 14:15;2026-10-10 03:00
124244035;18268;2026-11-05 14:30;2026-10-10 03:00
124244035;18268;2026-11-05 15:00;2026-10-10 03:00
124244035;18268;2026-11-05 15:15;2026-10-10 03:00
124244035;18268;2026-11-05 15:30;2026-10-10 03:00
124244035;18268;2026-11-05 15:45;2026-10-10 03:00
124244035;18268;2026-11-05 16:30;2026-10-10 03:00
124244035;18268;2026-11-05 17:00;2026-10-10 03:00
124244035;18268;2026-11-05 17:15;2026-10-10 03:00
124244035;18268;2026-11-05 17:30;2026-10-10 03:00
124244035;18268;2026-11-05 17:45;2026-10-10 03:00
124244035;18268;2026-11-05 18:30;2026-10-10 03:00
124244035;18268;2026-11-06 07:00;2026-10-10 03:00
124244035;18268;2026-11-06 07:15;2026-10-10 03:00
124244035;18268;2026-11-06 07:45;2026-10-10 03:00
124244035;18268;2026-11-06 08:00;2026-10-10 03:00
124244035;18268;2026-11-06 08:30;2026-10-10 03:00
124244035;18268;2026-11-06 09:00;2026-10-10 03:00
124244035;18268;2026-11-06 09:30;2026-10-10 03:00
124244035;18268;2026-11-06 09:45;2026-10-10 03:00
124244035;18268;2026-11-06 10:30;2026-10-10 03:00
124244035;18268;2026-11-06 10:45;2026-10-10 03:00
124244035;18268;2026-11-06 11:00;2026-10-10 03:00
124244035;18268;2026-11-06 11:30;2026-10-10 03:00
124244035;18268;2026-11-09 13:45;2026-10-10 03:00
124244035;18268;2026-11-09 14:00;2026-10-10 03:00
124244035;18268;2026-11-09 14:15;2026-10-10 03:00
124244035;18268;2026-11-09 14:45;2026-10-10 03:00
124244035;18268;2026-11-09 15:00;2026-10-10 03:00
124244035;18268;2026-11-09 15:15;2026-10-10 03:00
124244035;18268;2026-11-09 15:45;2026-10-10 03:00
124244035;18268;2026-11-09 16:30;2026-10-10 03:00
124244035;18268;2026-11-09 16:45;2026-10-10 03:00
124244035;18268;2026-11-09 17:00;2026-10-10 03:00
124244035;18268;2026-11-09 17:15;2026-10-10 03:00
124244035;18268;2026-11-09 17:30;2026-10-10 03:00
124244035;18268;2026-11-09 18:00;2026-10-10 03:00
124244035;18268;2026-11-09 18:30;2026-10-10 03:00
124244035;18268;2026-11-10 07:15;2026-10-10 03:00
124244035;18268;2026-11-10 07:45;2026-10-10 03:00
124244035;18268;2026-11-10 08:00;2026-10-10 03:00
124244035;18268;2026-11-10 08:15;2026-10-10 03:00
124244035;18268;2026-11-10 08:30;2026-10-10 03:00
124244035;18268;2026-11-10 08:45;2026-10-10 03:00
124244035;18268;2026-11-10 09:00;2026-10-10 03:00
124244035;18268;2026-11-10 09:15;2026-10-10 03:00
124244035;18268;2026-11-10 09:30;2026-10-10 03:00
124244035;18268;2026-11-10 09:45;2026-10-10 03:00
124244035;18268;2026-11-10 10:30;2026-10-10 03:00
124244035;18268;2026-11-10 10:45;2026-10-10 03:00
124244035;18268;2026-11-10 11:00;2026-10-10 03:00
124244035;18268;2026-11-10 11:15;2026-10-10 03:00
124244035;18268;2026-11-10 11:30;2026-10-10 03:00
124244035;18268;2026-11-10 11:45;2026-10-10 03:00
124244035;18268;2026-11-10 12:00;2026-10-10 03:00
124244035;18055;2026-10-12 15:00;2026-10-10 03:00
124244035;18055;2026-10-12 16:45;2026-10-10 03:00
124244035;18055;2026-10-12 17:30;2026-10-10 03:00
124244035;18055;2026-10-13 08:45;2026-10-10 03:00
124244035;18055;2026-10-13 10:45;2026-10-10 03:00
124244035;18055;2026-10-14 14:15;2026-10-10 03:00
124244035;18055;2026-10-14 16:45;2026-10-10 03:00
124244035;18055;2026-10-14 17:30;2026-10-10 03:00
124244035;18055;2026-10-15 08:45;2026-10-10 03:00
124244035;18055;2026-10-15 10:45;2026-10-10 03:00
124244035;18055;2026-10-15 11:30;2026-10-10 03:00
124244035;18055;2026-10-16 09:00;2026-10-10 03:00
124244035;18055;2026-10-16 10:45;2026-10-10 03:00
124244035;18055;2026-10-16 11:30;2026-10-10 03:00
124244035;18055;2026-10-19 14:15;2026-10-10 03:00
124244035;18055;2026-10-19 15:00;2026-10-10 03:00
124244035;18055;2026-10-19 16:45;2026-10-10 03:00
124244035;18055;2026-10-19 17:30;2026-10-10 03:00
124244035;18055;2026-10-20 08:45;2026-10-10 03:00
124244035;18055;2026-10-20 09:00;2026-10-10 03:00
124244035;18055;2026-10-20 10:45;2026-10-10 03:00
124244035;18055;2026-10-20 11:30;2026-10-10 03:00
124244035;18055;2026-10-21 14:00;2026-10-10 03:00
124244035;18055;2026-10-21 14:15;2026-10-10 03:00
124244035;18055;2026-10-21 14:45;2026-10-10 03:00
124244035;18055;2026-10-21 15:00;2026-10-10 03:00
124244035;18055;2026-10-21 15:15;2026-10-10 03:00
124244035;18055;2026-10-21 15:30;2026-10-10 03:00
124244035;18055;2026-10-21 16:45;2026-10-10 03:00
124244035;18055;2026-10-21 17:00;2026-10-10 03:00
124244035;18055;2026-10-21 17:30;2026-10-10 03:00
124244035;18055;2026-10-21 17:45;2026-10-10 03:00
124244035;18055;2026-10-21 18:00;2026-10-10 03:00
124244035;18055;2026-10-21 18:30;2026-10-10 03:00
124244035;18055;2026-10-22 07:45;2026-10-10 03:00
124244035;18055;2026-10-22 08:15;2026-10-10 03:00
124244035;18055;2026-10-22 08:30;2026-10-10 03:00
124244035;18055;2026-10-22 08:45;2026-10-10 03:00
124244035;18055;2026-10-22 09:00;2026-10-10 03:00
124244035;18055;2026-10-22 09:15;2026-10-10 03:00
124244035;18055;2026-10-22 10:30;2026-10-10 03:00
124244035;18055;2026-10-22 10:45;2026-10-10 03:00
124244035;18055;2026-10-22 11:00;2026-10-10 03:00
124244035;18055;2026-10-22 11:15;2026-10-10 03:00
124244035;18055;2026-10-22 11:30;2026-10-10 03:00
124244035;18055;2026-10-22 11:45;2026-10-10 03:00
124244035;18055;2026-10-22 12:00;2026-10-10 03:00
124244035;18055;2026-10-23 13:30;2026-10-10 03:00
124244035;18055;2026-10-23 13:45;2026-10-10 03:00
124244035;18055;2026-10-23 14:00;2026-10-10 03:00
124244035;18055;2026-10-23 14:15;2026-10-10 03:00
124244035;18055;2026-10-23 14:30;2026-10-10 03:00
124244035;18055;2026-10-23 14:45;2026-10-10 03:00
124244035;18055;2026-10-23 15:00;2026-10-10 03:00
124244035;18055;2026-10-23 16:45;2026-10-10 03:00
124244035;18055;2026-10-23 17:00;2026-10-10 03:00
124244035;18055;2026-10-23 17:30;2026-10-10 03:00
124244035;18055;2026-10-23 17:45;2026-10-10 03:00
124244035;18055;2026-10-23 18:00;2026-10-10 03:00
124244035;18055;2026-10-23 18:30;2026-10-10 03:00
124244035;18055;2026-10-26 13:30;2026-10-10 03:00
124244035;18055;2026-10-26 13:45;2026-10-10 03:00
124244035;18055;2026-10-26 14:00;2026-10-10 03:00
124244035;18055;2026-10-26 14:15;2026-10-10 03:00
124244035;18055;2026-10-26 14:30;2026-10-10 03:00
124244035;18055;2026-10-26 14:45;2026-10-10 03:00
124244035;18055;2026-10-26 15:00;2026-10-10 03:00
124244035;18055;2026-10-26 15:15;2026-10-10 03:00
124244035;18055;2026-10-26 15:30;2026-10-10 03:00
124244035;18055;2026-10-26 15:45;2026-10-10 03:00
124244035;18055;2026-10-26 16:30;2026-10-10 03:00
124244035;18055;2026-10-26 16:45;2026-10-10 03:00
124244035;18055;2026-10-26 17:00;2026-10-10 03:00
124244035;18055;2026-10-26 17:15;2026-10-10 03:00
124244035;18055;2026-10-26 17:30;2026-10-10 03:00
124244035;18055;2026-10-26 17:45;2026-10-10 03:00
124244035;18055;2026-10-26 18:00;2026-10-10 03:00
124244035;18055;2026-10-26 18:30;2026-10-10 03:00
124244035;18055;2026-10-27 07:00;2026-10-10 03:00
124244035;18055;2026-10-27 07:15;2026-10-10 03:00
124244035;18055;2026-10-27 07:45;2026-10-10 03:00
124244035;18055;2026-10-27 08:00;2026-10-10 03:00
124244035;18055;2026-10-27 08:15;2026-10-10 03:00
124244035;18055;2026-10-27 08:30;2026-10-10 03:00
124244035;18055;2026-10-27 08:45;2026-10-10 03:00
124244035;18055;2026-10-27 09:00;2026-10-10 03:00
124244035;18055;2026-10-27 09:15;2026-10-10 03:00
124244035;18055;2026-10-27 09:30;2026-10-10 03:00
124244035;18055;2026-10-27 09:45;2026-10-10 03:00
124244035;18055;2026-10-27 10:30;2026-10-10 03:00
124244035;18055;2026-10-27 10:45;2026-10-10 03:00
124244035;18055;2026-10-27 11:00;2026-10-10 03:00
124244035;18055;2026-10-27 11:15;2026-10-10 03:00
124244035;18055;2026-10-27 11:30;2026-10-10 03:00
124244035;18055;2026-10-27 11:45;2026-10-10 03:00
124244035;18055;2026-10-27 12:00;2026-10-10 03:00
124244035;18055;2026-10-28 14:00;2026-10-10 03:00
124244035;18055;2026-10-28 14:15;2026-10-10 03:00
124244035;18055;2026-10-28 14:30;2026-10-10 03:00
124244035;18055;2026-10-28 14:45;2026-10-10 03:00
124244035;18055;2026-10-28 15:00;2026-10-10 03:00
124244035;18055;2026-10-28 15:15;2026-10-10 03:00
124244035;18055;2026-10-28 15:30;2026-10-10 03:00
124244035;18055;2026-10-28 16:30;2026-10-10 03:00
124244035;18055;2026-10-28 16:45;2026-10-10 03:00
124244035;18055;2026-10-28 17:00;2026-10-10 03:00
124244035;18055;2026-10-28 17:15;2026-10-10 03:00
124244035;18055;2026-10-28 17:30;2026-10-10 03:00
124244035;18055;2026-10-28 17:45;2026-10-10 03:00
124244035;18055;2026-10-28 18:00;2026-10-10 03:00
124244035;18055;2026-10-28 18:30;2026-10-10 03:00
124244035;18055;2026-10-29 07:15;2026-10-10 03:00
124244035;18055;2026-10-29 07:45;2026-10-10 03:00
124244035;18055;2026-10-29 08:00;2026-10-10 03:00
124244035;18055;2026-10-29 08:15;2026-10-10 03:00
124244035;18055;2026-10-29 08:30;2026-10-10 03:00
124244035;18055;2026-10-29 08:45;2026-10-10 03:00
124244035;18055;2026-10-29 09:00;2026-10-10 03:00
124244035;18055;2026-10-29 09:15;2026-10-10 03:00
124244035;18055;2026-10-29 09:30;2026-10-10 03:00
124244035;18055;2026-10-29 09:45;2026-10-10 03:00
124244035;18055;2026-10-29 10:30;2026-10-10 03:00
124244035;18055;2026-10-29 10:45;2026-10-10 03:00
124244035;18055;2026-10-29 11:15;2026-10-10 03:00
124244035;18055;2026-10-29 11:30;2026-10-10 03:00
124244035;18055;2026-10-29 11:45;2026-10-10 03:00
124244035;18055;2026-10-29 12:00;2026-10-10 03:00
124244035;18055;2026-10-30 07:15;2026-10-10 03:00
124244035;18055;2026-10-30 07:45;2026-10-10 03:00
124244035;18055;2026-10-30 08:00;2026-10-10 03:00
124244035;18055;2026-10-30 08:15;2026-10-10 03:00
124244035;18055;2026-10-30 08:30;2026-10-10 03:00
124244035;18055;2026-10-30 08:45;2026-10-10 03:00
124244035;18055;2026-10-30 09:00;2026-10-10 03:00
124244035;18055;2026-10-30 09:15;2026-10-10 03:00
124244035;18055;2026-10-30 09:45;2026-10-10 03:00
124244035;18055;2026-10-30 10:45;2026-10-10 03:00
124244035;18055;2026-10-30 11:30;2026-10-10 03:00
124244035;18055;2026-11-09 14:00;2026-10-10 03:00
124244035;18055;2026-11-09 14:15;2026-10-10 03:00
124244035;18055;2026-11-09 14:45;2026-10-10 03:00
124244035;18055;2026-11-09 15:00;2026-10-10 03:00
124244035;18055;2026-11-09 15:15;2026-10-10 03:00
124244035;18055;2026-11-09 15:45;2026-10-10 03:00
124244035;18055;2026-11-09 16:30;2026-10-10 03:00
124244035;18055;2026-11-09 16:45;2026-10-10 03:00
124244035;18055;2026-11-09 17:00;2026-10-10 03:00
124244035;18055;2026-11-09 17:15;2026-10-10 03:00
124244035;18055;2026-11-09 17:30;2026-10-10 03:00
124244035;18055;2026-11-09 17:45;2026-10-10 03:00
124244035;18055;2026-11-09 18:00;2026-10-10 03:00
124244035;18055;2026-11-10 07:15;2026-10-10 03:00
124244035;18055;2026-11-10 07:45;2026-10-10 03:00
124244035;18055;2026-11-10 08:00;2026-10-10 03:00
124244035;18055;2026-11-10 08:30;2026-10-10 03:00
124244035;18055;2026-11-10 08:45;2026-10-10 03:00
124244035;18055;2026-11-10 09:30;2026-10-10 03:00
124244035;18055;2026-11-10 09:45;2026-10-10 03:00
124244035;18055;2026-11-10 10:30;2026-10-10 03:00
124244035;18055;2026-11-10 10:45;2026-10-10 03:00
124244035;18055;2026-11-10 11:00;2026-10-10 03:00
124244035;18055;2026-11-10 11:15;2026-10-10 03:00
124244035;18055;2026-11-10 11:30;2026-10-10 03:00
124244035;18055;2026-11-10 11:45;2026-10-10 03:00
124244035;17729;2026-10-12 16:30;2026-10-10 03:00
124244035;17729;2026-10-12 16:45;2026-10-10 03:00
124244035;17729;2026-10-12 18:45;2026-10-10 03:00
124244035;17729;2026-10-13 08:30;2026-10-10 03:00
124244035;17729;2026-10-13 08:45;2026-10-10 03:00
124244035;17729;2026-10-13 09:00;2026-10-10 03:00
124244035;17729;2026-10-13 09:30;2026-10-10 03:00
124244035;17729;2026-10-13 09:45;2026-10-10 03:00
124244035;17729;2026-10-13 10:00;2026-10-10 03:00
124244035;17729;2026-10-13 10:15;2026-10-10 03:00
124244035;17729;2026-10-13 12:15;2026-10-10 03:00
124244035;17729;2026-10-14 13:30;2026-10-10 03:00
124244035;17729;2026-10-14 14:30;2026-10-10 03:00
124244035;17729;2026-10-14 16:00;2026-10-10 03:00
124244035;17729;2026-10-14 16:15;2026-10-10 03:00
124244035;17729;2026-10-14 18:45;2026-10-10 03:00
124244035;17729;2026-10-15 09:30;2026-10-10 03:00
124244035;17729;2026-10-15 09:45;2026-10-10 03:00
124244035;17729;2026-10-15 10:00;2026-10-10 03:00
124244035;17729;2026-10-15 10:15;2026-10-10 03:00
124244035;17729;2026-10-15 12:15;2026-10-10 03:00
124244035;17729;2026-10-16 13:30;2026-10-10 03:00
124244035;17729;2026-10-16 14:30;2026-10-10 03:00
124244035;17729;2026-10-16 18:45;2026-10-10 03:00
124244035;17729;2026-10-19 08:30;2026-10-10 03:00
124244035;17729;2026-10-19 08:45;2026-10-10 03:00
124244035;17729;2026-10-19 09:00;2026-10-10 03:00
124244035;17729;2026-10-19 09:15;2026-10-10 03:00
124244035;17729;2026-10-19 12:00;2026-10-10 03:00
124244035;17729;2026-10-19 12:15;2026-10-10 03:00
124244035;17729;2026-10-20 13:30;2026-10-10 03:00
124244035;17729;2026-10-20 13:45;2026-10-10 03:00
124244035;17729;2026-10-20 14:15;2026-10-10 03:00
124244035;17729;2026-10-20 14:30;2026-10-10 03:00
124244035;17729;2026-10-20 16:00;2026-10-10 03:00
124244035;17729;2026-10-20 18:45;2026-10-10 03:00
124244035;17729;2026-10-21 09:30;2026-10-10 03:00
124244035;17729;2026-10-21 09:45;2026-10-10 03:00
124244035;17729;2026-10-21 10:00;2026-10-10 03:00
124244035;17729;2026-10-21 10:15;2026-10-10 03:00
124244035;17729;2026-10-21 12:15;2026-10-10 03:00
124244035;17729;2026-10-22 13:30;2026-10-10 03:00
124244035;17729;2026-10-22 13:45;2026-10-10 03:00
124244035;17729;2026-10-22 14:30;2026-10-10 03:00
124244035;17729;2026-10-22 18:45;2026-10-10 03:00
124244035;17729;2026-10-23 09:30;2026-10-10 03:00
124244035;17729;2026-10-23 09:45;2026-10-10 03:00
124244035;17729;2026-10-23 12:15;2026-10-10 03:00
124244035;17729;2026-11-03 07:00;2026-10-10 03:00
124244035;17729;2026-11-03 07:45;2026-10-10 03:00
124244035;17729;2026-11-03 09:30;2026-10-10 03:00
124244035;17729;2026-11-03 09:45;2026-10-10 03:00
124244035;17729;2026-11-03 10:00;2026-10-10 03:00
124244035;17729;2026-11-03 10:15;2026-10-10 03:00
124244035;17729;2026-11-03 12:15;2026-10-10 03:00
124244035;17729;2026-11-04 13:30;2026-10-10 03:00
124244035;17729;2026-11-04 14:30;2026-10-10 03:00
124244035;17729;2026-11-04 14:45;2026-10-10 03:00
124244035;17729;2026-11-04 15:15;2026-10-10 03:00
124244035;17729;2026-11-04 16:00;2026-10-10 03:00
124244035;17729;2026-11-04 16:15;2026-10-10 03:00
124244035;17729;2026-11-04 17:15;2026-10-10 03:00
124244035;17729;2026-11-04 17:30;2026-10-10 03:00
124244035;17729;2026-11-04 18:45;2026-10-10 03:00
124244035;17729;2026-11-05 07:00;2026-10-10 03:00
124244035;17729;2026-11-05 07:15;2026-10-10 03:00
124244035;17729;2026-11-05 07:30;2026-10-10 03:00
124244035;17729;2026-11-05 08:30;2026-10-10 03:00
124244035;17729;2026-11-05 08:45;2026-10-10 03:00
124244035;17729;2026-11-05 09:00;2026-10-10 03:00
124244035;17729;2026-11-05 09:15;2026-10-10 03:00
124244035;17729;2026-11-05 09:30;2026-10-10 03:00
124244035;17729;2026-11-05 09:45;2026-10-10 03:00
124244035;17729;2026-11-05 10:00;2026-10-10 03:00
124244035;17729;2026-11-05 10:15;2026-10-10 03:00
124244035;17729;2026-11-05 12:15;2026-10-10 03:00
124244035;17729;2026-11-06 13:30;2026-10-10 03:00
124244035;17729;2026-11-06 14:00;2026-10-10 03:00
124244035;17729;2026-11-06 14:15;2026-10-10 03:00
124244035;17729;2026-11-06 14:30;2026-10-10 03:00
124244035;17729;2026-11-06 14:45;2026-10-10 03:00
124244035;17729;2026-11-06 15:00;2026-10-10 03:00
124244035;17729;2026-11-06 15:15;2026-10-10 03:00
124244035;17729;2026-11-06 17:15;2026-10-10 03:00
124244035;17729;2026-11-06 18:15;2026-10-10 03:00
124244035;17729;2026-11-06 18:30;2026-10-10 03:00
124244035;17729;2026-11-06 18:45;2026-10-10 03:00
124244035;17729;2026-11-09 07:00;2026-10-10 03:00
124244035;17729;2026-11-09 07:15;2026-10-10 03:00
124244035;17729;2026-11-09 07:45;2026-10-10 03:00
124244035;17729;2026-11-09 08:00;2026-10-10 03:00
124244035;17729;2026-11-09 08:30;2026-10-10 03:00
124244035;17729;2026-11-09 08:45;2026-10-10 03:00
124244035;17729;2026-11-09 09:00;2026-10-10 03:00
124244035;17729;2026-11-09 09:15;2026-10-10 03:00
124244035;17729;2026-11-09 12:00;2026-10-10 03:00
124244035;17729;2026-11-09 12:15;2026-10-10 03:00
124244035;17729;2026-11-10 13:30;2026-10-10 03:00
124244035;17729;2026-11-10 14:30;2026-10-10 03:00
124244035;17729;2026-11-10 14:45;2026-10-10 03:00
124244035;17729;2026-11-10 15:15;2026-10-10 03:00
124244035;17729;2026-11-10 16:00;2026-10-10 03:00
124244035;17729;2026-11-10 16:15;2026-10-10 03:00
124244035;17729;2026-11-10 17:45;2026-10-10 03:00
124244035;17729;2026-11-10 18:45;2026-10-10 03:00
124244035;17706;2026-10-19 10:30;2026-10-10 03:00
124244035;17706;2026-10-19 11:30;2026-10-10 03:00
124244035;17706;2026-10-20 14:00;2026-10-10 03:00
124244035;17706;2026-10-20 14:15;2026-10-10 03:00
124244035;17706;2026-10-20 15:00;2026-10-10 03:00
124244035;17706;2026-10-20 17:30;2026-10-10 03:00
124244035;17706;2026-10-21 09:00;2026-10-10 03:00
124244035;17706;2026-10-21 10:30;2026-10-10 03:00
124244035;17706;2026-10-21 11:30;2026-10-10 03:00
124244035;17706;2026-10-22 14:00;2026-10-10 03:00
124244035;17706;2026-10-22 14:15;2026-10-10 03:00
124244035;17706;2026-10-22 15:00;2026-10-10 03:00
124244035;17706;2026-10-22 15:45;2026-10-10 03:00
124244035;17706;2026-10-22 16:00;2026-10-10 03:00
124244035;17706;2026-10-22 16:15;2026-10-10 03:00
124244035;17706;2026-10-22 17:15;2026-10-10 03:00
124244035;17706;2026-10-22 17:30;2026-10-10 03:00
124244035;17706;2026-10-23 07:15;2026-10-10 03:00
124244035;17706;2026-10-23 09:00;2026-10-10 03:00
124244035;17706;2026-10-23 10:30;2026-10-10 03:00
124244035;17706;2026-10-23 11:30;2026-10-10 03:00
124244035;17706;2026-10-26 07:15;2026-10-10 03:00
124244035;17706;2026-10-26 07:30;2026-10-10 03:00
124244035;17706;2026-10-26 08:15;2026-10-10 03:00
124244035;17706;2026-10-26 08:30;2026-10-10 03:00
124244035;17706;2026-10-26 08:45;2026-10-10 03:00
124244035;17706;2026-10-26 09:00;2026-10-10 03:00
124244035;17706;2026-10-26 10:30;2026-10-10 03:00
124244035;17706;2026-10-26 10:45;2026-10-10 03:00
124244035;17706;2026-10-26 11:30;2026-10-10 03:00
124244035;17706;2026-10-26 11:45;2026-10-10 03:00
124244035;17706;2026-10-27 13:45;2026-10-10 03:00
124244035;17706;2026-10-27 14:00;2026-10-10 03:00
124244035;17706;2026-10-27 14:15;2026-10-10 03:00
124244035;17706;2026-10-27 14:30;2026-10-10 03:00
124244035;17706;2026-10-27 14:45;2026-10-10 03:00
124244035;17706;2026-10-27 15:00;2026-10-10 03:00
124244035;17706;2026-10-27 15:15;2026-10-10 03:00
124244035;17706;2026-10-27 15:30;2026-10-10 03:00
124244035;17706;2026-10-27 15:45;2026-10-10 03:00
124244035;17706;2026-10-27 16:00;2026-10-10 03:00
124244035;17706;2026-10-27 16:15;2026-10-10 03:00
124244035;17706;2026-10-27 17:00;2026-10-10 03:00
124244035;17706;2026-10-27 17:15;2026-10-10 03:00
124244035;17706;2026-10-27 17:30;2026-10-10 03:00
124244035;17706;2026-10-27 17:45;2026-10-10 03:00
124244035;17706;2026-10-27 18:00;2026-10-10 03:00
124244035;17706;2026-10-27 18:15;2026-10-10 03:00
124244035;17706;2026-10-27 18:30;2026-10-10 03:00
124244035;17706;2026-10-28 07:00;2026-10-10 03:00
124244035;17706;2026-10-28 07:15;2026-10-10 03:00
124244035;17706;2026-10-28 07:30;2026-10-10 03:00
124244035;17706;2026-10-28 08:00;2026-10-10 03:00
124244035;17706;2026-10-28 08:15;2026-10-10 03:00
124244035;17706;2026-10-28 08:30;2026-10-10 03:00
124244035;17706;2026-10-28 08:45;2026-10-10 03:00
124244035;17706;2026-10-28 09:00;2026-10-10 03:00
124244035;17706;2026-10-28 09:15;2026-10-10 03:00
124244035;17706;2026-10-28 09:30;2026-10-10 03:00
124244035;17706;2026-10-28 09:45;2026-10-10 03:00
124244035;17706;2026-10-28 10:00;2026-10-10 03:00
124244035;17706;2026-10-28 10:15;2026-10-10 03:00
124244035;17706;2026-10-28 10:30;2026-10-10 03:00
124244035;17706;2026-10-28 10:45;2026-10-10 03:00
124244035;17706;2026-10-28 11:30;2026-10-10 03:00
124244035;17706;2026-10-28 11:45;2026-10-10 03:00
124244035;17706;2026-10-28 12:00;2026-10-10 03:00
124244035;17706;2026-10-29 13:30;2026-10-10 03:00
124244035;17706;2026-10-29 13:45;2026-10-10 03:00
124244035;17706;2026-10-29 14:00;2026-10-10 03:00
124244035;17706;2026-10-29 14:15;2026-10-10 03:00
124244035;17706;2026-10-29 14:30;2026-10-10 03:00
124244035;17706;2026-10-29 14:45;2026-10-10 03:00
124244035;17706;2026-10-29 15:00;2026-10-10 03:00
124244035;17706;2026-10-29 15:15;2026-10-10 03:00
124244035;17706;2026-10-29 15:30;2026-10-10 03:00
124244035;17706;2026-10-29 15:45;2026-10-10 03:00
124244035;17706;2026-10-29 16:00;2026-10-10 03:00
124244035;17706;2026-10-29 16:15;2026-10-10 03:00
124244035;17706;2026-10-29 17:00;2026-10-10 03:00
124244035;17706;2026-10-29 17:15;2026-10-10 03:00
124244035;17706;2026-10-29 17:30;2026-10-10 03:00
124244035;17706;2026-10-29 17:45;2026-10-10 03:00
124244035;17706;2026-10-29 18:00;2026-10-10 03:00
124244035;17706;2026-10-29 18:15;2026-10-10 03:00
124244035;17706;2026-10-29 18:30;2026-10-10 03:00
124244035;17706;2026-10-30 14:15;2026-10-10 03:00
124244035;17706;2026-10-30 14:30;2026-10-10 03:00
124244035;17706;2026-10-30 14:45;2026-10-10 03:00
124244035;17706;2026-10-30 15:00;2026-10-10 03:00
124244035;17706;2026-10-30 15:15;2026-10-10 03:00
124244035;17706;2026-10-30 15:30;2026-10-10 03:00
124244035;17706;2026-10-30 15:45;2026-10-10 03:00
124244035;17706;2026-10-30 16:00;2026-10-10 03:00
124244035;17706;2026-10-30 17:00;2026-10-10 03:00
124244035;17706;2026-10-30 17:15;2026-10-10 03:00
124244035;17706;2026-10-30 17:30;2026-10-10 03:00
124244035;17706;2026-10-30 17:45;2026-10-10 03:00
124244035;17706;2026-10-30 18:00;2026-10-10 03:00
124244035;17706;2026-11-03 13:45;2026-10-10 03:00
124244035;17706;2026-11-03 14:00;2026-10-10 03:00
124244035;17706;2026-11-03 14:15;2026-10-10 03:00
124244035;17706;2026-11-03 14:30;2026-10-10 03:00
124244035;17706;2026-11-03 15:00;2026-10-10 03:00
124244035;17706;2026-11-03 15:15;2026-10-10 03:00
124244035;17706;2026-11-03 15:30;2026-10-10 03:00
124244035;17706;2026-11-03 16:00;2026-10-10 03:00
124244035;17706;2026-11-03 16:15;2026-10-10 03:00
124244035;17706;2026-11-03 17:00;2026-10-10 03:00
124244035;17706;2026-11-03 17:15;2026-10-10 03:00
124244035;17706;2026-11-03 17:30;2026-10-10 03:00
124244035;17706;2026-11-03 17:45;2026-10-10 03:00
124244035;17706;2026-11-03 18:00;2026-10-10 03:00
124244035;17706;2026-11-03 18:30;2026-10-10 03:00
124244035;17706;2026-11-04 07:00;2026-10-10 03:00
124244035;17706;2026-11-04 07:15;2026-10-10 03:00
124244035;17706;2026-11-04 07:30;2026-10-10 03:00
124244035;17706;2026-11-04 07:45;2026-10-10 03:00
124244035;17706;2026-11-04 08:00;2026-10-10 03:00
124244035;17706;2026-11-04 08:15;2026-10-10 03:00
124244035;17706;2026-11-04 08:30;2026-10-10 03:00
124244035;17706;2026-11-04 08:45;2026-10-10 03:00
124244035;17706;2026-11-04 09:00;2026-10-10 03:00
124244035;17706;2026-11-04 09:15;2026-10-10 03:00
124244035;17706;2026-11-04 09:30;2026-10-10 03:00
124244035;17706;2026-11-04 09:45;2026-10-10 03:00
124244035;17706;2026-11-04 10:00;2026-10-10 03:00
124244035;17706;2026-11-04 10:15;2026-10-10 03:00
124244035;17706;2026-11-04 10:30;2026-10-10 03:00
124244035;17706;2026-11-04 10:45;2026-10-10 03:00
124244035;17706;2026-11-04 11:30;2026-10-10 03:00
124244035;17706;2026-11-04 11:45;2026-10-10 03:00
124244035;17706;2026-11-04 12:00;2026-10-10 03:00
124244035;17706;2026-11-05 13:30;2026-10-10 03:00
124244035;17706;2026-11-05 14:00;2026-10-10 03:00
124244035;17706;2026-11-05 14:15;2026-10-10 03:00
124244035;17706;2026-11-05 14:30;2026-10-10 03:00
124244035;17706;2026-11-05 14:45;2026-10-10 03:00
124244035;17706;2026-11-05 15:00;2026-10-10 03:00
124244035;17706;2026-11-05 15:15;2026-10-10 03:00
124244035;17706;2026-11-05 15:30;2026-10-10 03:00
124244035;17706;2026-11-05 15:45;2026-10-10 03:00
124244035;17706;2026-11-05 16:00;2026-10-10 03:00
124244035;17706;2026-11-05 16:15;2026-10-10 03:00
124244035;17706;2026-11-05 17:00;2026-10-10 03:00
124244035;17706;2026-11-05 17:15;2026-10-10 03:00
124244035;17706;2026-11-05 17:30;2026-10-10 03:00
124244035;17706;2026-11-05 17:45;2026-10-10 03:00
124244035;17706;2026-11-05 18:00;2026-10-10 03:00
124244035;17706;2026-11-05 18:15;2026-10-10 03:00
124244035;17706;2026-11-05 18:30;2026-10-10 03:00
124244035;17706;2026-11-06 13:30;2026-10-10 03:00
124244035;17706;2026-11-06 14:15;2026-10-10 03:00
124244035;17706;2026-11-06 14:30;2026-10-10 03:00
124244035;17706;2026-11-06 14:45;2026-10-10 03:00
124244035;17706;2026-11-06 15:00;2026-10-10 03:00
124244035;17706;2026-11-06 15:15;2026-10-10 03:00
124244035;17706;2026-11-06 15:30;2026-10-10 03:00
124244035;17706;2026-11-06 15:45;2026-10-10 03:00
124244035;17706;2026-11-06 16:15;2026-10-10 03:00
124244035;17706;2026-11-06 17:00;2026-10-10 03:00
124244035;17706;2026-11-06 17:15;2026-10-10 03:00
124244035;17706;2026-11-06 17:30;2026-10-10 03:00
124244035;17706;2026-11-06 17:45;2026-10-10 03:00
124244035;17706;2026-11-06 18:15;2026-10-10 03:00
124244035;17706;2026-11-06 18:30;2026-10-10 03:00
124244035;17706;2026-11-09 07:00;2026-10-10 03:00
124244035;17706;2026-11-09 07:15;2026-10-10 03:00
124244035;17706;2026-11-09 07:45;2026-10-10 03:00
124244035;17706;2026-11-09 08:00;2026-10-10 03:00
124244035;17706;2026-11-09 08:30;2026-10-10 03:00
124244035;17706;2026-11-09 08:45;2026-10-10 03:00
124244035;17706;2026-11-09 09:00;2026-10-10 03:00
124244035;17706;2026-11-09 09:15;2026-10-10 03:00
124244035;17706;2026-11-09 09:45;2026-10-10 03:00
124244035;17706;2026-11-09 10:15;2026-10-10 03:00
124244035;17706;2026-11-09 10:30;2026-10-10 03:00
124244035;17706;2026-11-09 10:45;2026-10-10 03:00
124244035;17706;2026-11-09 11:30;2026-10-10 03:00
124244035;17706;2026-11-09 11:45;2026-10-10 03:00
124244035;17706;2026-11-09 12:00;2026-10-10 03:00
124244035;17706;2026-11-10 13:45;2026-10-10 03:00
124244035;17706;2026-11-10 14:00;2026-10-10 03:00
124244035;17706;2026-11-10 14:15;2026-10-10 03:00
124244035;17706;2026-11-10 14:30;2026-10-10 03:00
124244035;17706;2026-11-10 14:45;2026-10-10 03:00
124244035;17706;2026-11-10 15:00;2026-10-10 03:00
124244035;17706;2026-11-10 15:15;2026-10-10 03:00
124244035;17706;2026-11-10 15:30;2026-10-10 03:00
124244035;17706;2026-11-10 15:45;2026-10-10 03:00
124244035;17706;2026-11-10 16:00;2026-10-10 03:00
124244035;17706;2026-11-10 16:15;2026-10-10 03:00
124244035;17706;2026-11-10 17:00;2026-10-10 03:00
124244035;17706;2026-11-10 17:15;2026-10-10 03:00
124244035;17706;2026-11-10 17:30;2026-10-10 03:00
124244035;17706;2026-11-10 17:45;2026-10-10 03:00
124244035;17706;2026-11-10 18:00;2026-10-10 03:00
124244035;17706;2026-11-10 18:15;2026-10-10 03:00
124244035;17706;2026-11-10 18:30;2026-10-10 03:00
124244035;17271;2026-10-12 16:00;2026-10-10 03:00
124244035;17271;2026-10-12 16:15;2026-10-10 03:00
124244035;17271;2026-10-12 16:30;2026-10-10 03:00
124244035;17271;2026-10-12 16:45;2026-10-10 03:00
124244035;17271;2026-10-13 10:00;2026-10-10 03:00
124244035;17271;2026-10-13 10:15;2026-10-10 03:00
124244035;17271;2026-10-14 13:30;2026-10-10 03:00
124244035;17271;2026-10-14 16:00;2026-10-10 03:00
124244035;17271;2026-10-14 16:15;2026-10-10 03:00
124244035;17271;2026-10-15 08:30;2026-10-10 03:00
124244035;17271;2026-10-15 08:45;2026-10-10 03:00
124244035;17271;2026-10-15 09:30;2026-10-10 03:00
124244035;17271;2026-10-15 10:00;2026-10-10 03:00
124244035;17271;2026-10-15 10:15;2026-10-10 03:00
124244035;17271;2026-10-15 13:15;2026-10-10 03:00
124244035;17271;2026-10-16 13:30;2026-10-10 03:00
124244035;17271;2026-10-16 19:45;2026-10-10 03:00
124244035;17271;2026-10-19 08:30;2026-10-10 03:00
124244035;17271;2026-10-19 08:45;2026-10-10 03:00
124244035;17271;2026-10-19 09:00;2026-10-10 03:00
124244035;17271;2026-10-19 09:15;2026-10-10 03:00
124244035;17271;2026-10-19 13:00;2026-10-10 03:00
124244035;17271;2026-10-19 13:15;2026-10-10 03:00
124244035;17271;2026-10-20 13:30;2026-10-10 03:00
124244035;17271;2026-10-20 16:00;2026-10-10 03:00
124244035;17271;2026-10-20 16:15;2026-10-10 03:00
124244035;17271;2026-10-20 19:45;2026-10-10 03:00
124244035;17271;2026-10-21 07:00;2026-10-10 03:00
124244035;17271;2026-10-21 07:15;2026-10-10 03:00
124244035;17271;2026-10-21 07:30;2026-10-10 03:00
124244035;17271;2026-10-21 07:45;2026-10-10 03:00
124244035;17271;2026-10-21 08:15;2026-10-10 03:00
124244035;17271;2026-10-21 08:30;2026-10-10 03:00
124244035;17271;2026-10-21 09:30;2026-10-10 03:00
124244035;17271;2026-10-21 09:45;2026-10-10 03:00
124244035;17271;2026-10-21 10:00;2026-10-10 03:00
124244035;17271;2026-10-21 10:15;2026-10-10 03:00
124244035;17271;2026-10-21 12:00;2026-10-10 03:00
124244035;17271;2026-10-21 13:15;2026-10-10 03:00
124244035;17271;2026-10-22 13:30;2026-10-10 03:00
124244035;17271;2026-10-22 14:30;2026-10-10 03:00
124244035;17271;2026-10-22 16:00;2026-10-10 03:00
124244035;17271;2026-10-22 16:15;2026-10-10 03:00
124244035;17271;2026-10-22 18:15;2026-10-10 03:00
124244035;17271;2026-10-22 19:45;2026-10-10 03:00
124244035;17271;2026-10-23 07:30;2026-10-10 03:00
124244035;17271;2026-10-23 08:30;2026-10-10 03:00
124244035;17271;2026-10-23 09:30;2026-10-10 03:00
124244035;17271;2026-10-23 09:45;2026-10-10 03:00
124244035;17271;2026-10-23 12:00;2026-10-10 03:00
124244035;17271;2026-10-23 13:15;2026-10-10 03:00
124244035;17271;2026-10-26 14:00;2026-10-10 03:00
124244035;17271;2026-10-26 14:15;2026-10-10 03:00
124244035;17271;2026-10-26 16:00;2026-10-10 03:00
124244035;17271;2026-10-26 16:15;2026-10-10 03:00
124244035;17271;2026-10-26 16:30;2026-10-10 03:00
124244035;17271;2026-10-26 16:45;2026-10-10 03:00
124244035;17271;2026-10-26 19:30;2026-10-10 03:00
124244035;17271;2026-10-26 19:45;2026-10-10 03:00
124244035;17271;2026-10-27 07:00;2026-10-10 03:00
124244035;17271;2026-10-27 07:15;2026-10-10 03:00
124244035;17271;2026-10-27 07:45;2026-10-10 03:00
124244035;17271;2026-10-27 08:15;2026-10-10 03:00
124244035;17271;2026-10-27 08:30;2026-10-10 03:00
124244035;17271;2026-10-27 09:30;2026-10-10 03:00
124244035;17271;2026-10-27 09:45;2026-10-10 03:00
124244035;17271;2026-10-27 10:00;2026-10-10 03:00
124244035;17271;2026-10-27 10:15;2026-10-10 03:00
124244035;17271;2026-10-27 11:30;2026-10-10 03:00
124244035;17271;2026-10-27 11:45;2026-10-10 03:00
124244035;17271;2026-10-27 12:00;2026-10-10 03:00
124244035;17271;2026-10-27 13:15;2026-10-10 03:00
124244035;17271;2026-10-28 13:30;2026-10-10 03:00
124244035;17271;2026-10-28 14:15;2026-10-10 03:00
124244035;17271;2026-10-28 14:30;2026-10-10 03:00
124244035;17271;2026-10-28 14:45;2026-10-10 03:00
124244035;17271;2026-10-28 15:00;2026-10-10 03:00
124244035;17271;2026-10-28 15:15;2026-10-10 03:00
124244035;17271;2026-10-28 16:00;2026-10-10 03:00
124244035;17271;2026-10-28 16:15;2026-10-10 03:00
124244035;17271;2026-10-28 19:45;2026-10-10 03:00
124244035;17271;2026-10-29 07:30;2026-10-10 03:00
124244035;17271;2026-10-29 07:45;2026-10-10 03:00
124244035;17271;2026-10-29 08:00;2026-10-10 03:00
124244035;17271;2026-10-29 08:15;2026-10-10 03:00
124244035;17271;2026-10-29 08:30;2026-10-10 03:00
124244035;17271;2026-10-29 08:45;2026-10-10 03:00
124244035;17271;2026-10-29 09:00;2026-10-10 03:00
124244035;17271;2026-10-29 09:15;2026-10-10 03:00
124244035;17271;2026-10-29 09:30;2026-10-10 03:00
124244035;17271;2026-10-29 09:45;2026-10-10 03:00
124244035;17271;2026-10-29 10:00;2026-10-10 03:00
124244035;17271;2026-10-29 10:15;2026-10-10 03:00
124244035;17271;2026-10-29 11:30;2026-10-10 03:00
124244035;17271;2026-10-29 11:45;2026-10-10 03:00
124244035;17271;2026-10-29 12:00;2026-10-10 03:00
124244035;17271;2026-10-29 13:15;2026-10-10 03:00
124244035;17271;2026-11-09 07:00;2026-10-10 03:00
124244035;17271;2026-11-09 07:15;2026-10-10 03:00
124244035;17271;2026-11-09 07:30;2026-10-10 03:00
124244035;17271;2026-11-09 07:45;2026-10-10 03:00
124244035;17271;2026-11-09 08:00;2026-10-10 03:00
124244035;17271;2026-11-09 08:30;2026-10-10 03:00
124244035;17271;2026-11-09 08:45;2026-10-10 03:00
124244035;17271;2026-11-09 09:00;2026-10-10 03:00
124244035;17271;2026-11-09 09:15;2026-10-10 03:00
124244035;17271;2026-11-09 13:00;2026-10-10 03:00
124244035;17271;2026-11-09 13:15;2026-10-10 03:00
124244035;17271;2026-11-10 13:30;2026-10-10 03:00
124244035;17271;2026-11-10 14:30;2026-10-10 03:00
124244035;17271;2026-11-10 14:45;2026-10-10 03:00
124244035;17271;2026-11-10 15:00;2026-10-10 03:00
124244035;17271;2026-11-10 15:15;2026-10-10 03:00
124244035;17271;2026-11-10 16:00;2026-10-10 03:00
124244035;17271;2026-11-10 16:15;2026-10-10 03:00
124244035;17271;2026-11-10 17:15;2026-10-10 03:00
124244035;17271;2026-11-10 18:00;2026-10-10 03:00
124244035;17271;2026-11-10 18:15;2026-10-10 03:00
124244035;17271;2026-11-10 19:45;2026-10-10 03:00
124244035;17155;2026-10-12 16:00;2026-10-10 03:00
124244035;17155;2026-10-12 16:15;2026-10-10 03:00
124244035;17155;2026-10-12 16:30;2026-10-10 03:00
124244035;17155;2026-10-12 16:45;2026-10-10 03:00
124244035;17155;2026-10-13 10:15;2026-10-10 03:00
124244035;17155;2026-10-14 14:30;2026-10-10 03:00
124244035;17155;2026-10-14 16:00;2026-10-10 03:00
124244035;17155;2026-10-14 16:15;2026-10-10 03:00
124244035;17155;2026-10-15 10:00;2026-10-10 03:00
124244035;17155;2026-10-15 10:15;2026-10-10 03:00
124244035;17155;2026-10-16 13:50;2026-10-10 03:00
124244035;17155;2026-10-16 14:30;2026-10-10 03:00
124244035;17155;2026-10-16 19:45;2026-10-10 03:00
124244035;17155;2026-10-19 08:30;2026-10-10 03:00
124244035;17155;2026-10-19 08:45;2026-10-10 03:00
124244035;17155;2026-10-19 09:00;2026-10-10 03:00
124244035;17155;2026-10-19 09:15;2026-10-10 03:00
124244035;17155;2026-10-19 13:00;2026-10-10 03:00
124244035;17155;2026-10-19 13:15;2026-10-10 03:00
124244035;17155;2026-10-20 14:10;2026-10-10 03:00
124244035;17155;2026-10-20 14:30;2026-10-10 03:00
124244035;17155;2026-10-20 16:00;2026-10-10 03:00
124244035;17155;2026-10-20 16:15;2026-10-10 03:00
124244035;17155;2026-10-20 19:45;2026-10-10 03:00
124244035;17155;2026-10-21 09:35;2026-10-10 03:00
124244035;17155;2026-10-21 09:50;2026-10-10 03:00
124244035;17155;2026-10-21 10:00;2026-10-10 03:00
124244035;17155;2026-10-21 10:15;2026-10-10 03:00
124244035;17155;2026-10-21 13:15;2026-10-10 03:00
124244035;17155;2026-10-22 14:30;2026-10-10 03:00
124244035;17155;2026-10-22 16:15;2026-10-10 03:00
124244035;17155;2026-10-22 19:45;2026-10-10 03:00
124244035;17155;2026-10-26 16:00;2026-10-10 03:00
124244035;17155;2026-10-26 16:15;2026-10-10 03:00
124244035;17155;2026-10-26 16:30;2026-10-10 03:00
124244035;17155;2026-10-26 16:45;2026-10-10 03:00
124244035;17155;2026-10-26 19:30;2026-10-10 03:00
124244035;17155;2026-10-26 19:45;2026-10-10 03:00
124244035;17155;2026-10-27 09:35;2026-10-10 03:00
124244035;17155;2026-10-27 09:50;2026-10-10 03:00
124244035;17155;2026-10-27 10:00;2026-10-10 03:00
124244035;17155;2026-10-27 10:15;2026-10-10 03:00
124244035;17155;2026-10-27 13:15;2026-10-10 03:00
124244035;17155;2026-10-28 14:30;2026-10-10 03:00
124244035;17155;2026-10-28 14:45;2026-10-10 03:00
124244035;17155;2026-10-28 16:00;2026-10-10 03:00
124244035;17155;2026-10-28 16:15;2026-10-10 03:00
124244035;17155;2026-10-28 19:45;2026-10-10 03:00
124244035;17155;2026-10-29 08:00;2026-10-10 03:00
124244035;17155;2026-10-29 08:20;2026-10-10 03:00
124244035;17155;2026-10-29 09:35;2026-10-10 03:00
124244035;17155;2026-10-29 09:50;2026-10-10 03:00
124244035;17155;2026-10-29 10:00;2026-10-10 03:00
124244035;17155;2026-10-29 10:15;2026-10-10 03:00
124244035;17155;2026-10-29 13:15;2026-10-10 03:00
124244035;17155;2026-10-30 14:30;2026-10-10 03:00
124244035;17155;2026-10-30 14:45;2026-10-10 03:00
124244035;17155;2026-11-03 08:00;2026-10-10 03:00
124244035;17155;2026-11-03 08:20;2026-10-10 03:00
124244035;17155;2026-11-03 08:40;2026-10-10 03:00
124244035;17155;2026-11-03 09:35;2026-10-10 03:00
124244035;17155;2026-11-03 09:50;2026-10-10 03:00
124244035;17155;2026-11-03 10:00;2026-10-10 03:00
124244035;17155;2026-11-03 10:15;2026-10-10 03:00
124244035;17155;2026-11-03 13:15;2026-10-10 03:00
124244035;17155;2026-11-04 14:30;2026-10-10 03:00
124244035;17155;2026-11-04 14:45;2026-10-10 03:00
124244035;17155;2026-11-04 16:00;2026-10-10 03:00
124244035;17155;2026-11-04 16:15;2026-10-10 03:00
124244035;17155;2026-11-04 19:45;2026-10-10 03:00
124244035;17155;2026-11-05 08:00;2026-10-10 03:00
124244035;17155;2026-11-05 08:20;2026-10-10 03:00
124244035;17155;2026-11-05 08:40;2026-10-10 03:00
124244035;17155;2026-11-05 09:00;2026-10-10 03:00
124244035;17155;2026-11-05 09:20;2026-10-10 03:00
124244035;17155;2026-11-05 09:35;2026-10-10 03:00
124244035;17155;2026-11-05 09:50;2026-10-10 03:00
124244035;17155;2026-11-05 10:00;2026-10-10 03:00
124244035;17155;2026-11-05 10:15;2026-10-10 03:00
124244035;17155;2026-11-05 13:15;2026-10-10 03:00
124244035;17155;2026-11-06 14:30;2026-10-10 03:00
124244035;17155;2026-11-06 19:45;2026-10-10 03:00
124244035;17155;2026-11-09 08:30;2026-10-10 03:00
124244035;17155;2026-11-09 08:45;2026-10-10 03:00
124244035;17155;2026-11-09 09:00;2026-10-10 03:00
124244035;17155;2026-11-09 09:15;2026-10-10 03:00
124244035;17155;2026-11-09 13:00;2026-10-10 03:00
124244035;17155;2026-11-09 13:15;2026-10-10 03:00
124244035;17155;2026-11-10 13:50;2026-10-10 03:00
124244035;17155;2026-11-10 14:30;2026-10-10 03:00
124244035;17155;2026-11-10 14:45;2026-10-10 03:00
124244035;17155;2026-11-10 16:00;2026-10-10 03:00
124244035;17155;2026-11-10 16:15;2026-10-10 03:00
124244035;17155;2026-11-10 19:45;2026-10-10 03:00
124244035;16900;2026-10-12 14:15;2026-10-10 03:00
124244035;16900;2026-10-12 15:00;2026-10-10 03:00
124244035;16900;2026-10-12 17:30;2026-10-10 03:00
124244035;16900;2026-10-13 09:00;2026-10-10 03:00
124244035;16900;2026-10-13 10:30;2026-10-10 03:00
124244035;16900;2026-10-13 11:30;2026-10-10 03:00
124244035;16900;2026-10-14 14:15;2026-10-10 03:00
124244035;16900;2026-10-14 15:00;2026-10-10 03:00
124244035;16900;2026-10-14 15:15;2026-10-10 03:00
124244035;16900;2026-10-14 17:30;2026-10-10 03:00
124244035;16900;2026-10-15 09:00;2026-10-10 03:00
124244035;16900;2026-10-15 10:30;2026-10-10 03:00
124244035;16900;2026-10-15 11:30;2026-10-10 03:00
124244035;16900;2026-10-16 15:00;2026-10-10 03:00
124244035;16900;2026-10-16 17:30;2026-10-10 03:00
124244035;16900;2026-10-19 07:00;2026-10-10 03:00
124244035;16900;2026-10-19 07:30;2026-10-10 03:00
124244035;16900;2026-10-19 08:00;2026-10-10 03:00
124244035;16900;2026-10-19 08:15;2026-10-10 03:00
124244035;16900;2026-10-19 09:00;2026-10-10 03:00
124244035;16900;2026-10-19 10:30;2026-10-10 03:00
124244035;16900;2026-10-19 11:30;2026-10-10 03:00
124244035;16900;2026-10-19 11:45;2026-10-10 03:00
124244035;16900;2026-10-19 12:00;2026-10-10 03:00
124244035;16900;2026-10-20 14:15;2026-10-10 03:00
124244035;16900;2026-10-20 14:30;2026-10-10 03:00
124244035;16900;2026-10-20 15:00;2026-10-10 03:00
124244035;16900;2026-10-20 15:15;2026-10-10 03:00
124244035;16900;2026-10-20 15:30;2026-10-10 03:00
124244035;16900;2026-10-20 15:45;2026-10-10 03:00
124244035;16900;2026-10-20 16:00;2026-10-10 03:00
124244035;16900;2026-10-20 17:00;2026-10-10 03:00
124244035;16900;2026-10-20 17:15;2026-10-10 03:00
124244035;16900;2026-10-20 17:30;2026-10-10 03:00
124244035;16900;2026-10-20 17:45;2026-10-10 03:00
124244035;16900;2026-10-20 18:00;2026-10-10 03:00
124244035;16900;2026-10-20 18:15;2026-10-10 03:00
124244035;16900;2026-10-21 07:00;2026-10-10 03:00
124244035;16900;2026-10-21 07:30;2026-10-10 03:00
124244035;16900;2026-10-21 07:45;2026-10-10 03:00
124244035;16900;2026-10-21 09:00;2026-10-10 03:00
124244035;16900;2026-10-21 09:15;2026-10-10 03:00
124244035;16900;2026-10-21 10:30;2026-10-10 03:00
124244035;16900;2026-10-21 10:45;2026-10-10 03:00
124244035;16900;2026-10-21 11:30;2026-10-10 03:00
124244035;16900;2026-10-21 11:45;2026-10-10 03:00
124244035;16900;2026-10-22 13:45;2026-10-10 03:00
124244035;16900;2026-10-22 14:15;2026-10-10 03:00
124244035;16900;2026-10-22 14:30;2026-10-10 03:00
124244035;16900;2026-10-22 14:45;2026-10-10 03:00
124244035;16900;2026-10-22 15:00;2026-10-10 03:00
124244035;16900;2026-10-22 15:15;2026-10-10 03:00
124244035;16900;2026-10-22 15:30;2026-10-10 03:00
124244035;16900;2026-10-22 15:45;2026-10-10 03:00
124244035;16900;2026-10-22 16:00;2026-10-10 03:00
124244035;16900;2026-10-22 17:00;2026-10-10 03:00
124244035;16900;2026-10-22 17:30;2026-10-10 03:00
124244035;16900;2026-10-22 17:45;2026-10-10 03:00
124244035;16900;2026-10-23 07:30;2026-10-10 03:00
124244035;16900;2026-10-23 07:45;2026-10-10 03:00
124244035;16900;2026-10-23 08:00;2026-10-10 03:00
124244035;16900;2026-10-23 09:00;2026-10-10 03:00
124244035;16900;2026-10-23 10:30;2026-10-10 03:00
124244035;16900;2026-10-23 10:45;2026-10-10 03:00
124244035;16900;2026-10-23 11:30;2026-10-10 03:00
124244035;16900;2026-10-23 11:45;2026-10-10 03:00
124244035;16803;2026-10-12 07:30;2026-10-10 03:00
124244035;16803;2026-10-12 07:45;2026-10-10 03:00
124244035;16803;2026-10-12 08:00;2026-10-10 03:00
124244035;16803;2026-10-12 08:30;2026-10-10 03:00
124244035;16803;2026-10-12 08:45;2026-10-10 03:00
124244035;16803;2026-10-12 09:00;2026-10-10 03:00
124244035;16803;2026-10-12 09:15;2026-10-10 03:00
124244035;16803;2026-10-13 14:15;2026-10-10 03:00
124244035;16803;2026-10-13 14:30;2026-10-10 03:00
124244035;16803;2026-10-13 16:00;2026-10-10 03:00
124244035;16803;2026-10-13 16:15;2026-10-10 03:00
124244035;16803;2026-10-14 07:00;2026-10-10 03:00
124244035;16803;2026-10-14 07:15;2026-10-10 03:00
124244035;16803;2026-10-14 07:45;2026-10-10 03:00
124244035;16803;2026-10-14 08:30;2026-10-10 03:00
124244035;16803;2026-10-14 08:45;2026-10-10 03:00
124244035;16803;2026-10-14 09:00;2026-10-10 03:00
124244035;16803;2026-10-14 09:30;2026-10-10 03:00
124244035;16803;2026-10-14 09:45;2026-10-10 03:00
124244035;16803;2026-10-14 10:00;2026-10-10 03:00
124244035;16803;2026-10-14 10:15;2026-10-10 03:00
124244035;16803;2026-10-14 12:00;2026-10-10 03:00
124244035;16803;2026-10-14 13:15;2026-10-10 03:00
124244035;16803;2026-10-15 13:45;2026-10-10 03:00
124244035;16803;2026-10-15 14:15;2026-10-10 03:00
124244035;16803;2026-10-15 16:00;2026-10-10 03:00
124244035;16803;2026-10-15 16:15;2026-10-10 03:00
124244035;16803;2026-10-15 17:15;2026-10-10 03:00
124244035;16803;2026-10-16 07:15;2026-10-10 03:00
124244035;16803;2026-10-16 07:30;2026-10-10 03:00
124244035;16803;2026-10-16 07:45;2026-10-10 03:00
124244035;16803;2026-10-16 08:30;2026-10-10 03:00
124244035;16803;2026-10-16 11:45;2026-10-10 03:00
124244035;16803;2026-11-03 13:30;2026-10-10 03:00
124244035;16803;2026-11-03 13:45;2026-10-10 03:00
124244035;16803;2026-11-03 14:00;2026-10-10 03:00
124244035;16803;2026-11-03 14:15;2026-10-10 03:00
124244035;16803;2026-11-03 14:30;2026-10-10 03:00
124244035;16803;2026-11-03 15:00;2026-10-10 03:00
124244035;16803;2026-11-03 16:00;2026-10-10 03:00
124244035;16803;2026-11-03 16:15;2026-10-10 03:00
124244035;16803;2026-11-03 17:15;2026-10-10 03:00
124244035;16803;2026-11-03 17:30;2026-10-10 03:00
124244035;16803;2026-11-03 18:00;2026-10-10 03:00
124244035;16803;2026-11-03 18:15;2026-10-10 03:00
124244035;16803;2026-11-03 19:45;2026-10-10 03:00
124244035;16803;2026-11-04 07:00;2026-10-10 03:00
124244035;16803;2026-11-04 07:15;2026-10-10 03:00
124244035;16803;2026-11-04 07:30;2026-10-10 03:00
124244035;16803;2026-11-04 08:00;2026-10-10 03:00
124244035;16803;2026-11-04 08:15;2026-10-10 03:00
124244035;16803;2026-11-04 08:30;2026-10-10 03:00
124244035;16803;2026-11-04 08:45;2026-10-10 03:00
124244035;16803;2026-11-04 09:00;2026-10-10 03:00
124244035;16803;2026-11-04 09:30;2026-10-10 03:00
124244035;16803;2026-11-04 09:45;2026-10-10 03:00
124244035;16803;2026-11-04 10:15;2026-10-10 03:00
124244035;16803;2026-11-04 13:15;2026-10-10 03:00
124244035;16803;2026-11-05 13:30;2026-10-10 03:00
124244035;16803;2026-11-05 14:15;2026-10-10 03:00
124244035;16803;2026-11-05 14:30;2026-10-10 03:00
124244035;16803;2026-11-05 15:00;2026-10-10 03:00
124244035;16803;2026-11-05 15:15;2026-10-10 03:00
124244035;16803;2026-11-05 16:00;2026-10-10 03:00
124244035;16803;2026-11-05 16:15;2026-10-10 03:00
124244035;16803;2026-11-05 17:30;2026-10-10 03:00
124244035;16803;2026-11-05 19:45;2026-10-10 03:00
124244035;16803;2026-11-06 07:00;2026-10-10 03:00
124244035;16803;2026-11-06 07:15;2026-10-10 03:00
124244035;16803;2026-11-06 07:30;2026-10-10 03:00
124244035;16803;2026-11-06 07:45;2026-10-10 03:00
124244035;16803;2026-11-06 08:00;2026-10-10 03:00
124244035;16803;2026-11-06 09:30;2026-10-10 03:00
124244035;16803;2026-11-06 11:45;2026-10-10 03:00
124244035;16803;2026-11-06 12:00;2026-10-10 03:00
124244035;16803;2026-11-06 13:15;2026-10-10 03:00
124244035;16803;2026-11-09 14:00;2026-10-10 03:00
124244035;16803;2026-11-09 14:15;2026-10-10 03:00
124244035;16803;2026-11-09 16:00;2026-10-10 03:00
124244035;16803;2026-11-09 16:15;2026-10-10 03:00
124244035;16803;2026-11-09 16:30;2026-10-10 03:00
124244035;16803;2026-11-09 16:45;2026-10-10 03:00
124244035;16803;2026-11-09 19:30;2026-10-10 03:00
124244035;16803;2026-11-09 19:45;2026-10-10 03:00
124244035;16803;2026-11-10 07:00;2026-10-10 03:00
124244035;16803;2026-11-10 07:15;2026-10-10 03:00
124244035;16803;2026-11-10 07:30;2026-10-10 03:00
124244035;16803;2026-11-10 07:45;2026-10-10 03:00
124244035;16803;2026-11-10 08:00;2026-10-10 03:00
124244035;16803;2026-11-10 08:15;2026-10-10 03:00
124244035;16803;2026-11-10 08:45;2026-10-10 03:00
124244035;16803;2026-11-10 09:00;2026-10-10 03:00
124244035;16803;2026-11-10 09:15;2026-10-10 03:00
124244035;16803;2026-11-10 09:30;2026-10-10 03:00
124244035;16803;2026-11-10 10:00;2026-10-10 03:00
124244035;16803;2026-11-10 11:30;2026-10-10 03:00
124244035;16803;2026-11-10 11:45;2026-10-10 03:00
124244035;16803;2026-11-10 13:15;2026-10-10 03:00
124244035;16754;2026-10-20 09:30;2026-10-10 03:00
124244035;16754;2026-10-20 10:15;2026-10-10 03:00
124244035;16754;2026-10-21 13:30;2026-10-10 03:00
124244035;16754;2026-10-21 16:00;2026-10-10 03:00
124244035;16754;2026-10-21 16:15;2026-10-10 03:00
124244035;16754;2026-10-22 09:30;2026-10-10 03:00
124244035;16754;2026-10-22 10:15;2026-10-10 03:00
124244035;16754;2026-10-23 13:30;2026-10-10 03:00
124244035;16754;2026-10-26 08:45;2026-10-10 03:00
124244035;16754;2026-10-26 09:00;2026-10-10 03:00
124244035;16754;2026-10-26 09:15;2026-10-10 03:00
124244035;16754;2026-10-27 13:30;2026-10-10 03:00
124244035;16754;2026-10-27 14:30;2026-10-10 03:00
124244035;16754;2026-10-27 16:00;2026-10-10 03:00
124244035;16754;2026-10-27 16:15;2026-10-10 03:00
124244035;16754;2026-10-27 19:45;2026-10-10 03:00
124244035;16754;2026-10-28 09:15;2026-10-10 03:00
124244035;16754;2026-10-28 09:30;2026-10-10 03:00
124244035;16754;2026-10-28 10:15;2026-10-10 03:00
124244035;16754;2026-10-29 13:30;2026-10-10 03:00
124244035;16754;2026-10-29 14:30;2026-10-10 03:00
124244035;16754;2026-10-29 16:00;2026-10-10 03:00
124244035;16754;2026-10-29 16:15;2026-10-10 03:00
124244035;16754;2026-10-29 17:15;2026-10-10 03:00
124244035;16754;2026-10-29 17:30;2026-10-10 03:00
124244035;16754;2026-10-29 19:45;2026-10-10 03:00
124244035;16754;2026-10-30 09:00;2026-10-10 03:00
124244035;16754;2026-10-30 09:30;2026-10-10 03:00
124244035;16754;2026-10-30 09:45;2026-10-10 03:00
124244035;16754;2026-10-30 11:45;2026-10-10 03:00
124244035;16754;2026-10-30 12:00;2026-10-10 03:00
124244035;16754;2026-10-30 13:15;2026-10-10 03:00
124244035;16754;2026-11-03 13:30;2026-10-10 03:00
124244035;16754;2026-11-03 14:00;2026-10-10 03:00
124244035;16754;2026-11-03 14:30;2026-10-10 03:00
124244035;16754;2026-11-03 16:00;2026-10-10 03:00
124244035;16754;2026-11-03 16:15;2026-10-10 03:00
124244035;16754;2026-11-03 17:00;2026-10-10 03:00
124244035;16754;2026-11-03 17:15;2026-10-10 03:00
124244035;16754;2026-11-03 17:30;2026-10-10 03:00
124244035;16754;2026-11-03 17:45;2026-10-10 03:00
124244035;16754;2026-11-03 18:00;2026-10-10 03:00
124244035;16754;2026-11-03 18:15;2026-10-10 03:00
124244035;16754;2026-11-03 19:45;2026-10-10 03:00
124244035;16754;2026-11-04 08:00;2026-10-10 03:00
124244035;16754;2026-11-04 08:15;2026-10-10 03:00
124244035;16754;2026-11-04 08:30;2026-10-10 03:00
124244035;16754;2026-11-04 09:00;2026-10-10 03:00
124244035;16754;2026-11-04 09:30;2026-10-10 03:00
124244035;16754;2026-11-04 09:45;2026-10-10 03:00
124244035;16754;2026-11-04 10:00;2026-10-10 03:00
124244035;16754;2026-11-04 10:15;2026-10-10 03:00
124244035;16754;2026-11-04 11:30;2026-10-10 03:00
124244035;16754;2026-11-04 11:45;2026-10-10 03:00
124244035;16754;2026-11-04 12:00;2026-10-10 03:00
124244035;16754;2026-11-04 13:15;2026-10-10 03:00
124244035;16754;2026-11-05 13:30;2026-10-10 03:00
124244035;16754;2026-11-05 14:00;2026-10-10 03:00
124244035;16754;2026-11-05 14:15;2026-10-10 03:00
124244035;16754;2026-11-05 14:30;2026-10-10 03:00
124244035;16754;2026-11-05 14:45;2026-10-10 03:00
124244035;16754;2026-11-05 15:15;2026-10-10 03:00
124244035;16754;2026-11-05 16:00;2026-10-10 03:00
124244035;16754;2026-11-05 16:15;2026-10-10 03:00
124244035;16754;2026-11-05 17:00;2026-10-10 03:00
124244035;16754;2026-11-05 17:15;2026-10-10 03:00
124244035;16754;2026-11-05 19:45;2026-10-10 03:00
124244035;16754;2026-11-06 07:45;2026-10-10 03:00
124244035;16754;2026-11-06 08:15;2026-10-10 03:00
124244035;16754;2026-11-06 08:30;2026-10-10 03:00
124244035;16754;2026-11-06 08:45;2026-10-10 03:00
124244035;16754;2026-11-06 09:00;2026-10-10 03:00
124244035;16754;2026-11-06 09:15;2026-10-10 03:00
124244035;16754;2026-11-06 09:30;2026-10-10 03:00
124244035;16754;2026-11-06 09:45;2026-10-10 03:00
124244035;16754;2026-11-06 11:45;2026-10-10 03:00
124244035;16754;2026-11-06 12:00;2026-10-10 03:00
124244035;16754;2026-11-06 13:15;2026-10-10 03:00
124244035;16754;2026-11-09 13:30;2026-10-10 03:00
124244035;16754;2026-11-09 13:45;2026-10-10 03:00
124244035;16754;2026-11-09 14:00;2026-10-10 03:00
124244035;16754;2026-11-09 14:15;2026-10-10 03:00
124244035;16754;2026-11-09 16:00;2026-10-10 03:00
124244035;16754;2026-11-09 16:15;2026-10-10 03:00
124244035;16754;2026-11-09 16:30;2026-10-10 03:00
124244035;16754;2026-11-09 16:45;2026-10-10 03:00
124244035;16754;2026-11-09 19:30;2026-10-10 03:00
124244035;16754;2026-11-09 19:45;2026-10-10 03:00
124244035;16754;2026-11-10 08:00;2026-10-10 03:00
124244035;16754;2026-11-10 08:15;2026-10-10 03:00
124244035;16754;2026-11-10 08:30;2026-10-10 03:00
124244035;16754;2026-11-10 08:45;2026-10-10 03:00
124244035;16754;2026-11-10 09:00;2026-10-10 03:00
124244035;16754;2026-11-10 09:15;2026-10-10 03:00
124244035;16754;2026-11-10 09:30;2026-10-10 03:00
124244035;16754;2026-11-10 09:45;2026-10-10 03:00
124244035;16754;2026-11-10 10:00;2026-10-10 03:00
124244035;16754;2026-11-10 10:15;2026-10-10 03:00
124244035;16754;2026-11-10 11:30;2026-10-10 03:00
124244035;16754;2026-11-10 13:15;2026-10-10 03:00
124244035;15459;2026-10-13 08:00;2026-10-10 03:00
124244035;15459;2026-10-13 09:00;2026-10-10 03:00
124244035;15459;2026-10-13 10:45;2026-10-10 03:00
124244035;15459;2026-10-13 11:30;2026-10-10 03:00
124244035;15459;2026-10-14 14:15;2026-10-10 03:00
124244035;15459;2026-10-14 15:00;2026-10-10 03:00
124244035;15459;2026-10-14 17:30;2026-10-10 03:00
124244035;15459;2026-10-15 09:00;2026-10-10 03:00
124244035;15459;2026-10-15 10:45;2026-10-10 03:00
124244035;15459;2026-10-15 11:30;2026-10-10 03:00
124244035;15459;2026-10-16 14:15;2026-10-10 03:00
124244035;15459;2026-10-16 15:00;2026-10-10 03:00
124244035;15459;2026-10-16 17:15;2026-10-10 03:00
124244035;15459;2026-10-16 17:30;2026-10-10 03:00
124244035;15459;2026-10-19 08:45;2026-10-10 03:00
124244035;15459;2026-10-19 09:00;2026-10-10 03:00
124244035;15459;2026-10-19 10:30;2026-10-10 03:00
124244035;15459;2026-10-19 10:45;2026-10-10 03:00
124244035;15459;2026-10-19 11:30;2026-10-10 03:00
124244035;15459;2026-10-19 11:45;2026-10-10 03:00
124244035;15459;2026-10-20 13:45;2026-10-10 03:00
124244035;15459;2026-10-20 14:00;2026-10-10 03:00
124244035;15459;2026-10-20 14:15;2026-10-10 03:00
124244035;15459;2026-10-20 14:30;2026-10-10 03:00
124244035;15459;2026-10-20 14:45;2026-10-10 03:00
124244035;15459;2026-10-20 15:00;2026-10-10 03:00
124244035;15459;2026-10-20 15:45;2026-10-10 03:00
124244035;15459;2026-10-20 16:30;2026-10-10 03:00
124244035;15459;2026-10-20 17:00;2026-10-10 03:00
124244035;15459;2026-10-20 17:15;2026-10-10 03:00
124244035;15459;2026-10-20 17:30;2026-10-10 03:00
124244035;15459;2026-10-20 17:45;2026-10-10 03:00
124244035;15459;2026-10-20 18:00;2026-10-10 03:00
124244035;15459;2026-10-20 18:30;2026-10-10 03:00
124244035;15459;2026-10-21 07:15;2026-10-10 03:00
124244035;15459;2026-10-21 07:45;2026-10-10 03:00
124244035;15459;2026-10-21 08:15;2026-10-10 03:00
124244035;15459;2026-10-21 08:30;2026-10-10 03:00
124244035;15459;2026-10-21 08:45;2026-10-10 03:00
124244035;15459;2026-10-21 09:00;2026-10-10 03:00
124244035;15459;2026-10-21 09:30;2026-10-10 03:00
124244035;15459;2026-10-21 09:45;2026-10-10 03:00
124244035;15459;2026-10-21 10:30;2026-10-10 03:00
124244035;15459;2026-10-21 10:45;2026-10-10 03:00
124244035;15459;2026-10-21 11:30;2026-10-10 03:00
124244035;15459;2026-10-22 15:45;2026-10-10 03:00
124244035;15459;2026-10-22 16:30;2026-10-10 03:00
124244035;15459;2026-10-22 17:00;2026-10-10 03:00
124244035;15459;2026-10-22 17:15;2026-10-10 03:00
124244035;15459;2026-10-22 17:30;2026-10-10 03:00
124244035;15459;2026-10-22 17:45;2026-10-10 03:00
124244035;15459;2026-10-22 18:00;2026-10-10 03:00
124244035;15459;2026-10-23 07:15;2026-10-10 03:00
124244035;15459;2026-10-23 07:45;2026-10-10 03:00
124244035;15459;2026-10-23 08:00;2026-10-10 03:00
124244035;15459;2026-10-23 08:15;2026-10-10 03:00
124244035;15459;2026-10-23 08:45;2026-10-10 03:00
124244035;15459;2026-10-23 09:00;2026-10-10 03:00
124244035;15459;2026-10-23 09:30;2026-10-10 03:00
124244035;15459;2026-10-23 09:45;2026-10-10 03:00
124244035;15459;2026-10-23 10:30;2026-10-10 03:00
124244035;15459;2026-10-23 10:45;2026-10-10 03:00
124244035;15459;2026-10-23 11:00;2026-10-10 03:00
124244035;15459;2026-10-23 11:30;2026-10-10 03:00
124244035;15459;2026-10-26 13:30;2026-10-10 03:00
124244035;15459;2026-10-26 13:45;2026-10-10 03:00
124244035;15459;2026-10-26 14:15;2026-10-10 03:00
124244035;15459;2026-10-26 14:45;2026-10-10 03:00
124244035;15459;2026-10-26 15:00;2026-10-10 03:00
124244035;15459;2026-10-26 15:15;2026-10-10 03:00
124244035;15459;2026-10-26 16:30;2026-10-10 03:00
124244035;15459;2026-10-26 16:45;2026-10-10 03:00
124244035;15459;2026-10-26 17:00;2026-10-10 03:00
124244035;15459;2026-10-26 17:15;2026-10-10 03:00
124244035;15459;2026-10-26 17:30;2026-10-10 03:00
124244035;15459;2026-10-26 17:45;2026-10-10 03:00
124244035;15459;2026-10-26 18:00;2026-10-10 03:00
124244035;15459;2026-10-27 07:00;2026-10-10 03:00
124244035;15459;2026-10-27 07:15;2026-10-10 03:00
124244035;15459;2026-10-27 07:45;2026-10-10 03:00
124244035;15459;2026-10-27 08:00;2026-10-10 03:00
124244035;15459;2026-10-27 09:00;2026-10-10 03:00
124244035;15459;2026-10-27 09:30;2026-10-10 03:00
124244035;15459;2026-10-27 09:45;2026-10-10 03:00
124244035;15459;2026-10-27 10:30;2026-10-10 03:00
124244035;15459;2026-10-27 10:45;2026-10-10 03:00
124244035;15459;2026-10-27 11:00;2026-10-10 03:00
124244035;15459;2026-10-27 11:15;2026-10-10 03:00
124244035;15459;2026-10-27 11:30;2026-10-10 03:00
124244035;15459;2026-10-27 11:45;2026-10-10 03:00
124244035;15459;2026-10-28 13:30;2026-10-10 03:00
124244035;15459;2026-10-28 13:45;2026-10-10 03:00
124244035;15459;2026-10-28 14:00;2026-10-10 03:00
124244035;15459;2026-10-28 14:15;2026-10-10 03:00
124244035;15459;2026-10-28 14:30;2026-10-10 03:00
124244035;15459;2026-10-28 14:45;2026-10-10 03:00
124244035;15459;2026-10-28 15:00;2026-10-10 03:00
124244035;15459;2026-10-28 15:15;2026-10-10 03:00
124244035;15459;2026-10-28 15:45;2026-10-10 03:00
124244035;15459;2026-10-28 16:30;2026-10-10 03:00
124244035;15459;2026-10-28 17:00;2026-10-10 03:00
124244035;15459;2026-10-28 17:15;2026-10-10 03:00
124244035;15459;2026-10-28 17:30;2026-10-10 03:00
124244035;15459;2026-10-28 17:45;2026-10-10 03:00
124244035;15459;2026-10-28 18:00;2026-10-10 03:00
124244035;15459;2026-10-30 13:45;2026-10-10 03:00
124244035;15459;2026-10-30 14:00;2026-10-10 03:00
124244035;15459;2026-10-30 14:15;2026-10-10 03:00
124244035;15459;2026-10-30 14:30;2026-10-10 03:00
124244035;15459;2026-10-30 14:45;2026-10-10 03:00
124244035;15459;2026-10-30 15:00;2026-10-10 03:00
124244035;15459;2026-10-30 16:30;2026-10-10 03:00
124244035;15459;2026-10-30 17:00;2026-10-10 03:00
124244035;15459;2026-10-30 17:15;2026-10-10 03:00
124244035;15459;2026-10-30 17:30;2026-10-10 03:00
124244035;15459;2026-10-30 18:00;2026-10-10 03:00
124244035;15459;2026-11-03 07:00;2026-10-10 03:00
124244035;15459;2026-11-03 07:15;2026-10-10 03:00
124244035;15459;2026-11-03 07:45;2026-10-10 03:00
124244035;15459;2026-11-03 08:00;2026-10-10 03:00
124244035;15459;2026-11-03 08:30;2026-10-10 03:00
124244035;15459;2026-11-03 08:45;2026-10-10 03:00
124244035;15459;2026-11-03 09:00;2026-10-10 03:00
124244035;15459;2026-11-03 09:30;2026-10-10 03:00
124244035;15459;2026-11-03 09:45;2026-10-10 03:00
124244035;15459;2026-11-03 10:30;2026-10-10 03:00
124244035;15459;2026-11-03 10:45;2026-10-10 03:00
124244035;15459;2026-11-03 11:15;2026-10-10 03:00
124244035;15459;2026-11-03 11:30;2026-10-10 03:00
124244035;15459;2026-11-03 11:45;2026-10-10 03:00
124244035;15459;2026-11-03 12:00;2026-10-10 03:00
124244035;15459;2026-11-04 13:45;2026-10-10 03:00
124244035;15459;2026-11-04 14:00;2026-10-10 03:00
124244035;15459;2026-11-04 14:15;2026-10-10 03:00
124244035;15459;2026-11-04 14:30;2026-10-10 03:00
124244035;15459;2026-11-04 14:45;2026-10-10 03:00
124244035;15459;2026-11-04 15:00;2026-10-10 03:00
124244035;15459;2026-11-04 15:15;2026-10-10 03:00
124244035;15459;2026-11-04 15:45;2026-10-10 03:00
124244035;15459;2026-11-04 16:30;2026-10-10 03:00
124244035;15459;2026-11-04 17:00;2026-10-10 03:00
124244035;15459;2026-11-04 17:15;2026-10-10 03:00
124244035;15459;2026-11-04 17:30;2026-10-10 03:00
124244035;15459;2026-11-04 17:45;2026-10-10 03:00
124244035;15459;2026-11-04 18:00;2026-10-10 03:00
124244035;15459;2026-11-04 18:30;2026-10-10 03:00
124244035;15459;2026-11-05 07:00;2026-10-10 03:00
124244035;15459;2026-11-05 07:15;2026-10-10 03:00
124244035;15459;2026-11-05 07:45;2026-10-10 03:00
124244035;15459;2026-11-05 08:00;2026-10-10 03:00
124244035;15459;2026-11-05 08:15;2026-10-10 03:00
124244035;15459;2026-11-05 08:30;2026-10-10 03:00
124244035;15459;2026-11-05 08:45;2026-10-10 03:00
124244035;15459;2026-11-05 09:00;2026-10-10 03:00
124244035;15459;2026-11-05 09:45;2026-10-10 03:00
124244035;15459;2026-11-05 10:30;2026-10-10 03:00
124244035;15459;2026-11-05 10:45;2026-10-10 03:00
124244035;15459;2026-11-05 11:15;2026-10-10 03:00
124244035;15459;2026-11-05 11:30;2026-10-10 03:00
124244035;15459;2026-11-05 11:45;2026-10-10 03:00
124244035;15459;2026-11-06 13:30;2026-10-10 03:00
124244035;15459;2026-11-06 13:45;2026-10-10 03:00
124244035;15459;2026-11-06 14:00;2026-10-10 03:00
124244035;15459;2026-11-06 14:15;2026-10-10 03:00
124244035;15459;2026-11-06 14:45;2026-10-10 03:00
124244035;15459;2026-11-06 15:00;2026-10-10 03:00
124244035;15459;2026-11-06 16:30;2026-10-10 03:00
124244035;15459;2026-11-06 17:00;2026-10-10 03:00
124244035;15459;2026-11-06 17:15;2026-10-10 03:00
124244035;15459;2026-11-06 17:30;2026-10-10 03:00
124244035;15459;2026-11-06 18:00;2026-10-10 03:00
124244035;15459;2026-11-09 07:15;2026-10-10 03:00
124244035;15459;2026-11-09 07:45;2026-10-10 03:00
124244035;15459;2026-11-09 08:45;2026-10-10 03:00
124244035;15459;2026-11-09 09:00;2026-10-10 03:00
124244035;15459;2026-11-09 09:30;2026-10-10 03:00
124244035;15459;2026-11-09 09:45;2026-10-10 03:00
124244035;15459;2026-11-09 10:30;2026-10-10 03:00
124244035;15459;2026-11-09 10:45;2026-10-10 03:00
124244035;15459;2026-11-09 11:00;2026-10-10 03:00
124244035;15459;2026-11-09 11:15;2026-10-10 03:00
124244035;15459;2026-11-09 11:30;2026-10-10 03:00
124244035;15459;2026-11-10 13:30;2026-10-10 03:00
124244035;15459;2026-11-10 13:45;2026-10-10 03:00
124244035;15459;2026-11-10 14:15;2026-10-10 03:00
124244035;15459;2026-11-10 14:45;2026-10-10 03:00
124244035;15459;2026-11-10 15:00;2026-10-10 03:00
124244035;15459;2026-11-10 15:15;2026-10-10 03:00
124244035;15459;2026-11-10 15:30;2026-10-10 03:00
124244035;15459;2026-11-10 15:45;2026-10-10 03:00
124244035;15459;2026-11-10 16:30;2026-10-10 03:00
124244035;15459;2026-11-10 17:00;2026-10-10 03:00
124244035;15459;2026-11-10 17:15;2026-10-10 03:00
124244035;15459;2026-11-10 17:30;2026-10-10 03:00
124244035;15459;2026-11-10 17:45;2026-10-10 03:00
124244035;15459;2026-11-10 18:00;2026-10-10 03:00
124244035;15459;2026-11-10 18:30;2026-10-10 03:00
124244035;15453;2026-10-12 09:15;2026-10-10 03:00
124244035;15453;2026-10-13 13:30;2026-10-10 03:00
124244035;15453;2026-10-13 16:00;2026-10-10 03:00
124244035;15453;2026-10-13 16:15;2026-10-10 03:00
124244035;15453;2026-10-14 09:30;2026-10-10 03:00
124244035;15453;2026-10-14 10:00;2026-10-10 03:00
124244035;15453;2026-10-14 10:15;2026-10-10 03:00
124244035;15453;2026-10-15 13:30;2026-10-10 03:00
124244035;15453;2026-10-15 16:00;2026-10-10 03:00
124244035;15453;2026-10-15 16:15;2026-10-10 03:00
124244035;15453;2026-10-16 09:30;2026-10-10 03:00
124244035;15453;2026-10-19 16:00;2026-10-10 03:00
124244035;15453;2026-10-19 16:15;2026-10-10 03:00
124244035;15453;2026-10-19 16:30;2026-10-10 03:00
124244035;15453;2026-10-19 16:45;2026-10-10 03:00
124244035;15453;2026-10-19 19:30;2026-10-10 03:00
124244035;15453;2026-10-19 19:45;2026-10-10 03:00
124244035;15453;2026-10-20 09:30;2026-10-10 03:00
124244035;15453;2026-10-20 10:00;2026-10-10 03:00
124244035;15453;2026-10-20 10:15;2026-10-10 03:00
124244035;15453;2026-10-20 13:15;2026-10-10 03:00
124244035;15453;2026-10-21 13:30;2026-10-10 03:00
124244035;15453;2026-10-21 13:45;2026-10-10 03:00
124244035;15453;2026-10-21 14:00;2026-10-10 03:00
124244035;15453;2026-10-21 14:15;2026-10-10 03:00
124244035;15453;2026-10-21 16:00;2026-10-10 03:00
124244035;15453;2026-10-21 16:15;2026-10-10 03:00
124244035;15453;2026-10-21 19:45;2026-10-10 03:00
124244035;15453;2026-10-22 09:30;2026-10-10 03:00
124244035;15453;2026-10-22 10:00;2026-10-10 03:00
124244035;15453;2026-10-22 10:15;2026-10-10 03:00
124244035;15453;2026-10-22 13:15;2026-10-10 03:00
124244035;15453;2026-10-26 08:45;2026-10-10 03:00
124244035;15453;2026-10-26 09:00;2026-10-10 03:00
124244035;15453;2026-10-26 09:15;2026-10-10 03:00
124244035;15453;2026-10-26 13:15;2026-10-10 03:00
124244035;15453;2026-10-27 13:30;2026-10-10 03:00
124244035;15453;2026-10-27 13:45;2026-10-10 03:00
124244035;15453;2026-10-27 14:00;2026-10-10 03:00
124244035;15453;2026-10-27 16:00;2026-10-10 03:00
124244035;15453;2026-10-27 16:15;2026-10-10 03:00
124244035;15453;2026-10-27 19:45;2026-10-10 03:00
124244035;15453;2026-10-28 08:30;2026-10-10 03:00
124244035;15453;2026-10-28 08:45;2026-10-10 03:00
124244035;15453;2026-10-28 09:30;2026-10-10 03:00
124244035;15453;2026-10-28 09:45;2026-10-10 03:00
124244035;15453;2026-10-28 10:00;2026-10-10 03:00
124244035;15453;2026-10-28 10:15;2026-10-10 03:00
124244035;15453;2026-10-28 13:15;2026-10-10 03:00
124244035;15453;2026-10-29 13:30;2026-10-10 03:00
124244035;15453;2026-10-29 16:00;2026-10-10 03:00
124244035;15453;2026-10-29 16:15;2026-10-10 03:00
124244035;15453;2026-10-29 19:45;2026-10-10 03:00
124244035;15453;2026-10-30 07:15;2026-10-10 03:00
124244035;15453;2026-10-30 08:30;2026-10-10 03:00
124244035;15453;2026-10-30 09:30;2026-10-10 03:00
124244035;15453;2026-10-30 09:45;2026-10-10 03:00
124244035;15453;2026-10-30 13:15;2026-10-10 03:00
124244035;15453;2026-11-03 13:30;2026-10-10 03:00
124244035;15453;2026-11-03 13:45;2026-10-10 03:00
124244035;15453;2026-11-03 16:00;2026-10-10 03:00
124244035;15453;2026-11-03 16:15;2026-10-10 03:00
124244035;15453;2026-11-03 19:45;2026-10-10 03:00
124244035;15453;2026-11-04 07:30;2026-10-10 03:00
124244035;15453;2026-11-04 07:45;2026-10-10 03:00
124244035;15453;2026-11-04 08:00;2026-10-10 03:00
124244035;15453;2026-11-04 08:30;2026-10-10 03:00
124244035;15453;2026-11-04 08:45;2026-10-10 03:00
124244035;15453;2026-11-04 09:30;2026-10-10 03:00
124244035;15453;2026-11-04 09:45;2026-10-10 03:00
124244035;15453;2026-11-04 10:00;2026-10-10 03:00
124244035;15453;2026-11-04 10:15;2026-10-10 03:00
124244035;15453;2026-11-04 13:15;2026-10-10 03:00
124244035;15453;2026-11-05 13:30;2026-10-10 03:00
124244035;15453;2026-11-05 16:00;2026-10-10 03:00
124244035;15453;2026-11-05 16:15;2026-10-10 03:00
124244035;15453;2026-11-05 19:45;2026-10-10 03:00
124244035;15453;2026-11-06 07:15;2026-10-10 03:00
124244035;15453;2026-11-06 07:30;2026-10-10 03:00
124244035;15453;2026-11-06 07:45;2026-10-10 03:00
124244035;15453;2026-11-06 09:30;2026-10-10 03:00
124244035;15453;2026-11-06 09:45;2026-10-10 03:00
124244035;15453;2026-11-06 13:15;2026-10-10 03:00
124244035;15453;2026-11-09 13:30;2026-10-10 03:00
124244035;15453;2026-11-09 13:45;2026-10-10 03:00
124244035;15453;2026-11-09 16:00;2026-10-10 03:00
124244035;15453;2026-11-09 16:15;2026-10-10 03:00
124244035;15453;2026-11-09 16:30;2026-10-10 03:00
124244035;15453;2026-11-09 16:45;2026-10-10 03:00
124244035;15453;2026-11-09 19:30;2026-10-10 03:00
124244035;15453;2026-11-09 19:45;2026-10-10 03:00
124244035;15453;2026-11-10 07:00;2026-10-10 03:00
124244035;15453;2026-11-10 07:15;2026-10-10 03:00
124244035;15453;2026-11-10 07:30;2026-10-10 03:00
124244035;15453;2026-11-10 07:45;2026-10-10 03:00
124244035;15453;2026-11-10 08:00;2026-10-10 03:00
124244035;15453;2026-11-10 08:30;2026-10-10 03:00
124244035;15453;2026-11-10 08:45;2026-10-10 03:00
124244035;15453;2026-11-10 09:00;2026-10-10 03:00
124244035;15453;2026-11-10 09:30;2026-10-10 03:00
124244035;15453;2026-11-10 10:00;2026-10-10 03:00
124244035;15453;2026-11-10 10:15;2026-10-10 03:00
124244035;15453;2026-11-10 11:45;2026-10-10 03:00
124244035;15453;2026-11-10 13:15;2026-10-10 03:00
124244035;12598;2026-10-12 16:00;2026-10-10 03:00
124244035;12598;2026-10-12 16:15;2026-10-10 03:00
124244035;12598;2026-10-12 16:30;2026-10-10 03:00
124244035;12598;2026-10-12 16:45;2026-10-10 03:00
124244035;12598;2026-10-13 08:45;2026-10-10 03:00
124244035;12598;2026-10-13 09:00;2026-10-10 03:00
124244035;12598;2026-10-13 09:30;2026-10-10 03:00
124244035;12598;2026-10-13 10:00;2026-10-10 03:00
124244035;12598;2026-10-13 10:15;2026-10-10 03:00
124244035;12598;2026-10-14 13:30;2026-10-10 03:00
124244035;12598;2026-10-14 14:30;2026-10-10 03:00
124244035;12598;2026-10-14 16:00;2026-10-10 03:00
124244035;12598;2026-10-15 08:30;2026-10-10 03:00
124244035;12598;2026-10-15 08:45;2026-10-10 03:00
124244035;12598;2026-10-15 09:00;2026-10-10 03:00
124244035;12598;2026-10-15 09:30;2026-10-10 03:00
124244035;12598;2026-10-15 09:45;2026-10-10 03:00
124244035;12598;2026-10-15 10:15;2026-10-10 03:00
124244035;12598;2026-10-15 12:15;2026-10-10 03:00
124244035;12598;2026-10-19 08:30;2026-10-10 03:00
124244035;12598;2026-10-19 08:45;2026-10-10 03:00
124244035;12598;2026-10-19 12:15;2026-10-10 03:00
124244035;12598;2026-10-20 13:30;2026-10-10 03:00
124244035;12598;2026-10-20 13:45;2026-10-10 03:00
124244035;12598;2026-10-20 14:30;2026-10-10 03:00
124244035;12598;2026-10-20 16:15;2026-10-10 03:00
124244035;12598;2026-10-21 08:30;2026-10-10 03:00
124244035;12598;2026-10-21 08:45;2026-10-10 03:00
124244035;12598;2026-10-21 09:30;2026-10-10 03:00
124244035;12598;2026-10-21 09:45;2026-10-10 03:00
124244035;12598;2026-10-21 10:15;2026-10-10 03:00
124244035;12598;2026-10-21 12:15;2026-10-10 03:00
124244035;12598;2026-10-22 13:30;2026-10-10 03:00
124244035;12598;2026-10-22 18:45;2026-10-10 03:00
124244035;12598;2026-10-23 07:30;2026-10-10 03:00
124244035;12598;2026-10-23 08:30;2026-10-10 03:00
124244035;12598;2026-10-23 08:45;2026-10-10 03:00
124244035;12598;2026-10-23 12:15;2026-10-10 03:00
124244035;12598;2026-10-26 16:00;2026-10-10 03:00
124244035;12598;2026-10-26 16:15;2026-10-10 03:00
124244035;12598;2026-10-26 16:30;2026-10-10 03:00
124244035;12598;2026-10-26 16:45;2026-10-10 03:00
124244035;12598;2026-10-26 18:30;2026-10-10 03:00
124244035;12598;2026-10-26 18:45;2026-10-10 03:00
124244035;12598;2026-10-27 07:00;2026-10-10 03:00
124244035;12598;2026-10-27 07:15;2026-10-10 03:00
124244035;12598;2026-10-27 07:45;2026-10-10 03:00
124244035;12598;2026-10-27 08:30;2026-10-10 03:00
124244035;12598;2026-10-27 08:45;2026-10-10 03:00
124244035;12598;2026-10-27 09:30;2026-10-10 03:00
124244035;12598;2026-10-27 09:45;2026-10-10 03:00
124244035;12598;2026-10-27 10:00;2026-10-10 03:00
124244035;12598;2026-10-27 10:15;2026-10-10 03:00
124244035;12598;2026-10-27 12:00;2026-10-10 03:00
124244035;12598;2026-10-27 12:15;2026-10-10 03:00
124244035;12598;2026-10-28 13:30;2026-10-10 03:00
124244035;12598;2026-10-28 13:45;2026-10-10 03:00
124244035;12598;2026-10-28 16:00;2026-10-10 03:00
124244035;12598;2026-10-28 16:15;2026-10-10 03:00
124244035;12598;2026-10-28 18:45;2026-10-10 03:00
124244035;12598;2026-10-29 07:00;2026-10-10 03:00
124244035;12598;2026-10-29 07:15;2026-10-10 03:00
124244035;12598;2026-10-29 07:30;2026-10-10 03:00
124244035;12598;2026-10-29 07:45;2026-10-10 03:00
124244035;12598;2026-10-29 08:00;2026-10-10 03:00
124244035;12598;2026-10-29 08:30;2026-10-10 03:00
124244035;12598;2026-10-29 08:45;2026-10-10 03:00
124244035;12598;2026-10-29 09:00;2026-10-10 03:00
124244035;12598;2026-10-29 09:30;2026-10-10 03:00
124244035;12598;2026-10-29 09:45;2026-10-10 03:00
124244035;12598;2026-10-29 10:00;2026-10-10 03:00
124244035;12598;2026-10-29 10:15;2026-10-10 03:00
124244035;12598;2026-10-29 12:15;2026-10-10 03:00
124244035;12598;2026-10-30 13:30;2026-10-10 03:00
124244035;12598;2026-10-30 13:45;2026-10-10 03:00
124244035;12598;2026-10-30 14:45;2026-10-10 03:00
124244035;12598;2026-10-30 15:00;2026-10-10 03:00
124244035;12598;2026-10-30 17:45;2026-10-10 03:00
124244035;12598;2026-10-30 18:15;2026-10-10 03:00
124244035;12598;2026-10-30 18:30;2026-10-10 03:00
124244035;12598;2026-10-30 18:45;2026-10-10 03:00
124244035;12598;2026-11-03 07:00;2026-10-10 03:00
124244035;12598;2026-11-03 07:15;2026-10-10 03:00
124244035;12598;2026-11-03 07:30;2026-10-10 03:00
124244035;12598;2026-11-03 07:45;2026-10-10 03:00
124244035;12598;2026-11-03 08:15;2026-10-10 03:00
124244035;12598;2026-11-03 08:30;2026-10-10 03:00
124244035;12598;2026-11-03 08:45;2026-10-10 03:00
124244035;12598;2026-11-03 09:30;2026-10-10 03:00
124244035;12598;2026-11-03 09:45;2026-10-10 03:00
124244035;12598;2026-11-03 10:00;2026-10-10 03:00
124244035;12598;2026-11-03 10:15;2026-10-10 03:00
124244035;12598;2026-11-03 12:15;2026-10-10 03:00
124244035;12598;2026-11-04 13:30;2026-10-10 03:00
124244035;12598;2026-11-04 13:45;2026-10-10 03:00
124244035;12598;2026-11-04 16:00;2026-10-10 03:00
124244035;12598;2026-11-04 16:15;2026-10-10 03:00
124244035;12598;2026-11-04 17:00;2026-10-10 03:00
124244035;12598;2026-11-04 17:15;2026-10-10 03:00
124244035;12598;2026-11-04 17:30;2026-10-10 03:00
124244035;12598;2026-11-04 17:45;2026-10-10 03:00
124244035;12598;2026-11-04 18:15;2026-10-10 03:00
124244035;12598;2026-11-04 18:30;2026-10-10 03:00
124244035;12598;2026-11-04 18:45;2026-10-10 03:00
124244035;12598;2026-11-05 07:00;2026-10-10 03:00
124244035;12598;2026-11-05 07:15;2026-10-10 03:00
124244035;12598;2026-11-05 07:30;2026-10-10 03:00
124244035;12598;2026-11-05 07:45;2026-10-10 03:00
124244035;12598;2026-11-05 08:00;2026-10-10 03:00
124244035;12598;2026-11-05 08:15;2026-10-10 03:00
124244035;12598;2026-11-05 08:45;2026-10-10 03:00
124244035;12598;2026-11-05 09:00;2026-10-10 03:00
124244035;12598;2026-11-05 09:15;2026-10-10 03:00
124244035;12598;2026-11-05 09:30;2026-10-10 03:00
124244035;12598;2026-11-05 09:45;2026-10-10 03:00
124244035;12598;2026-11-05 10:00;2026-10-10 03:00
124244035;12598;2026-11-05 10:15;2026-10-10 03:00
124244035;12598;2026-11-05 11:30;2026-10-10 03:00
124244035;12598;2026-11-05 11:45;2026-10-10 03:00
124244035;12598;2026-11-05 12:00;2026-10-10 03:00
124244035;12598;2026-11-05 12:15;2026-10-10 03:00
124244035;12598;2026-11-06 13:30;2026-10-10 03:00
124244035;12598;2026-11-06 13:45;2026-10-10 03:00
124244035;12598;2026-11-06 14:45;2026-10-10 03:00
124244035;12598;2026-11-06 15:00;2026-10-10 03:00
124244035;12598;2026-11-06 15:15;2026-10-10 03:00
124244035;12598;2026-11-06 17:00;2026-10-10 03:00
124244035;12598;2026-11-06 17:15;2026-10-10 03:00
124244035;12598;2026-11-06 17:30;2026-10-10 03:00
124244035;12598;2026-11-06 17:45;2026-10-10 03:00
124244035;12598;2026-11-06 18:00;2026-10-10 03:00
124244035;12598;2026-11-06 18:15;2026-10-10 03:00
124244035;12598;2026-11-06 18:30;2026-10-10 03:00
124244035;12598;2026-11-06 18:45;2026-10-10 03:00
124244035;12598;2026-11-09 07:00;2026-10-10 03:00
124244035;12598;2026-11-09 07:15;2026-10-10 03:00
124244035;12598;2026-11-09 07:30;2026-10-10 03:00
124244035;12598;2026-11-09 07:45;2026-10-10 03:00
124244035;12598;2026-11-09 08:00;2026-10-10 03:00
124244035;12598;2026-11-09 08:15;2026-10-10 03:00
124244035;12598;2026-11-09 08:30;2026-10-10 03:00
124244035;12598;2026-11-09 08:45;2026-10-10 03:00
124244035;12598;2026-11-09 12:00;2026-10-10 03:00
124244035;12598;2026-11-09 12:15;2026-10-10 03:00
124244035;12598;2026-11-10 13:30;2026-10-10 03:00
124244035;12598;2026-11-10 13:45;2026-10-10 03:00
124244035;12598;2026-11-10 14:00;2026-10-10 03:00
124244035;12598;2026-11-10 14:15;2026-10-10 03:00
124244035;12598;2026-11-10 14:30;2026-10-10 03:00
124244035;12598;2026-11-10 14:45;2026-10-10 03:00
124244035;12598;2026-11-10 15:00;2026-10-10 03:00
124244035;12598;2026-11-10 15:15;2026-10-10 03:00
124244035;12598;2026-11-10 16:15;2026-10-10 03:00
124244035;12598;2026-11-10 17:00;2026-10-10 03:00
124244035;12598;2026-11-10 17:15;2026-10-10 03:00
124244035;12598;2026-11-10 17:45;2026-10-10 03:00
124244035;12598;2026-11-10 18:15;2026-10-10 03:00
124244035;12598;2026-11-10 18:30;2026-10-10 03:00
124244035;12598;2026-11-10 18:45;2026-10-10 03:00
124244035;121232;2026-10-12 11:30;2026-10-10 03:00
124244035;121232;2026-10-13 14:15;2026-10-10 03:00
124244035;121232;2026-10-13 15:00;2026-10-10 03:00
124244035;121232;2026-10-13 17:30;2026-10-10 03:00
124244035;121232;2026-10-14 09:00;2026-10-10 03:00
124244035;121232;2026-10-14 10:45;2026-10-10 03:00
124244035;121232;2026-10-14 11:30;2026-10-10 03:00
124244035;121232;2026-10-15 14:15;2026-10-10 03:00
124244035;121232;2026-10-15 15:00;2026-10-10 03:00
124244035;121232;2026-10-15 17:30;2026-10-10 03:00
124244035;121232;2026-10-16 14:15;2026-10-10 03:00
124244035;121232;2026-10-16 15:00;2026-10-10 03:00
124244035;121232;2026-10-16 17:30;2026-10-10 03:00
124244035;121232;2026-10-19 08:45;2026-10-10 03:00
124244035;121232;2026-10-19 09:00;2026-10-10 03:00
124244035;121232;2026-10-19 10:45;2026-10-10 03:00
124244035;121232;2026-10-19 11:30;2026-10-10 03:00
124244035;121232;2026-10-20 14:15;2026-10-10 03:00
124244035;121232;2026-10-20 15:00;2026-10-10 03:00
124244035;121232;2026-10-20 17:30;2026-10-10 03:00
124244035;121232;2026-10-21 08:45;2026-10-10 03:00
124244035;121232;2026-10-21 09:00;2026-10-10 03:00
124244035;121232;2026-10-21 10:45;2026-10-10 03:00
124244035;121232;2026-10-21 11:30;2026-10-10 03:00
124244035;121232;2026-10-23 08:00;2026-10-10 03:00
124244035;121232;2026-10-23 08:15;2026-10-10 03:00
124244035;121232;2026-10-23 08:30;2026-10-10 03:00
124244035;121232;2026-10-23 09:00;2026-10-10 03:00
124244035;121232;2026-10-23 10:45;2026-10-10 03:00
124244035;121232;2026-10-26 07:00;2026-10-10 03:00
124244035;121232;2026-10-26 07:15;2026-10-10 03:00
124244035;121232;2026-10-26 07:45;2026-10-10 03:00
124244035;121232;2026-10-26 08:00;2026-10-10 03:00
124244035;121232;2026-10-26 08:45;2026-10-10 03:00
124244035;121232;2026-10-26 09:00;2026-10-10 03:00
124244035;121232;2026-10-26 09:15;2026-10-10 03:00
124244035;121232;2026-10-26 10:45;2026-10-10 03:00
124244035;121232;2026-10-26 11:00;2026-10-10 03:00
124244035;121232;2026-10-26 11:15;2026-10-10 03:00
124244035;121232;2026-10-26 11:30;2026-10-10 03:00
124244035;121232;2026-10-26 11:45;2026-10-10 03:00
124244035;121232;2026-10-27 13:45;2026-10-10 03:00
124244035;121232;2026-10-27 14:00;2026-10-10 03:00
124244035;121232;2026-10-27 14:15;2026-10-10 03:00
124244035;121232;2026-10-27 14:30;2026-10-10 03:00
124244035;121232;2026-10-27 14:45;2026-10-10 03:00
124244035;121232;2026-10-27 15:00;2026-10-10 03:00
124244035;121232;2026-10-27 15:15;2026-10-10 03:00
124244035;121232;2026-10-27 15:30;2026-10-10 03:00
124244035;121232;2026-10-27 15:45;2026-10-10 03:00
124244035;121232;2026-10-27 16:30;2026-10-10 03:00
124244035;121232;2026-10-27 16:45;2026-10-10 03:00
124244035;121232;2026-10-27 17:00;2026-10-10 03:00
124244035;121232;2026-10-27 17:15;2026-10-10 03:00
124244035;121232;2026-10-27 17:30;2026-10-10 03:00
124244035;121232;2026-10-27 17:45;2026-10-10 03:00
124244035;121232;2026-10-28 07:15;2026-10-10 03:00
124244035;121232;2026-10-28 07:45;2026-10-10 03:00
124244035;121232;2026-10-28 08:00;2026-10-10 03:00
124244035;121232;2026-10-28 08:15;2026-10-10 03:00
124244035;121232;2026-10-28 08:30;2026-10-10 03:00
124244035;121232;2026-10-28 08:45;2026-10-10 03:00
124244035;121232;2026-10-28 09:00;2026-10-10 03:00
124244035;121232;2026-10-28 09:15;2026-10-10 03:00
124244035;121232;2026-10-28 09:30;2026-10-10 03:00
124244035;121232;2026-10-28 09:45;2026-10-10 03:00
124244035;121232;2026-10-28 10:30;2026-10-10 03:00
124244035;121232;2026-10-28 10:45;2026-10-10 03:00
124244035;121232;2026-10-28 11:15;2026-10-10 03:00
124244035;121232;2026-10-28 11:30;2026-10-10 03:00
124244035;121232;2026-10-28 11:45;2026-10-10 03:00
124244035;121232;2026-10-28 12:00;2026-10-10 03:00
124244035;121232;2026-10-29 13:30;2026-10-10 03:00
124244035;121232;2026-10-29 13:45;2026-10-10 03:00
124244035;121232;2026-10-29 14:00;2026-10-10 03:00
124244035;121232;2026-10-29 14:15;2026-10-10 03:00
124244035;121232;2026-10-29 14:30;2026-10-10 03:00
124244035;121232;2026-10-29 14:45;2026-10-10 03:00
124244035;121232;2026-10-29 15:00;2026-10-10 03:00
124244035;121232;2026-10-29 15:15;2026-10-10 03:00
124244035;121232;2026-10-29 15:30;2026-10-10 03:00
124244035;121232;2026-10-29 15:45;2026-10-10 03:00
124244035;121232;2026-10-29 16:30;2026-10-10 03:00
124244035;121232;2026-10-29 17:00;2026-10-10 03:00
124244035;121232;2026-10-29 17:30;2026-10-10 03:00
124244035;121232;2026-10-29 17:45;2026-10-10 03:00
124244035;121232;2026-10-29 18:00;2026-10-10 03:00
124244035;121232;2026-10-30 13:30;2026-10-10 03:00
124244035;121232;2026-10-30 13:45;2026-10-10 03:00
124244035;121232;2026-10-30 14:00;2026-10-10 03:00
124244035;121232;2026-10-30 14:15;2026-10-10 03:00
124244035;121232;2026-10-30 14:30;2026-10-10 03:00
124244035;121232;2026-10-30 14:45;2026-10-10 03:00
124244035;121232;2026-10-30 15:00;2026-10-10 03:00
124244035;121232;2026-10-30 16:30;2026-10-10 03:00
124244035;121232;2026-10-30 16:45;2026-10-10 03:00
124244035;121232;2026-10-30 17:00;2026-10-10 03:00
124244035;121232;2026-10-30 17:15;2026-10-10 03:00
124244035;121232;2026-10-30 17:30;2026-10-10 03:00
124244035;121232;2026-10-30 17:45;2026-10-10 03:00
124244035;121232;2026-10-30 18:00;2026-10-10 03:00
124244035;121232;2026-10-30 18:30;2026-10-10 03:00
124244035;121232;2026-11-03 13:30;2026-10-10 03:00
124244035;121232;2026-11-03 14:00;2026-10-10 03:00
124244035;121232;2026-11-03 14:15;2026-10-10 03:00
124244035;121232;2026-11-03 14:45;2026-10-10 03:00
124244035;121232;2026-11-03 15:00;2026-10-10 03:00
124244035;121232;2026-11-03 15:15;2026-10-10 03:00
124244035;121232;2026-11-03 15:30;2026-10-10 03:00
124244035;121232;2026-11-03 15:45;2026-10-10 03:00
124244035;121232;2026-11-03 16:30;2026-10-10 03:00
124244035;121232;2026-11-03 17:00;2026-10-10 03:00
124244035;121232;2026-11-03 17:15;2026-10-10 03:00
124244035;121232;2026-11-03 17:30;2026-10-10 03:00
124244035;121232;2026-11-03 18:00;2026-10-10 03:00
124244035;121232;2026-11-03 18:30;2026-10-10 03:00
124244035;121232;2026-11-04 07:15;2026-10-10 03:00
124244035;121232;2026-11-04 08:00;2026-10-10 03:00
124244035;121232;2026-11-04 08:15;2026-10-10 03:00
124244035;121232;2026-11-04 08:30;2026-10-10 03:00
124244035;121232;2026-11-04 09:00;2026-10-10 03:00
124244035;121232;2026-11-04 09:15;2026-10-10 03:00
124244035;121232;2026-11-04 09:30;2026-10-10 03:00
124244035;121232;2026-11-04 09:45;2026-10-10 03:00
124244035;121232;2026-11-04 10:30;2026-10-10 03:00
124244035;121232;2026-11-04 10:45;2026-10-10 03:00
124244035;121232;2026-11-04 11:15;2026-10-10 03:00
124244035;121232;2026-11-04 11:30;2026-10-10 03:00
124244035;121232;2026-11-04 11:45;2026-10-10 03:00
124244035;121232;2026-11-05 13:45;2026-10-10 03:00
124244035;121232;2026-11-05 14:15;2026-10-10 03:00
124244035;121232;2026-11-05 14:30;2026-10-10 03:00
124244035;121232;2026-11-05 14:45;2026-10-10 03:00
124244035;121232;2026-11-05 15:00;2026-10-10 03:00
124244035;121232;2026-11-05 15:15;2026-10-10 03:00
124244035;121232;2026-11-05 15:30;2026-10-10 03:00
124244035;121232;2026-11-05 15:45;2026-10-10 03:00
124244035;121232;2026-11-05 16:30;2026-10-10 03:00
124244035;121232;2026-11-05 17:00;2026-10-10 03:00
124244035;121232;2026-11-05 17:15;2026-10-10 03:00
124244035;121232;2026-11-05 17:30;2026-10-10 03:00
124244035;121232;2026-11-05 17:45;2026-10-10 03:00
124244035;121232;2026-11-05 18:00;2026-10-10 03:00
124244035;121232;2026-11-09 07:00;2026-10-10 03:00
124244035;121232;2026-11-09 07:15;2026-10-10 03:00
124244035;121232;2026-11-09 07:45;2026-10-10 03:00
124244035;121232;2026-11-09 08:00;2026-10-10 03:00
124244035;121232;2026-11-09 08:15;2026-10-10 03:00
124244035;121232;2026-11-09 08:45;2026-10-10 03:00
124244035;121232;2026-11-09 09:00;2026-10-10 03:00
124244035;121232;2026-11-09 09:30;2026-10-10 03:00
124244035;121232;2026-11-09 09:45;2026-10-10 03:00
124244035;121232;2026-11-09 10:30;2026-10-10 03:00
124244035;121232;2026-11-09 10:45;2026-10-10 03:00
124244035;121232;2026-11-09 11:15;2026-10-10 03:00
124244035;121232;2026-11-09 11:30;2026-10-10 03:00
124244035;121232;2026-11-09 11:45;2026-10-10 03:00
124244035;121232;2026-11-10 13:30;2026-10-10 03:00
124244035;121232;2026-11-10 13:45;2026-10-10 03:00
124244035;121232;2026-11-10 14:15;2026-10-10 03:00
124244035;121232;2026-11-10 14:30;2026-10-10 03:00
124244035;121232;2026-11-10 14:45;2026-10-10 03:00
124244035;121232;2026-11-10 15:00;2026-10-10 03:00
124244035;121232;2026-11-10 15:15;2026-10-10 03:00
124244035;121232;2026-11-10 15:45;2026-10-10 03:00
124244035;121232;2026-11-10 16:30;2026-10-10 03:00
124244035;121232;2026-11-10 16:45;2026-10-10 03:00
124244035;121232;2026-11-10 17:00;2026-10-10 03:00
124244035;121232;2026-11-10 17:15;2026-10-10 03:00
124244035;121232;2026-11-10 17:30;2026-10-10 03:00
124244035;121232;2026-11-10 18:00;2026-10-10 03:00
124244035;121232;2026-11-10 18:30;2026-10-10 03:00
124244035;120021;2026-10-16 10:45;2026-10-10 03:00
124244035;120021;2026-10-16 11:30;2026-10-10 03:00
124244035;120021;2026-10-19 15:00;2026-10-10 03:00
124244035;120021;2026-10-19 16:45;2026-10-10 03:00
124244035;120021;2026-10-19 17:30;2026-10-10 03:00
124244035;120021;2026-10-20 09:00;2026-10-10 03:00
124244035;120021;2026-10-20 10:45;2026-10-10 03:00
124244035;120021;2026-10-20 11:30;2026-10-10 03:00
124244035;120021;2026-10-21 14:15;2026-10-10 03:00
124244035;120021;2026-10-21 15:00;2026-10-10 03:00
124244035;120021;2026-10-21 17:30;2026-10-10 03:00
124244035;120021;2026-10-22 09:00;2026-10-10 03:00
124244035;120021;2026-10-22 10:45;2026-10-10 03:00
124244035;120021;2026-10-22 11:30;2026-10-10 03:00
124244035;120021;2026-10-23 14:15;2026-10-10 03:00
124244035;120021;2026-10-23 15:00;2026-10-10 03:00
124244035;120021;2026-10-23 17:30;2026-10-10 03:00
124244035;120021;2026-10-26 08:45;2026-10-10 03:00
124244035;120021;2026-10-26 09:00;2026-10-10 03:00
124244035;120021;2026-10-26 10:45;2026-10-10 03:00
124244035;120021;2026-10-26 11:30;2026-10-10 03:00
124244035;120021;2026-10-27 14:15;2026-10-10 03:00
124244035;120021;2026-10-27 15:00;2026-10-10 03:00
124244035;120021;2026-10-27 15:45;2026-10-10 03:00
124244035;120021;2026-10-27 16:30;2026-10-10 03:00
124244035;120021;2026-10-27 17:30;2026-10-10 03:00
124244035;120021;2026-10-28 07:15;2026-10-10 03:00
124244035;120021;2026-10-28 08:00;2026-10-10 03:00
124244035;120021;2026-10-28 08:30;2026-10-10 03:00
124244035;120021;2026-10-28 08:45;2026-10-10 03:00
124244035;120021;2026-10-28 09:00;2026-10-10 03:00
124244035;120021;2026-10-28 09:30;2026-10-10 03:00
124244035;120021;2026-10-28 09:45;2026-10-10 03:00
124244035;120021;2026-10-28 10:30;2026-10-10 03:00
124244035;120021;2026-10-28 10:45;2026-10-10 03:00
124244035;120021;2026-10-28 11:00;2026-10-10 03:00
124244035;120021;2026-10-28 11:30;2026-10-10 03:00
124244035;120021;2026-10-28 11:45;2026-10-10 03:00
124244035;120021;2026-10-28 12:00;2026-10-10 03:00
124244035;120021;2026-10-29 13:30;2026-10-10 03:00
124244035;120021;2026-10-29 13:45;2026-10-10 03:00
124244035;120021;2026-10-29 14:00;2026-10-10 03:00
124244035;120021;2026-10-29 14:15;2026-10-10 03:00
124244035;120021;2026-10-29 14:30;2026-10-10 03:00
124244035;120021;2026-10-29 14:45;2026-10-10 03:00
124244035;120021;2026-10-29 15:00;2026-10-10 03:00
124244035;120021;2026-10-29 15:15;2026-10-10 03:00
124244035;120021;2026-10-29 15:30;2026-10-10 03:00
124244035;120021;2026-10-29 15:45;2026-10-10 03:00
124244035;120021;2026-10-29 16:30;2026-10-10 03:00
124244035;120021;2026-10-29 16:45;2026-10-10 03:00
124244035;120021;2026-10-29 17:15;2026-10-10 03:00
124244035;120021;2026-10-29 17:30;2026-10-10 03:00
124244035;120021;2026-10-29 18:00;2026-10-10 03:00
124244035;120021;2026-10-30 07:00;2026-10-10 03:00
124244035;120021;2026-10-30 07:15;2026-10-10 03:00
124244035;120021;2026-10-30 07:45;2026-10-10 03:00
124244035;120021;2026-10-30 08:15;2026-10-10 03:00
124244035;120021;2026-10-30 08:30;2026-10-10 03:00
124244035;120021;2026-10-30 08:45;2026-10-10 03:00
124244035;120021;2026-10-30 09:00;2026-10-10 03:00
124244035;120021;2026-10-30 09:15;2026-10-10 03:00
124244035;120021;2026-10-30 09:30;2026-10-10 03:00
124244035;120021;2026-10-30 09:45;2026-10-10 03:00
124244035;120021;2026-10-30 10:45;2026-10-10 03:00
124244035;120021;2026-10-30 11:00;2026-10-10 03:00
124244035;120021;2026-10-30 11:15;2026-10-10 03:00
124244035;120021;2026-10-30 11:30;2026-10-10 03:00
124244035;120021;2026-11-03 13:30;2026-10-10 03:00
124244035;120021;2026-11-03 13:45;2026-10-10 03:00
124244035;120021;2026-11-03 14:15;2026-10-10 03:00
124244035;120021;2026-11-03 14:30;2026-10-10 03:00
124244035;120021;2026-11-03 15:00;2026-10-10 03:00
124244035;120021;2026-11-03 15:15;2026-10-10 03:00
124244035;120021;2026-11-03 15:30;2026-10-10 03:00
124244035;120021;2026-11-03 15:45;2026-10-10 03:00
124244035;120021;2026-11-03 16:30;2026-10-10 03:00
124244035;120021;2026-11-03 17:00;2026-10-10 03:00
124244035;120021;2026-11-03 17:15;2026-10-10 03:00
124244035;120021;2026-11-03 17:30;2026-10-10 03:00
124244035;120021;2026-11-03 18:30;2026-10-10 03:00
124244035;120021;2026-11-04 07:00;2026-10-10 03:00
124244035;120021;2026-11-04 07:15;2026-10-10 03:00
124244035;120021;2026-11-04 07:45;2026-10-10 03:00
124244035;120021;2026-11-04 08:00;2026-10-10 03:00
124244035;120021;2026-11-04 08:15;2026-10-10 03:00
124244035;120021;2026-11-04 08:30;2026-10-10 03:00
124244035;120021;2026-11-04 09:00;2026-10-10 03:00
124244035;120021;2026-11-04 09:15;2026-10-10 03:00
124244035;120021;2026-11-04 09:45;2026-10-10 03:00
124244035;120021;2026-11-04 10:45;2026-10-10 03:00
124244035;120021;2026-11-04 11:15;2026-10-10 03:00
124244035;120021;2026-11-04 11:30;2026-10-10 03:00
124244035;120021;2026-11-04 12:00;2026-10-10 03:00
124244035;120021;2026-11-05 13:30;2026-10-10 03:00
124244035;120021;2026-11-05 13:45;2026-10-10 03:00
124244035;120021;2026-11-05 14:15;2026-10-10 03:00
124244035;120021;2026-11-05 14:30;2026-10-10 03:00
124244035;120021;2026-11-05 14:45;2026-10-10 03:00
124244035;120021;2026-11-05 15:00;2026-10-10 03:00
124244035;120021;2026-11-05 15:30;2026-10-10 03:00
124244035;120021;2026-11-05 15:45;2026-10-10 03:00
124244035;120021;2026-11-05 16:30;2026-10-10 03:00
124244035;120021;2026-11-05 16:45;2026-10-10 03:00
124244035;120021;2026-11-05 17:15;2026-10-10 03:00
124244035;120021;2026-11-05 17:30;2026-10-10 03:00
124244035;120021;2026-11-05 17:45;2026-10-10 03:00
124244035;120021;2026-11-05 18:30;2026-10-10 03:00
124244035;120021;2026-11-06 07:00;2026-10-10 03:00
124244035;120021;2026-11-06 07:15;2026-10-10 03:00
124244035;120021;2026-11-06 07:45;2026-10-10 03:00
124244035;120021;2026-11-06 08:00;2026-10-10 03:00
124244035;120021;2026-11-06 08:15;2026-10-10 03:00
124244035;120021;2026-11-06 08:45;2026-10-10 03:00
124244035;120021;2026-11-06 09:00;2026-10-10 03:00
124244035;120021;2026-11-06 09:30;2026-10-10 03:00
124244035;120021;2026-11-06 09:45;2026-10-10 03:00
124244035;120021;2026-11-06 10:30;2026-10-10 03:00
124244035;120021;2026-11-06 10:45;2026-10-10 03:00
124244035;120021;2026-11-06 11:30;2026-10-10 03:00
124244035;120021;2026-11-09 13:45;2026-10-10 03:00
124244035;120021;2026-11-09 14:15;2026-10-10 03:00
124244035;120021;2026-11-09 14:30;2026-10-10 03:00
124244035;120021;2026-11-09 15:00;2026-10-10 03:00
124244035;120021;2026-11-09 15:15;2026-10-10 03:00
124244035;120021;2026-11-09 15:30;2026-10-10 03:00
124244035;120021;2026-11-09 16:30;2026-10-10 03:00
124244035;120021;2026-11-09 16:45;2026-10-10 03:00
124244035;120021;2026-11-09 17:15;2026-10-10 03:00
124244035;120021;2026-11-09 17:30;2026-10-10 03:00
124244035;120021;2026-11-09 17:45;2026-10-10 03:00
124244035;120021;2026-11-09 18:30;2026-10-10 03:00
124244035;120021;2026-11-10 07:15;2026-10-10 03:00
124244035;120021;2026-11-10 07:45;2026-10-10 03:00
124244035;120021;2026-11-10 08:00;2026-10-10 03:00
124244035;120021;2026-11-10 08:15;2026-10-10 03:00
124244035;120021;2026-11-10 08:45;2026-10-10 03:00
124244035;120021;2026-11-10 09:00;2026-10-10 03:00
124244035;120021;2026-11-10 09:30;2026-10-10 03:00
124244035;120021;2026-11-10 09:45;2026-10-10 03:00
124244035;120021;2026-11-10 10:30;2026-10-10 03:00
124244035;120021;2026-11-10 10:45;2026-10-10 03:00
124244035;120021;2026-11-10 11:15;2026-10-10 03:00
124244035;120021;2026-11-10 11:30;2026-10-10 03:00
124244035;120021;2026-11-10 11:45;2026-10-10 03:00
124244035;120021;2026-11-10 12:00;2026-10-10 03:00
124244035;11112;2026-10-12 10:30;2026-10-10 03:00
124244035;11112;2026-10-12 11:30;2026-10-10 03:00
124244035;11112;2026-10-12 11:45;2026-10-10 03:00
124244035;11112;2026-10-13 14:00;2026-10-10 03:00
124244035;11112;2026-10-13 14:15;2026-10-10 03:00
124244035;11112;2026-10-13 15:00;2026-10-10 03:00
124244035;11112;2026-10-13 15:45;2026-10-10 03:00
124244035;11112;2026-10-13 17:30;2026-10-10 03:00
124244035;11112;2026-10-14 10:30;2026-10-10 03:00
124244035;11112;2026-10-14 11:30;2026-10-10 03:00
124244035;11112;2026-10-14 11:45;2026-10-10 03:00
124244035;11112;2026-10-15 14:00;2026-10-10 03:00
124244035;11112;2026-10-15 14:15;2026-10-10 03:00
124244035;11112;2026-10-15 15:00;2026-10-10 03:00
124244035;11112;2026-10-15 17:30;2026-10-10 03:00
124244035;11112;2026-10-16 09:00;2026-10-10 03:00
124244035;11112;2026-10-16 10:30;2026-10-10 03:00
124244035;11112;2026-10-16 11:30;2026-10-10 03:00
124244035;11112;2026-10-19 07:00;2026-10-10 03:00
124244035;11112;2026-10-19 07:30;2026-10-10 03:00
124244035;11112;2026-10-19 07:45;2026-10-10 03:00
124244035;11112;2026-10-19 08:15;2026-10-10 03:00
124244035;11112;2026-10-19 09:00;2026-10-10 03:00
124244035;11112;2026-10-19 09:15;2026-10-10 03:00
124244035;11112;2026-10-19 09:30;2026-10-10 03:00
124244035;11112;2026-10-19 09:45;2026-10-10 03:00
124244035;11112;2026-10-19 10:30;2026-10-10 03:00
124244035;11112;2026-10-19 11:30;2026-10-10 03:00
124244035;11112;2026-10-19 11:45;2026-10-10 03:00
124244035;11112;2026-10-20 14:00;2026-10-10 03:00
124244035;11112;2026-10-20 14:15;2026-10-10 03:00
124244035;11112;2026-10-20 14:30;2026-10-10 03:00
124244035;11112;2026-10-20 14:45;2026-10-10 03:00
124244035;11112;2026-10-20 15:00;2026-10-10 03:00
124244035;11112;2026-10-20 15:15;2026-10-10 03:00
124244035;11112;2026-10-20 15:30;2026-10-10 03:00
124244035;11112;2026-10-20 15:45;2026-10-10 03:00
124244035;11112;2026-10-20 16:00;2026-10-10 03:00
124244035;11112;2026-10-20 16:15;2026-10-10 03:00
124244035;11112;2026-10-20 17:00;2026-10-10 03:00
124244035;11112;2026-10-20 17:15;2026-10-10 03:00
124244035;11112;2026-10-20 17:30;2026-10-10 03:00
124244035;11112;2026-10-20 17:45;2026-10-10 03:00
124244035;11112;2026-10-20 18:00;2026-10-10 03:00
124244035;11112;2026-10-21 07:15;2026-10-10 03:00
124244035;11112;2026-10-21 07:30;2026-10-10 03:00
124244035;11112;2026-10-21 07:45;2026-10-10 03:00
124244035;11112;2026-10-21 08:00;2026-10-10 03:00
124244035;11112;2026-10-21 08:15;2026-10-10 03:00
124244035;11112;2026-10-21 08:30;2026-10-10 03:00
124244035;11112;2026-10-21 09:00;2026-10-10 03:00
124244035;11112;2026-10-21 09:15;2026-10-10 03:00
124244035;11112;2026-10-21 09:30;2026-10-10 03:00
124244035;11112;2026-10-21 09:45;2026-10-10 03:00
124244035;11112;2026-10-21 10:00;2026-10-10 03:00
124244035;11112;2026-10-21 10:15;2026-10-10 03:00
124244035;11112;2026-10-21 10:30;2026-10-10 03:00
124244035;11112;2026-10-21 11:30;2026-10-10 03:00
124244035;11112;2026-10-21 11:45;2026-10-10 03:00
124244035;11112;2026-10-22 15:45;2026-10-10 03:00
124244035;11112;2026-10-22 16:00;2026-10-10 03:00
124244035;11112;2026-10-22 16:15;2026-10-10 03:00
124244035;11112;2026-10-22 17:00;2026-10-10 03:00
124244035;11112;2026-10-22 17:15;2026-10-10 03:00
124244035;11112;2026-10-22 17:30;2026-10-10 03:00
124244035;11112;2026-10-22 17:45;2026-10-10 03:00
124244035;11112;2026-10-22 18:00;2026-10-10 03:00
124244035;11112;2026-10-22 18:15;2026-10-10 03:00
124244035;11112;2026-10-22 18:30;2026-10-10 03:00
124244035;11112;2026-10-22 18:45;2026-10-10 03:00
124244035;11112;2026-10-22 19:15;2026-10-10 03:00
124244035;11112;2026-10-22 19:30;2026-10-10 03:00
124244035;11112;2026-10-22 19:45;2026-10-10 03:00
124244035;11112;2026-10-23 07:00;2026-10-10 03:00
124244035;11112;2026-10-23 07:15;2026-10-10 03:00
124244035;11112;2026-10-23 07:30;2026-10-10 03:00
124244035;11112;2026-10-23 08:00;2026-10-10 03:00
124244035;11112;2026-10-23 08:15;2026-10-10 03:00
124244035;11112;2026-10-23 09:00;2026-10-10 03:00
124244035;11112;2026-10-23 09:15;2026-10-10 03:00
124244035;11112;2026-10-23 09:30;2026-10-10 03:00
124244035;11112;2026-10-23 09:45;2026-10-10 03:00
124244035;11112;2026-10-23 10:15;2026-10-10 03:00
124244035;11112;2026-10-23 10:30;2026-10-10 03:00
124244035;11112;2026-10-23 11:30;2026-10-10 03:00
124244035;11112;2026-10-23 12:00;2026-10-10 03:00
124244035;11112;2026-10-26 07:30;2026-10-10 03:00
124244035;11112;2026-10-26 07:45;2026-10-10 03:00
124244035;11112;2026-10-26 08:15;2026-10-10 03:00
124244035;11112;2026-10-26 08:30;2026-10-10 03:00
124244035;11112;2026-10-26 09:00;2026-10-10 03:00
124244035;11112;2026-10-26 09:15;2026-10-10 03:00
124244035;11112;2026-10-26 09:30;2026-10-10 03:00
124244035;11112;2026-10-26 09:45;2026-10-10 03:00
124244035;11112;2026-10-26 10:00;2026-10-10 03:00
124244035;11112;2026-10-26 10:15;2026-10-10 03:00
124244035;11112;2026-10-26 10:30;2026-10-10 03:00
124244035;11112;2026-10-26 11:30;2026-10-10 03:00
124244035;11112;2026-10-26 11:45;2026-10-10 03:00
124244035;11112;2026-10-26 12:00;2026-10-10 03:00
124244035;11112;2026-10-27 13:30;2026-10-10 03:00
124244035;11112;2026-10-27 14:00;2026-10-10 03:00
124244035;11112;2026-10-27 14:15;2026-10-10 03:00
124244035;11112;2026-10-27 14:30;2026-10-10 03:00
124244035;11112;2026-10-27 14:45;2026-10-10 03:00
124244035;11112;2026-10-27 15:00;2026-10-10 03:00
124244035;11112;2026-10-27 15:15;2026-10-10 03:00
124244035;11112;2026-10-27 15:30;2026-10-10 03:00
124244035;11112;2026-10-27 15:45;2026-10-10 03:00
124244035;11112;2026-10-27 16:00;2026-10-10 03:00
124244035;11112;2026-10-27 16:15;2026-10-10 03:00
124244035;11112;2026-10-27 17:00;2026-10-10 03:00
124244035;11112;2026-10-27 17:15;2026-10-10 03:00
124244035;11112;2026-10-27 17:30;2026-10-10 03:00
124244035;11112;2026-10-27 17:45;2026-10-10 03:00
124244035;11112;2026-10-27 18:00;2026-10-10 03:00
124244035;11112;2026-10-27 18:15;2026-10-10 03:00
124244035;11112;2026-10-27 18:30;2026-10-10 03:00
124244035;11112;2026-10-28 07:00;2026-10-10 03:00
124244035;11112;2026-10-28 07:15;2026-10-10 03:00
124244035;11112;2026-10-28 07:30;2026-10-10 03:00
124244035;11112;2026-10-28 07:45;2026-10-10 03:00
124244035;11112;2026-10-28 08:00;2026-10-10 03:00
124244035;11112;2026-10-28 08:15;2026-10-10 03:00
124244035;11112;2026-10-28 08:30;2026-10-10 03:00
124244035;11112;2026-10-28 08:45;2026-10-10 03:00
124244035;11112;2026-10-28 09:00;2026-10-10 03:00
124244035;11112;2026-10-28 09:15;2026-10-10 03:00
124244035;11112;2026-10-28 09:30;2026-10-10 03:00
124244035;11112;2026-10-28 09:45;2026-10-10 03:00
124244035;11112;2026-10-28 10:00;2026-10-10 03:00
124244035;11112;2026-10-28 10:15;2026-10-10 03:00
124244035;11112;2026-10-28 10:30;2026-10-10 03:00
124244035;11112;2026-10-28 11:30;2026-10-10 03:00
124244035;11112;2026-10-28 11:45;2026-10-10 03:00
124244035;11112;2026-10-28 12:00;2026-10-10 03:00
124244035;11112;2026-10-29 14:00;2026-10-10 03:00
124244035;11112;2026-10-29 14:15;2026-10-10 03:00
124244035;11112;2026-10-29 15:00;2026-10-10 03:00
124244035;11112;2026-10-29 15:15;2026-10-10 03:00
124244035;11112;2026-10-29 15:30;2026-10-10 03:00
124244035;11112;2026-10-29 15:45;2026-10-10 03:00
124244035;11112;2026-10-29 16:00;2026-10-10 03:00
124244035;11112;2026-10-29 16:15;2026-10-10 03:00
124244035;11112;2026-10-29 17:00;2026-10-10 03:00
124244035;11112;2026-10-29 17:15;2026-10-10 03:00
124244035;11112;2026-10-29 17:30;2026-10-10 03:00
124244035;11112;2026-10-29 17:45;2026-10-10 03:00
124244035;11112;2026-10-29 18:00;2026-10-10 03:00
124244035;11112;2026-10-29 18:15;2026-10-10 03:00
124244035;11112;2026-10-29 18:30;2026-10-10 03:00
124244035;11112;2026-10-30 14:15;2026-10-10 03:00
124244035;11112;2026-10-30 14:30;2026-10-10 03:00
124244035;11112;2026-10-30 14:45;2026-10-10 03:00
124244035;11112;2026-10-30 15:00;2026-10-10 03:00
124244035;11112;2026-10-30 15:15;2026-10-10 03:00
124244035;11112;2026-10-30 15:30;2026-10-10 03:00
124244035;11112;2026-10-30 15:45;2026-10-10 03:00
124244035;11112;2026-10-30 16:00;2026-10-10 03:00
124244035;11112;2026-10-30 16:15;2026-10-10 03:00
124244035;11112;2026-10-30 17:00;2026-10-10 03:00
124244035;11112;2026-10-30 17:15;2026-10-10 03:00
124244035;11112;2026-10-30 17:30;2026-10-10 03:00
124244035;11112;2026-10-30 17:45;2026-10-10 03:00
124244035;11112;2026-10-30 18:00;2026-10-10 03:00
124244035;11112;2026-10-30 18:15;2026-10-10 03:00
124244035;11112;2026-10-30 18:30;2026-10-10 03:00
124244035;11112;2026-11-03 14:00;2026-10-10 03:00
124244035;11112;2026-11-03 14:15;2026-10-10 03:00
124244035;11112;2026-11-03 14:30;2026-10-10 03:00
124244035;11112;2026-11-03 14:45;2026-10-10 03:00
124244035;11112;2026-11-03 15:00;2026-10-10 03:00
124244035;11112;2026-11-03 15:15;2026-10-10 03:00
124244035;11112;2026-11-03 15:30;2026-10-10 03:00
124244035;11112;2026-11-03 15:45;2026-10-10 03:00
124244035;11112;2026-11-03 16:00;2026-10-10 03:00
124244035;11112;2026-11-03 16:15;2026-10-10 03:00
124244035;11112;2026-11-03 17:00;2026-10-10 03:00
124244035;11112;2026-11-03 17:15;2026-10-10 03:00
124244035;11112;2026-11-03 17:30;2026-10-10 03:00
124244035;11112;2026-11-03 17:45;2026-10-10 03:00
124244035;11112;2026-11-03 18:00;2026-10-10 03:00
124244035;11112;2026-11-03 18:15;2026-10-10 03:00
124244035;11112;2026-11-03 18:30;2026-10-10 03:00
124244035;11112;2026-11-04 07:15;2026-10-10 03:00
124244035;11112;2026-11-04 07:30;2026-10-10 03:00
124244035;11112;2026-11-04 07:45;2026-10-10 03:00
124244035;11112;2026-11-04 08:00;2026-10-10 03:00
124244035;11112;2026-11-04 08:15;2026-10-10 03:00
124244035;11112;2026-11-04 08:30;2026-10-10 03:00
124244035;11112;2026-11-04 08:45;2026-10-10 03:00
124244035;11112;2026-11-04 09:00;2026-10-10 03:00
124244035;11112;2026-11-04 09:15;2026-10-10 03:00
124244035;11112;2026-11-04 09:30;2026-10-10 03:00
124244035;11112;2026-11-04 09:45;2026-10-10 03:00
124244035;11112;2026-11-04 10:00;2026-10-10 03:00
124244035;11112;2026-11-04 10:30;2026-10-10 03:00
124244035;11112;2026-11-04 10:45;2026-10-10 03:00
124244035;11112;2026-11-04 11:30;2026-10-10 03:00
124244035;11112;2026-11-04 11:45;2026-10-10 03:00
124244035;11112;2026-11-05 15:00;2026-10-10 03:00
124244035;11112;2026-11-05 15:15;2026-10-10 03:00
124244035;11112;2026-11-05 15:30;2026-10-10 03:00
124244035;11112;2026-11-05 15:45;2026-10-10 03:00
124244035;11112;2026-11-05 16:00;2026-10-10 03:00
124244035;11112;2026-11-05 16:15;2026-10-10 03:00
124244035;11112;2026-11-05 17:00;2026-10-10 03:00
124244035;11112;2026-11-05 17:15;2026-10-10 03:00
124244035;11112;2026-11-05 17:30;2026-10-10 03:00
124244035;11112;2026-11-05 17:45;2026-10-10 03:00
124244035;11112;2026-11-05 18:00;2026-10-10 03:00
124244035;11112;2026-11-05 18:15;2026-10-10 03:00
124244035;11112;2026-11-05 18:30;2026-10-10 03:00
124244035;11112;2026-11-05 18:45;2026-10-10 03:00
124244035;11112;2026-11-05 19:00;2026-10-10 03:00
124244035;11112;2026-11-05 19:15;2026-10-10 03:00
124244035;11112;2026-11-05 19:30;2026-10-10 03:00
124244035;11112;2026-11-06 13:30;2026-10-10 03:00
124244035;11112;2026-11-06 14:15;2026-10-10 03:00
124244035;11112;2026-11-06 14:30;2026-10-10 03:00
124244035;11112;2026-11-06 15:00;2026-10-10 03:00
124244035;11112;2026-11-06 15:15;2026-10-10 03:00
124244035;11112;2026-11-06 15:45;2026-10-10 03:00
124244035;11112;2026-11-06 16:00;2026-10-10 03:00
124244035;11112;2026-11-06 16:15;2026-10-10 03:00
124244035;11112;2026-11-06 17:00;2026-10-10 03:00
124244035;11112;2026-11-06 17:15;2026-10-10 03:00
124244035;11112;2026-11-06 17:30;2026-10-10 03:00
124244035;11112;2026-11-06 17:45;2026-10-10 03:00
124244035;11112;2026-11-06 18:00;2026-10-10 03:00
124244035;11112;2026-11-06 18:15;2026-10-10 03:00
124244035;11112;2026-11-06 18:30;2026-10-10 03:00
124244035;11112;2026-11-09 07:00;2026-10-10 03:00
124244035;11112;2026-11-09 07:15;2026-10-10 03:00
124244035;11112;2026-11-09 07:30;2026-10-10 03:00
124244035;11112;2026-11-09 07:45;2026-10-10 03:00
124244035;11112;2026-11-09 08:00;2026-10-10 03:00
124244035;11112;2026-11-09 08:15;2026-10-10 03:00
124244035;11112;2026-11-09 08:30;2026-10-10 03:00
124244035;11112;2026-11-09 08:45;2026-10-10 03:00
124244035;11112;2026-11-09 09:00;2026-10-10 03:00
124244035;11112;2026-11-09 09:15;2026-10-10 03:00
124244035;11112;2026-11-09 09:30;2026-10-10 03:00
124244035;11112;2026-11-09 09:45;2026-10-10 03:00
124244035;11112;2026-11-09 10:00;2026-10-10 03:00
124244035;11112;2026-11-09 10:15;2026-10-10 03:00
124244035;11112;2026-11-09 10:30;2026-10-10 03:00
124244035;11112;2026-11-09 10:45;2026-10-10 03:00
124244035;11112;2026-11-09 11:30;2026-10-10 03:00
124244035;11112;2026-11-09 11:45;2026-10-10 03:00
124244035;11112;2026-11-09 12:00;2026-10-10 03:00
124244035;11112;2026-11-10 13:30;2026-10-10 03:00
124244035;11112;2026-11-10 13:45;2026-10-10 03:00
124244035;11112;2026-11-10 14:00;2026-10-10 03:00
124244035;11112;2026-11-10 14:15;2026-10-10 03:00
124244035;11112;2026-11-10 14:30;2026-10-10 03:00
124244035;11112;2026-11-10 14:45;2026-10-10 03:00
124244035;11112;2026-11-10 15:00;2026-10-10 03:00
124244035;11112;2026-11-10 15:15;2026-10-10 03:00
124244035;11112;2026-11-10 15:30;2026-10-10 03:00
124244035;11112;2026-11-10 15:45;2026-10-10 03:00
124244035;11112;2026-11-10 16:00;2026-10-10 03:00
124244035;11112;2026-11-10 16:15;2026-10-10 03:00
124244035;11112;2026-11-10 17:00;2026-10-10 03:00
124244035;11112;2026-11-10 17:15;2026-10-10 03:00
124244035;11112;2026-11-10 17:30;2026-10-10 03:00
124244035;11112;2026-11-10 17:45;2026-10-10 03:00
124244035;11112;2026-11-10 18:00;2026-10-10 03:00
124244035;11112;2026-11-10 18:15;2026-10-10 03:00
124244035;11112;2026-11-10 18:30;2026-10-10 03:00
124244035;10209;2026-10-12 08:45;2026-10-10 03:00
124244035;10209;2026-10-12 10:45;2026-10-10 03:00
124244035;10209;2026-10-13 14:15;2026-10-10 03:00
124244035;10209;2026-10-13 15:00;2026-10-10 03:00
124244035;10209;2026-10-13 15:30;2026-10-10 03:00
124244035;10209;2026-10-13 17:30;2026-10-10 03:00
124244035;10209;2026-10-14 09:00;2026-10-10 03:00
124244035;10209;2026-10-14 10:45;2026-10-10 03:00
124244035;10209;2026-10-14 11:30;2026-10-10 03:00
124244035;10209;2026-10-14 12:00;2026-10-10 03:00
124244035;10209;2026-10-15 14:15;2026-10-10 03:00
124244035;10209;2026-10-15 15:00;2026-10-10 03:00
124244035;10209;2026-10-15 17:30;2026-10-10 03:00
124244035;10209;2026-10-16 09:00;2026-10-10 03:00
124244035;10209;2026-10-16 10:45;2026-10-10 03:00
124244035;10209;2026-10-16 11:30;2026-10-10 03:00
124244035;10209;2026-10-19 14:15;2026-10-10 03:00
124244035;10209;2026-10-19 15:00;2026-10-10 03:00
124244035;10209;2026-10-19 15:30;2026-10-10 03:00
124244035;10209;2026-10-19 16:45;2026-10-10 03:00
124244035;10209;2026-10-19 17:00;2026-10-10 03:00
124244035;10209;2026-10-19 17:30;2026-10-10 03:00
124244035;10209;2026-10-19 17:45;2026-10-10 03:00
124244035;10209;2026-10-19 18:00;2026-10-10 03:00
124244035;10209;2026-10-19 18:30;2026-10-10 03:00
124244035;10209;2026-10-20 07:15;2026-10-10 03:00
124244035;10209;2026-10-20 07:45;2026-10-10 03:00
124244035;10209;2026-10-20 08:00;2026-10-10 03:00
124244035;10209;2026-10-20 08:15;2026-10-10 03:00
124244035;10209;2026-10-20 08:30;2026-10-10 03:00
124244035;10209;2026-10-20 09:00;2026-10-10 03:00
124244035;10209;2026-10-20 10:45;2026-10-10 03:00
124244035;10209;2026-10-20 11:30;2026-10-10 03:00
124244035;10209;2026-10-21 14:15;2026-10-10 03:00
124244035;10209;2026-10-21 15:00;2026-10-10 03:00
124244035;10209;2026-10-21 15:15;2026-10-10 03:00
124244035;10209;2026-10-21 15:30;2026-10-10 03:00
124244035;10209;2026-10-21 16:45;2026-10-10 03:00
124244035;10209;2026-10-21 17:00;2026-10-10 03:00
124244035;10209;2026-10-21 17:30;2026-10-10 03:00
124244035;10209;2026-10-21 18:00;2026-10-10 03:00
124244035;10209;2026-10-21 18:30;2026-10-10 03:00
124244035;10209;2026-10-22 07:00;2026-10-10 03:00
124244035;10209;2026-10-22 07:15;2026-10-10 03:00
124244035;10209;2026-10-22 07:45;2026-10-10 03:00
124244035;10209;2026-10-22 08:00;2026-10-10 03:00
124244035;10209;2026-10-22 08:15;2026-10-10 03:00
124244035;10209;2026-10-22 08:30;2026-10-10 03:00
124244035;10209;2026-10-22 09:00;2026-10-10 03:00
124244035;10209;2026-10-22 09:30;2026-10-10 03:00
124244035;10209;2026-10-22 09:45;2026-10-10 03:00
124244035;10209;2026-10-22 10:30;2026-10-10 03:00
124244035;10209;2026-10-22 10:45;2026-10-10 03:00
124244035;10209;2026-10-22 11:30;2026-10-10 03:00
124244035;10209;2026-10-22 11:45;2026-10-10 03:00
124244035;10209;2026-10-23 14:00;2026-10-10 03:00
124244035;10209;2026-10-23 14:15;2026-10-10 03:00
124244035;10209;2026-10-23 14:30;2026-10-10 03:00
124244035;10209;2026-10-23 14:45;2026-10-10 03:00
124244035;10209;2026-10-23 15:00;2026-10-10 03:00
124244035;10209;2026-10-23 15:45;2026-10-10 03:00
124244035;10209;2026-10-23 16:45;2026-10-10 03:00
124244035;10209;2026-10-23 17:00;2026-10-10 03:00
124244035;10209;2026-10-23 17:15;2026-10-10 03:00
124244035;10209;2026-10-23 17:30;2026-10-10 03:00
124244035;10209;2026-10-23 17:45;2026-10-10 03:00
124244035;10209;2026-10-23 18:00;2026-10-10 03:00
124244035;10209;2026-10-23 18:30;2026-10-10 03:00
124244035;10209;2026-10-26 07:15;2026-10-10 03:00
124244035;10209;2026-10-26 07:45;2026-10-10 03:00
124244035;10209;2026-10-26 08:00;2026-10-10 03:00
124244035;10209;2026-10-26 08:15;2026-10-10 03:00
124244035;10209;2026-10-26 08:45;2026-10-10 03:00
124244035;10209;2026-10-26 09:00;2026-10-10 03:00
124244035;10209;2026-10-26 09:45;2026-10-10 03:00
124244035;10209;2026-10-26 10:30;2026-10-10 03:00
124244035;10209;2026-10-26 10:45;2026-10-10 03:00
124244035;10209;2026-10-26 11:15;2026-10-10 03:00
124244035;10209;2026-10-26 11:30;2026-10-10 03:00
124244035;10209;2026-10-26 11:45;2026-10-10 03:00
124244035;10209;2026-10-27 13:45;2026-10-10 03:00
124244035;10209;2026-10-27 14:00;2026-10-10 03:00
124244035;10209;2026-10-27 14:15;2026-10-10 03:00
124244035;10209;2026-10-27 14:30;2026-10-10 03:00
124244035;10209;2026-10-27 14:45;2026-10-10 03:00
124244035;10209;2026-10-27 15:00;2026-10-10 03:00
124244035;10209;2026-10-27 15:15;2026-10-10 03:00
124244035;10209;2026-10-27 15:30;2026-10-10 03:00
124244035;10209;2026-10-27 15:45;2026-10-10 03:00
124244035;10209;2026-10-27 16:30;2026-10-10 03:00
124244035;10209;2026-10-27 17:15;2026-10-10 03:00
124244035;10209;2026-10-27 17:30;2026-10-10 03:00
124244035;10209;2026-10-27 17:45;2026-10-10 03:00
124244035;10209;2026-10-27 18:30;2026-10-10 03:00
124244035;10209;2026-10-28 07:00;2026-10-10 03:00
124244035;10209;2026-10-28 07:15;2026-10-10 03:00
124244035;10209;2026-10-28 07:45;2026-10-10 03:00
124244035;10209;2026-10-28 08:00;2026-10-10 03:00
124244035;10209;2026-10-28 08:15;2026-10-10 03:00
124244035;10209;2026-10-28 08:30;2026-10-10 03:00
124244035;10209;2026-10-28 09:00;2026-10-10 03:00
124244035;10209;2026-10-28 09:15;2026-10-10 03:00
124244035;10209;2026-10-28 10:45;2026-10-10 03:00
124244035;10209;2026-10-28 11:00;2026-10-10 03:00
124244035;10209;2026-10-28 11:15;2026-10-10 03:00
124244035;10209;2026-10-28 11:30;2026-10-10 03:00
124244035;10209;2026-10-28 11:45;2026-10-10 03:00
124244035;10209;2026-10-28 12:00;2026-10-10 03:00
124244035;10209;2026-11-03 14:15;2026-10-10 03:00
124244035;10209;2026-11-03 14:30;2026-10-10 03:00
124244035;10209;2026-11-03 14:45;2026-10-10 03:00
124244035;10209;2026-11-03 15:00;2026-10-10 03:00
124244035;10209;2026-11-03 15:30;2026-10-10 03:00
124244035;10209;2026-11-03 16:45;2026-10-10 03:00
124244035;10209;2026-11-03 17:15;2026-10-10 03:00
124244035;10209;2026-11-03 17:30;2026-10-10 03:00
124244035;10209;2026-11-03 18:00;2026-10-10 03:00
124244035;10209;2026-11-03 18:30;2026-10-10 03:00
124244035;10209;2026-11-04 07:00;2026-10-10 03:00
124244035;10209;2026-11-04 07:15;2026-10-10 03:00
124244035;10209;2026-11-04 07:45;2026-10-10 03:00
124244035;10209;2026-11-04 08:15;2026-10-10 03:00
124244035;10209;2026-11-04 08:30;2026-10-10 03:00
124244035;10209;2026-11-04 08:45;2026-10-10 03:00
124244035;10209;2026-11-04 09:00;2026-10-10 03:00
124244035;10209;2026-11-04 09:30;2026-10-10 03:00
124244035;10209;2026-11-04 09:45;2026-10-10 03:00
124244035;10209;2026-11-04 10:30;2026-10-10 03:00
124244035;10209;2026-11-04 10:45;2026-10-10 03:00
124244035;10209;2026-11-04 11:00;2026-10-10 03:00
124244035;10209;2026-11-04 11:30;2026-10-10 03:00
124244035;10209;2026-11-04 11:45;2026-10-10 03:00
124244035;10209;2026-11-04 12:00;2026-10-10 03:00
124244035;10209;2026-11-05 13:30;2026-10-10 03:00
124244035;10209;2026-11-05 14:00;2026-10-10 03:00
124244035;10209;2026-11-05 14:15;2026-10-10 03:00
124244035;10209;2026-11-05 14:30;2026-10-10 03:00
124244035;10209;2026-11-05 14:45;2026-10-10 03:00
124244035;10209;2026-11-05 15:00;2026-10-10 03:00
124244035;10209;2026-11-05 15:30;2026-10-10 03:00
124244035;10209;2026-11-05 15:45;2026-10-10 03:00
124244035;10209;2026-11-05 16:30;2026-10-10 03:00
124244035;10209;2026-11-05 16:45;2026-10-10 03:00
124244035;10209;2026-11-05 17:15;2026-10-10 03:00
124244035;10209;2026-11-05 17:30;2026-10-10 03:00
124244035;10209;2026-11-05 17:45;2026-10-10 03:00
124244035;10209;2026-11-05 18:00;2026-10-10 03:00
124244035;10209;2026-11-05 18:30;2026-10-10 03:00
124244035;10209;2026-11-06 07:00;2026-10-10 03:00
124244035;10209;2026-11-06 07:15;2026-10-10 03:00
124244035;10209;2026-11-06 08:15;2026-10-10 03:00
124244035;10209;2026-11-06 08:30;2026-10-10 03:00
124244035;10209;2026-11-06 09:00;2026-10-10 03:00
124244035;10209;2026-11-06 09:30;2026-10-10 03:00
124244035;10209;2026-11-06 09:45;2026-10-10 03:00
124244035;10209;2026-11-06 10:30;2026-10-10 03:00
124244035;10209;2026-11-06 10:45;2026-10-10 03:00
124244035;10209;2026-11-06 11:15;2026-10-10 03:00
124244035;10209;2026-11-06 11:30;2026-10-10 03:00
124244035;10209;2026-11-09 13:30;2026-10-10 03:00
124244035;10209;2026-11-09 14:00;2026-10-10 03:00
124244035;10209;2026-11-09 14:15;2026-10-10 03:00
124244035;10209;2026-11-09 14:45;2026-10-10 03:00
124244035;10209;2026-11-09 15:00;2026-10-10 03:00
124244035;10209;2026-11-09 15:15;2026-10-10 03:00
124244035;10209;2026-11-09 15:45;2026-10-10 03:00
124244035;10209;2026-11-09 16:30;2026-10-10 03:00
124244035;10209;2026-11-09 16:45;2026-10-10 03:00
124244035;10209;2026-11-09 17:00;2026-10-10 03:00
124244035;10209;2026-11-09 17:15;2026-10-10 03:00
124244035;10209;2026-11-09 17:30;2026-10-10 03:00
124244035;10209;2026-11-09 18:00;2026-10-10 03:00
124244035;10209;2026-11-09 18:30;2026-10-10 03:00
124244035;10209;2026-11-10 07:00;2026-10-10 03:00
124244035;10209;2026-11-10 07:15;2026-10-10 03:00
124244035;10209;2026-11-10 07:45;2026-10-10 03:00
124244035;10209;2026-11-10 08:00;2026-10-10 03:00
124244035;10209;2026-11-10 08:15;2026-10-10 03:00
124244035;10209;2026-11-10 08:45;2026-10-10 03:00
124244035;10209;2026-11-10 09:00;2026-10-10 03:00
124244035;10209;2026-11-10 09:30;2026-10-10 03:00
124244035;10209;2026-11-10 09:45;2026-10-10 03:00
124244035;10209;2026-11-10 10:45;2026-10-10 03:00
124244035;10209;2026-11-10 11:00;2026-10-10 03:00
124244035;10209;2026-11-10 11:30;2026-10-10 03:00
124244035;10209;2026-11-10 11:45;2026-10-10 03:00
124244035;10209;2026-11-10 12:00;2026-10-10 03:00
